"concept_id_1","concept_id_2","Patient.Count","Event.Count","concept_name.y","concept_name.x"
378427,45557293,9931574,29427932,"Dry eye syndrome of bilateral lacrimal glands","Tear film insufficiency"
439297,45596049,5061579,17255409,"Age-related nuclear cataract, left eye","Nuclear senile cataract"
439297,45600888,5044072,17015404,"Age-related nuclear cataract, right eye","Nuclear senile cataract"
376400,45605645,2358295,7356825,"Combined forms of age-related cataract, left eye","Combined form of senile cataract"
376400,45557378,2333700,7233810,"Combined forms of age-related cataract, right eye","Combined form of senile cataract"
376966,37200405,471394,5933863,"Exudative age-related macular degeneration, right eye, with active choroidal neovascularization","Exudative age-related macular degeneration"
376966,37200410,463746,5806529,"Exudative age-related macular degeneration, left eye, with active choroidal neovascularization","Exudative age-related macular degeneration"
35624213,45567018,2446673,5570820,"Other secondary cataract, right eye","Secondary cataract"
35624213,45547846,2418724,5501241,"Other secondary cataract, left eye","Secondary cataract"
379010,45538268,1384800,4914862,"Puckering of macula, left eye","Epiretinal membrane"
379010,45605675,1345895,4772408,"Puckering of macula, right eye","Epiretinal membrane"
320420,45600927,1915633,4496706,"Vitreous degeneration, right eye","Vitreous degeneration"
36684613,45547788,1803429,4476429,"Dermatochalasis of right upper eyelid","Dermatochalasis of right upper eyelid"
320420,45557433,1704406,3971785,"Vitreous degeneration, left eye","Vitreous degeneration"
36684676,45571861,1623250,3946478,"Dermatochalasis of left upper eyelid","Dermatochalasis of left upper eyelid"
380706,45552720,1808728,3709347,"Regular astigmatism, unspecified eye","Regular astigmatism"
378427,45542948,1029449,2571749,"Dry eye syndrome of unspecified lacrimal gland","Tear film insufficiency"
378424,45562273,987956,2304413,"Unspecified astigmatism, unspecified eye","Astigmatism"
380706,45557465,1321431,2189406,"Regular astigmatism, right eye","Regular astigmatism"
380706,45562274,1309456,2162567,"Regular astigmatism, left eye","Regular astigmatism"
378425,45605578,998035,1961069,"Unspecified blepharitis right upper eyelid","Blepharitis"
372629,37200388,377125,1927796,"Nonexudative age-related macular degeneration, left eye, intermediate dry stage","Nonexudative age-related macular degeneration"
372629,37200382,377807,1923719,"Nonexudative age-related macular degeneration, right eye, intermediate dry stage","Nonexudative age-related macular degeneration"
376707,45591248,1345678,1864808,"Unspecified acute conjunctivitis, left eye","Acute conjunctivitis"
376707,45552586,1337630,1847801,"Unspecified acute conjunctivitis, right eye","Acute conjunctivitis"
432895,45552638,839088,1830152,"Cortical age-related cataract, left eye","Cortical senile cataract"
432895,45591297,829803,1801310,"Cortical age-related cataract, right eye","Cortical senile cataract"
4312493,45539436,752854,1770094,"Injury of conjunctiva and corneal abrasion without foreign body, right eye, initial encounter","Corneal abrasion"
4335891,45539436,752854,1770094,"Injury of conjunctiva and corneal abrasion without foreign body, right eye, initial encounter","Injury of conjunctiva"
379805,45567094,1067788,1765564,"Myopia, right eye","Myopia"
4312493,45553828,744431,1760143,"Injury of conjunctiva and corneal abrasion without foreign body, left eye, initial encounter","Corneal abrasion"
4335891,45553828,744431,1760143,"Injury of conjunctiva and corneal abrasion without foreign body, left eye, initial encounter","Injury of conjunctiva"
43530685,37200222,151714,1643552,"Type 2 diabetes mellitus with proliferative diabetic retinopathy with macular edema, right eye","Proliferative retinopathy due to type 2 diabetes mellitus"
45770830,37200222,151714,1643552,"Type 2 diabetes mellitus with proliferative diabetic retinopathy with macular edema, right eye","Macular edema and retinopathy due to type 2 diabetes mellitus"
43530685,37200223,150080,1612585,"Type 2 diabetes mellitus with proliferative diabetic retinopathy with macular edema, left eye","Proliferative retinopathy due to type 2 diabetes mellitus"
45770830,37200223,150080,1612585,"Type 2 diabetes mellitus with proliferative diabetic retinopathy with macular edema, left eye","Macular edema and retinopathy due to type 2 diabetes mellitus"
376415,45600958,994045,1611991,"Hypermetropia, right eye","Hypermetropia"
435262,37200432,395344,1590471,"Primary open-angle glaucoma, left eye, moderate stage","Primary open angle glaucoma"
435262,37200425,410034,1576432,"Primary open-angle glaucoma, right eye, mild stage","Primary open angle glaucoma"
379805,45586506,964730,1564042,"Myopia, left eye","Myopia"
435262,37200426,383372,1534965,"Primary open-angle glaucoma, right eye, moderate stage","Primary open angle glaucoma"
376415,45591388,918689,1474961,"Hypermetropia, left eye","Hypermetropia"
378425,45538155,718732,1464496,"Unspecified blepharitis unspecified eye, unspecified eyelid","Blepharitis"
36713126,45557265,780487,1449245,"Unspecified blepharitis left upper eyelid","Blepharitis of left eyelid"
37164927,45571845,714980,1426557,"Squamous blepharitis right upper eyelid","Seborrheic blepharitis of upper eyelid"
374044,45595982,567346,1411002,"Unspecified ptosis of bilateral eyelids","Ptosis of eyelid"
435262,37200431,367758,1398196,"Primary open-angle glaucoma, left eye, mild stage","Primary open angle glaucoma"
316127,45547902,667591,1325369,"Other vitreous opacities, right eye","Vitreous opacities"
315276,45600926,271527,1294469,"Vitreous hemorrhage, left eye","Vitreous hemorrhage"
379805,45567093,726976,1294458,"Myopia, unspecified eye","Myopia"
379031,45567104,765320,1279754,"Ocular pain, left eye","Pain in eye"
315276,45596103,267083,1261552,"Vitreous hemorrhage, right eye","Vitreous hemorrhage"
316127,45571986,623564,1248302,"Other vitreous opacities, left eye","Vitreous opacities"
378425,45547774,636106,1245377,"Unspecified blepharitis right lower eyelid","Blepharitis"
435262,37200433,252782,1239095,"Primary open-angle glaucoma, left eye, severe stage","Primary open angle glaucoma"
379031,45543091,739262,1223769,"Ocular pain, right eye","Pain in eye"
378425,45586331,588345,1220018,"Unspecified blepharitis right eye, unspecified eyelid","Blepharitis"
435262,37200427,248567,1205399,"Primary open-angle glaucoma, right eye, severe stage","Primary open angle glaucoma"
378427,45538179,545011,1196869,"Dry eye syndrome of right lacrimal gland","Tear film insufficiency"
4030035,45557405,265320,1176760,"Macular cyst, hole, or pseudohole, right eye","Macular retinal cyst"
4030035,45557406,263743,1163992,"Macular cyst, hole, or pseudohole, left eye","Macular retinal cyst"
378427,45566939,530206,1161175,"Dry eye syndrome of left lacrimal gland","Tear film insufficiency"
378756,45552592,751732,1151625,"Conjunctival hemorrhage, left eye","Conjunctival hemorrhage"
380097,37200206,117994,1150690,"Type 2 diabetes mellitus with moderate nonproliferative diabetic retinopathy with macular edema, right eye","Macular edema due to diabetes mellitus"
45770881,37200206,117994,1150690,"Type 2 diabetes mellitus with moderate nonproliferative diabetic retinopathy with macular edema, right eye","Moderate nonproliferative retinopathy due to type 2 diabetes mellitus"
378756,45552591,733110,1120196,"Conjunctival hemorrhage, right eye","Conjunctival hemorrhage"
375393,45553785,565261,1116138,"Laceration without foreign body of left eyelid and periocular area, initial encounter","Laceration of skin of eyelid AND periocular area"
372629,37200381,399954,1113751,"Nonexudative age-related macular degeneration, right eye, early dry stage","Nonexudative age-related macular degeneration"
380097,37200207,111753,1090707,"Type 2 diabetes mellitus with moderate nonproliferative diabetic retinopathy with macular edema, left eye","Macular edema due to diabetes mellitus"
45770881,37200207,111753,1090707,"Type 2 diabetes mellitus with moderate nonproliferative diabetic retinopathy with macular edema, left eye","Moderate nonproliferative retinopathy due to type 2 diabetes mellitus"
36713126,45586332,561455,1076255,"Unspecified blepharitis left lower eyelid","Blepharitis of left eyelid"
37164927,45557267,559983,1069942,"Squamous blepharitis left upper eyelid","Seborrheic blepharitis of upper eyelid"
439297,45557377,515268,1050661,"Age-related nuclear cataract, unspecified eye","Nuclear senile cataract"
372629,37200387,373978,1048570,"Nonexudative age-related macular degeneration, left eye, early dry stage","Nonexudative age-related macular degeneration"
376966,37200406,199206,1040682,"Exudative age-related macular degeneration, right eye, with inactive choroidal neovascularization","Exudative age-related macular degeneration"
376966,37200411,198862,1040547,"Exudative age-related macular degeneration, left eye, with inactive choroidal neovascularization","Exudative age-related macular degeneration"
375393,45544192,527958,1037132,"Laceration without foreign body of right eyelid and periocular area, initial encounter","Laceration of skin of eyelid AND periocular area"
376115,45538267,215883,1025551,"Cystoid macular degeneration, right eye","Cystoid macular retinal degeneration"
4339013,37200367,103284,1016204,"Tributary (branch) retinal vein occlusion, right eye, with macular edema","Branch retinal vein occlusion with macular edema"
376115,45533308,213858,1008692,"Cystoid macular degeneration, left eye","Cystoid macular retinal degeneration"
37164929,45547775,477365,969503,"Squamous blepharitis right lower eyelid","Seborrheic blepharitis of right lower eyelid"
4339013,37200370,98801,968916,"Tributary (branch) retinal vein occlusion, left eye, with macular edema","Branch retinal vein occlusion with macular edema"
438749,45538241,435606,966565,"Posterior subcapsular polar age-related cataract, right eye","Posterior subcapsular polar senile cataract"
438749,45547840,415780,925116,"Posterior subcapsular polar age-related cataract, left eye","Posterior subcapsular polar senile cataract"
380111,45581571,503763,842725,"Acute atopic conjunctivitis, unspecified eye","Acute atopic conjunctivitis"
36713126,45538154,414323,829251,"Unspecified blepharitis left eye, unspecified eyelid","Blepharitis of left eyelid"
4339010,37200358,73292,816307,"Central retinal vein occlusion, left eye, with macular edema","Central retinal vein occlusion with macular edema"
37164930,45557268,413045,813873,"Squamous blepharitis left lower eyelid","Seborrheic blepharitis of left lower eyelid"
4339010,37200355,72471,787847,"Central retinal vein occlusion, right eye, with macular edema","Central retinal vein occlusion with macular edema"
374025,45547875,307967,785212,"Retinal hemorrhage, right eye","Retinal hemorrhage"
374025,45567047,300161,770084,"Retinal hemorrhage, left eye","Retinal hemorrhage"
376707,45533217,554693,746480,"Unspecified acute conjunctivitis, unspecified eye","Acute conjunctivitis"
201826,37200205,191248,741391,"Type 2 diabetes mellitus with mild nonproliferative diabetic retinopathy without macular edema, unspecified eye","Type 2 diabetes mellitus"
45757435,37200205,191248,741391,"Type 2 diabetes mellitus with mild nonproliferative diabetic retinopathy without macular edema, unspecified eye","Mild nonproliferative retinopathy due to type 2 diabetes mellitus"
201826,37200202,273764,730451,"Type 2 diabetes mellitus with mild nonproliferative diabetic retinopathy without macular edema, right eye","Type 2 diabetes mellitus"
45757435,37200202,273764,730451,"Type 2 diabetes mellitus with mild nonproliferative diabetic retinopathy without macular edema, right eye","Mild nonproliferative retinopathy due to type 2 diabetes mellitus"
376415,45596129,441077,719320,"Hypermetropia, unspecified eye","Hypermetropia"
380097,37200198,96401,717123,"Type 2 diabetes mellitus with mild nonproliferative diabetic retinopathy with macular edema, right eye","Macular edema due to diabetes mellitus"
45757435,37200198,96401,717123,"Type 2 diabetes mellitus with mild nonproliferative diabetic retinopathy with macular edema, right eye","Mild nonproliferative retinopathy due to type 2 diabetes mellitus"
4131963,45605674,349807,713248,"Drusen (degenerative) of macula, right eye","Drusen stage macular degeneration"
45763763,45581526,371648,709480,"Chalazion left upper eyelid","Chalazion of upper eyelid"
45763763,45600816,370261,705999,"Chalazion right upper eyelid","Chalazion of upper eyelid"
4131963,45596073,343251,698796,"Drusen (degenerative) of macula, left eye","Drusen stage macular degeneration"
381570,45581537,290252,691818,"Mechanical ptosis of bilateral eyelids","Mechanical ptosis"
201826,37200203,253237,662788,"Type 2 diabetes mellitus with mild nonproliferative diabetic retinopathy without macular edema, left eye","Type 2 diabetes mellitus"
45757435,37200203,253237,662788,"Type 2 diabetes mellitus with mild nonproliferative diabetic retinopathy without macular edema, left eye","Mild nonproliferative retinopathy due to type 2 diabetes mellitus"
380097,37200199,87149,656732,"Type 2 diabetes mellitus with mild nonproliferative diabetic retinopathy with macular edema, left eye","Macular edema due to diabetes mellitus"
45757435,37200199,87149,656732,"Type 2 diabetes mellitus with mild nonproliferative diabetic retinopathy with macular edema, left eye","Mild nonproliferative retinopathy due to type 2 diabetes mellitus"
45763778,45538152,438179,648778,"Hordeolum externum left upper eyelid","Hordeolum externum of upper eyelid"
45763778,45581525,437006,646740,"Hordeolum externum right upper eyelid","Hordeolum externum of upper eyelid"
4291304,45576638,327198,640878,"Dermatochalasis of unspecified eye, unspecified eyelid","Dermatosis of eyelid"
381290,45576740,200060,640323,"Ocular hypertension, right eye","Ocular hypertension"
381569,45571859,244747,629930,"Myogenic ptosis of bilateral eyelids","Myogenic ptosis"
381290,45591333,196438,627329,"Ocular hypertension, left eye","Ocular hypertension"
4246581,45562123,223504,622582,"Trichiasis without entropion right lower eyelid","Malposition of eyelashes"
3663197,45600916,235908,619863,"Preglaucoma, unspecified, unspecified eye","Glaucoma suspect"
4246581,45533183,218032,611461,"Trichiasis without entropion left lower eyelid","Malposition of eyelashes"
378424,45562271,406693,604059,"Unspecified astigmatism, right eye","Astigmatism"
45763759,45595971,327670,594417,"Chalazion left lower eyelid","Chalazion of lower eyelid"
381017,45581706,265415,586328,"Refractive amblyopia, left eye","Refractive amblyopia"
43530656,37200214,57811,578895,"Type 2 diabetes mellitus with severe nonproliferative diabetic retinopathy with macular edema, right eye","Nonproliferative retinopathy due to type 2 diabetes mellitus"
4290822,37200214,57811,578895,"Type 2 diabetes mellitus with severe nonproliferative diabetic retinopathy with macular edema, right eye","Severe nonproliferative retinopathy with clinically significant macular edema due to diabetes mellitus"
604749,45562235,228752,574447,"Open angle with borderline findings, low risk, right eye","Open angle glaucoma suspect"
45763759,45547772,313523,572305,"Chalazion right lower eyelid","Chalazion of lower eyelid"
378424,45562272,386335,572006,"Unspecified astigmatism, left eye","Astigmatism"
4023310,45552723,154365,567355,"Blindness, one eye, unspecified eye","Blindness AND/OR vision impairment level"
374044,45533189,241370,564392,"Unspecified ptosis of left eyelid","Ptosis of eyelid"
45763846,45538153,382133,558956,"Hordeolum externum left lower eyelid","Hordeolum externum of lower eyelid"
43530685,37200246,132170,558578,"Type 2 diabetes mellitus with proliferative diabetic retinopathy without macular edema, right eye","Proliferative retinopathy due to type 2 diabetes mellitus"
201826,37200246,132170,558578,"Type 2 diabetes mellitus with proliferative diabetic retinopathy without macular edema, right eye","Type 2 diabetes mellitus"
43530685,37200247,129632,540431,"Type 2 diabetes mellitus with proliferative diabetic retinopathy without macular edema, left eye","Proliferative retinopathy due to type 2 diabetes mellitus"
201826,37200247,129632,540431,"Type 2 diabetes mellitus with proliferative diabetic retinopathy without macular edema, left eye","Type 2 diabetes mellitus"
43530656,37200215,54055,534528,"Type 2 diabetes mellitus with severe nonproliferative diabetic retinopathy with macular edema, left eye","Nonproliferative retinopathy due to type 2 diabetes mellitus"
4290822,37200215,54055,534528,"Type 2 diabetes mellitus with severe nonproliferative diabetic retinopathy with macular edema, left eye","Severe nonproliferative retinopathy with clinically significant macular edema due to diabetes mellitus"
604749,45557409,212171,534429,"Open angle with borderline findings, low risk, left eye","Open angle glaucoma suspect"
45763846,45586328,362842,529597,"Hordeolum externum right lower eyelid","Hordeolum externum of lower eyelid"
45757571,45572017,47510,527412,"Blindness, one eye, low vision other eye, unspecified eyes","Bilateral visual impairment"
376422,45591245,386807,518796,"Other mucopurulent conjunctivitis, right eye","Mucopurulent conjunctivitis"
374044,45533188,220965,513357,"Unspecified ptosis of right eyelid","Ptosis of eyelid"
376981,45552722,215390,510614,"Unspecified amblyopia, left eye","Amblyopia"
376422,45591246,376400,502888,"Other mucopurulent conjunctivitis, left eye","Mucopurulent conjunctivitis"
36712705,45605694,146624,486196,"Vitreomacular adhesion, left eye","Vitreomacular adhesion of left eye"
381017,45567099,218482,478103,"Refractive amblyopia, right eye","Refractive amblyopia"
36684646,45595979,194108,476224,"Senile ectropion of right lower eyelid","Senile ectropion of right lower eyelid"
376966,37200412,94673,475420,"Exudative age-related macular degeneration, left eye, with inactive scar","Exudative age-related macular degeneration"
36684711,45542931,192700,467101,"Senile ectropion of left lower eyelid","Senile ectropion of left lower eyelid"
376966,37200407,93962,464620,"Exudative age-related macular degeneration, right eye, with inactive scar","Exudative age-related macular degeneration"
381444,45568216,290835,462602,"Contusion of eyeball and orbital tissues, left eye, initial encounter","Contusion of eye"
380403,45591210,320975,452600,"Hordeolum externum unspecified eye, unspecified eyelid","External hordeolum"
4246581,45552561,169513,448641,"Trichiasis without entropion right upper eyelid","Malposition of eyelashes"
4291304,45595987,219645,423346,"Dermatochalasis of right eye, unspecified eyelid","Dermatosis of eyelid"
381444,45563390,266963,421912,"Contusion of eyeball and orbital tissues, right eye, initial encounter","Contusion of eye"
4219836,45602048,277869,420370,"Contusion of left eyelid and periocular area, initial encounter","Contusion of ocular adnexa and periocular tissues"
4164640,45562286,187853,420073,"Unqualified visual loss, right eye, normal vision left eye","Blind right eye"
4164639,45562287,190694,419438,"Unqualified visual loss, left eye, normal vision right eye","Blind left eye"
376981,45533355,176961,417396,"Unspecified amblyopia, right eye","Amblyopia"
45763845,45605577,253866,415918,"Hordeolum internum right upper eyelid","Internal hordeolum of upper eyelid"
4246581,45562124,155000,412323,"Trichiasis without entropion left upper eyelid","Malposition of eyelashes"
439303,45552665,132825,411279,"Horseshoe tear of retina without detachment, right eye","Horseshoe retinal tear without detachment"
36712706,45586473,126658,409222,"Vitreomacular adhesion, right eye","Vitreomacular adhesion of right eye"
312622,37200369,109669,409039,"Tributary (branch) retinal vein occlusion, right eye, stable","Venous retinal branch occlusion"
439303,45567035,130757,407805,"Horseshoe tear of retina without detachment, left eye","Horseshoe retinal tear without detachment"
37109050,1595584,221666,402833,"Meibomian gland dysfunction right eye, upper and lower eyelids","Meibomian gland dysfunction of right eye"
312622,37200372,108508,401253,"Tributary (branch) retinal vein occlusion, left eye, stable","Venous retinal branch occlusion"
433471,45543028,73319,400881,"Retinal neovascularization, unspecified, left eye","Retinal neovascularization"
604749,45557410,174081,395857,"Open angle with borderline findings, low risk, unspecified eye","Open angle glaucoma suspect"
45773210,45552554,238609,394444,"Hordeolum internum right lower eyelid","Internal hordeolum of lower eyelid"
375265,45586387,211879,393973,"Punctate keratitis, left eye","Superficial punctate keratitis"
376966,37200404,99485,392393,"Exudative age-related macular degeneration, right eye, stage unspecified","Exudative age-related macular degeneration"
433471,45533302,72741,392285,"Retinal neovascularization, unspecified, right eye","Retinal neovascularization"
45773210,45533178,235831,382290,"Hordeolum internum left lower eyelid","Internal hordeolum of lower eyelid"
4219836,45563338,254925,381917,"Contusion of right eyelid and periocular area, initial encounter","Contusion of ocular adnexa and periocular tissues"
45763845,45591211,237258,376674,"Hordeolum internum left upper eyelid","Internal hordeolum of upper eyelid"
380111,45605606,267027,376084,"Acute atopic conjunctivitis, right eye","Acute atopic conjunctivitis"
432312,45581658,191537,375068,"Anatomical narrow angle, right eye","Chronic angle-closure glaucoma"
380111,45581572,263010,368257,"Acute atopic conjunctivitis, left eye","Acute atopic conjunctivitis"
432312,45571964,186270,365629,"Anatomical narrow angle, left eye","Chronic angle-closure glaucoma"
375552,45596011,144149,363309,"Unspecified pterygium of left eye","Pterygium"
376966,37200409,88762,362801,"Exudative age-related macular degeneration, left eye, stage unspecified","Exudative age-related macular degeneration"
4312493,45582799,122533,359486,"Injury of conjunctiva and corneal abrasion without foreign body, left eye, subsequent encounter","Corneal abrasion"
4335891,45582799,122533,359486,"Injury of conjunctiva and corneal abrasion without foreign body, left eye, subsequent encounter","Injury of conjunctiva"
375552,45566962,144113,359339,"Unspecified pterygium of right eye","Pterygium"
4312493,45553827,122940,358131,"Injury of conjunctiva and corneal abrasion without foreign body, right eye, subsequent encounter","Corneal abrasion"
4335891,45553827,122940,358131,"Injury of conjunctiva and corneal abrasion without foreign body, right eye, subsequent encounter","Injury of conjunctiva"
375265,45547821,194086,357193,"Punctate keratitis, right eye","Superficial punctate keratitis"
4265749,1595585,198699,357106,"Meibomian gland dysfunction left eye, upper and lower eyelids","Meibomian gland dysfunction"
381295,45591300,84754,341080,"Age-related cataract, morgagnian type, right eye","Senile cataract"
4130588,45591300,84754,341080,"Age-related cataract, morgagnian type, right eye","Morgagnian cataract"
372629,37200390,89134,340352,"Nonexudative age-related macular degeneration, left eye, advanced atrophic with subfoveal involvement","Nonexudative age-related macular degeneration"
319016,45591328,136727,335849,"Lattice degeneration of retina, left eye","Retinal lattice degeneration"
372629,37200384,87897,333332,"Nonexudative age-related macular degeneration, right eye, advanced atrophic with subfoveal involvement","Nonexudative age-related macular degeneration"
4335874,1595554,184817,325598,"Squamous blepharitis right eye, upper and lower eyelids","Seborrheic blepharitis"
4009187,45557459,123530,322488,"Vertical strabismus, right eye","Manifest vertical squint"
372629,37200383,102390,321935,"Nonexudative age-related macular degeneration, right eye, advanced atrophic without subfoveal involvement","Nonexudative age-related macular degeneration"
381295,45600889,79525,319721,"Age-related cataract, morgagnian type, left eye","Senile cataract"
4130588,45600889,79525,319721,"Age-related cataract, morgagnian type, left eye","Morgagnian cataract"
4055484,45562223,92082,317251,"Unspecified retinal detachment with retinal break, right eye","Rhegmatogenous retinal detachment"
379031,45543090,214712,316500,"Ocular pain, unspecified eye","Pain in eye"
3663197,45596080,119554,313082,"Preglaucoma, unspecified, right eye","Glaucoma suspect"
46273180,45533291,87016,312838,"Retinal detachment with single break, right eye","Retinal detachment with single break"
372629,37200380,123092,312058,"Nonexudative age-related macular degeneration, right eye, stage unspecified","Nonexudative age-related macular degeneration"
320420,45576756,170928,307870,"Vitreous degeneration, unspecified eye","Vitreous degeneration"
42535528,1595550,177863,307617,"Unspecified blepharitis right eye, upper and lower eyelids","Blepharitis of right eyelid"
373202,45538212,78315,306654,"Unspecified corneal ulcer, left eye","Corneal ulcer"
201826,37200210,93662,303725,"Type 2 diabetes mellitus with moderate nonproliferative diabetic retinopathy without macular edema, right eye","Type 2 diabetes mellitus"
45770881,37200210,93662,303725,"Type 2 diabetes mellitus with moderate nonproliferative diabetic retinopathy without macular edema, right eye","Moderate nonproliferative retinopathy due to type 2 diabetes mellitus"
372907,45543018,112744,303122,"Macula scars of posterior pole (postinflammatory) (post-traumatic), left eye","Scarred macula"
319016,45586447,123780,303096,"Lattice degeneration of retina, right eye","Retinal lattice degeneration"
372629,37200389,91588,301680,"Nonexudative age-related macular degeneration, left eye, advanced atrophic without subfoveal involvement","Nonexudative age-related macular degeneration"
4009187,45533349,114695,299882,"Vertical strabismus, left eye","Manifest vertical squint"
375552,45605610,125600,296276,"Unspecified pterygium of eye, bilateral","Pterygium"
4103749,45547822,135721,295839,"Keratoconjunctivitis sicca, not specified as Sjogren's, right eye","Keratoconjunctivitis sicca (excluding Sjögren syndrome)"
372907,45547849,110681,294590,"Macula scars of posterior pole (postinflammatory) (post-traumatic), right eye","Scarred macula"
374649,45576789,121030,294410,"Strabismic amblyopia, left eye","Strabismic amblyopia"
316127,45591360,170465,293425,"Other vitreous opacities, unspecified eye","Vitreous opacities"
375249,45538258,66350,293032,"Traction detachment of retina, left eye","Traction detachment of retina"
4103749,45600864,134455,292467,"Keratoconjunctivitis sicca, not specified as Sjogren's, left eye","Keratoconjunctivitis sicca (excluding Sjögren syndrome)"
4055484,45576718,85515,292384,"Unspecified retinal detachment with retinal break, left eye","Rhegmatogenous retinal detachment"
373202,45586384,75119,290858,"Unspecified corneal ulcer, right eye","Corneal ulcer"
372629,37200398,125033,290831,"Nonexudative age-related macular degeneration, unspecified eye, stage unspecified","Nonexudative age-related macular degeneration"
375551,45566925,143131,288196,"Blepharochalasis right upper eyelid","Blepharochalasis"
375249,45576727,64848,285652,"Traction detachment of retina, right eye","Traction detachment of retina"
46273180,45571947,78921,282932,"Retinal detachment with single break, left eye","Retinal detachment with single break"
201826,37200211,88364,282505,"Type 2 diabetes mellitus with moderate nonproliferative diabetic retinopathy without macular edema, left eye","Type 2 diabetes mellitus"
45770881,37200211,88364,282505,"Type 2 diabetes mellitus with moderate nonproliferative diabetic retinopathy without macular edema, left eye","Moderate nonproliferative retinopathy due to type 2 diabetes mellitus"
373487,45571996,73485,282342,"Ischemic optic neuropathy, right eye","Ischemic optic neuropathy"
316126,45591359,99917,282241,"Crystalline deposits in vitreous body, left eye","Crystalline deposits in vitreous"
373487,45581686,73155,277274,"Ischemic optic neuropathy, left eye","Ischemic optic neuropathy"
36712753,45604015,175585,277154,"Foreign body in cornea, right eye, initial encounter","Foreign body in right cornea"
376965,45547866,104639,276971,"Hypertensive retinopathy, unspecified eye","Hypertensive retinopathy"
4335874,1595555,159893,275227,"Squamous blepharitis left eye, upper and lower eyelids","Seborrheic blepharitis"
381290,45557414,109409,273545,"Ocular hypertension, unspecified eye","Ocular hypertension"
43530685,37200249,72394,272101,"Type 2 diabetes mellitus with proliferative diabetic retinopathy without macular edema, unspecified eye","Proliferative retinopathy due to type 2 diabetes mellitus"
201826,37200249,72394,272101,"Type 2 diabetes mellitus with proliferative diabetic retinopathy without macular edema, unspecified eye","Type 2 diabetes mellitus"
3663197,45591332,105654,270897,"Preglaucoma, unspecified, left eye","Glaucoma suspect"
374640,45581645,91837,269086,"Serous retinal detachment, right eye","Serous retinal detachment"
313761,37200360,66222,265679,"Central retinal vein occlusion, left eye, stable","Central retinal vein occlusion"
375551,45566926,132052,263158,"Blepharochalasis left upper eyelid","Blepharochalasis"
604749,45581657,92688,262534,"Open angle with borderline findings, high risk, right eye","Open angle glaucoma suspect"
4317982,45538162,119806,262419,"Unspecified ectropion of left lower eyelid","Lower eyelid ectropion"
36712754,45604016,164876,260876,"Foreign body in cornea, left eye, initial encounter","Foreign body in left cornea"
438422,45567002,93593,258882,"Primary iridocyclitis, left eye","Primary iridocyclitis"
380097,37200251,36781,258821,"Type 2 diabetes mellitus with diabetic macular edema, resolved following treatment, right eye","Macular edema due to diabetes mellitus"
201826,37200251,36781,258821,"Type 2 diabetes mellitus with diabetic macular edema, resolved following treatment, right eye","Type 2 diabetes mellitus"
433196,45581639,120241,258274,"Unspecified chorioretinal scars, left eye","Chorioretinal scar"
604749,45557411,91898,258027,"Open angle with borderline findings, high risk, left eye","Open angle glaucoma suspect"
36713126,1595551,152829,257828,"Unspecified blepharitis left eye, upper and lower eyelids","Blepharitis of left eyelid"
4291304,45605588,141531,257787,"Dermatochalasis of left eye, unspecified eyelid","Dermatosis of eyelid"
4317982,45557276,116784,257378,"Unspecified ectropion of right lower eyelid","Lower eyelid ectropion"
316126,45557432,90930,256956,"Crystalline deposits in vitreous body, right eye","Crystalline deposits in vitreous"
438422,45600883,92991,256559,"Primary iridocyclitis, right eye","Primary iridocyclitis"
374640,45576725,87380,255907,"Serous retinal detachment, left eye","Serous retinal detachment"
4120318,45552666,98771,253977,"Round hole, left eye","Retinal round hole"
4312493,45539435,132439,253426,"Injury of conjunctiva and corneal abrasion without foreign body, unspecified eye, initial encounter","Corneal abrasion"
4335891,45539435,132439,253426,"Injury of conjunctiva and corneal abrasion without foreign body, unspecified eye, initial encounter","Injury of conjunctiva"
433196,45571939,117568,252665,"Unspecified chorioretinal scars, right eye","Chorioretinal scar"
4120318,45586442,97758,252333,"Round hole, right eye","Retinal round hole"
313761,37200357,63909,252306,"Central retinal vein occlusion, right eye, stable","Central retinal vein occlusion"
437540,45547861,46675,251268,"Central retinal artery occlusion, right eye","Central retinal artery occlusion"
374044,45571858,128941,249159,"Unspecified ptosis of unspecified eyelid","Ptosis of eyelid"
374649,45586510,102384,248267,"Strabismic amblyopia, right eye","Strabismic amblyopia"
37207866,45595986,142862,246377,"Dermatochalasis of right lower eyelid","Dermatochalasis of right lower eyelid"
372629,37200386,84020,238648,"Nonexudative age-related macular degeneration, left eye, stage unspecified","Nonexudative age-related macular degeneration"
37109050,1595579,123627,238079,"Meibomian gland dysfunction of right eye, unspecified eyelid","Meibomian gland dysfunction of right eye"
376965,45567040,108308,237786,"Hypertensive retinopathy, right eye","Hypertensive retinopathy"
375285,45596123,96458,232034,"Monocular esotropia, left eye","Monocular esotropia"
437544,45543024,56770,229474,"Retinal artery branch occlusion, right eye","Arterial retinal branch occlusion"
435262,37200442,79525,228467,"Primary open-angle glaucoma, unspecified eye, stage unspecified","Primary open angle glaucoma"
4335874,45581527,119382,225132,"Squamous blepharitis right eye, unspecified eyelid","Seborrheic blepharitis"
376965,45552669,99657,221625,"Hypertensive retinopathy, left eye","Hypertensive retinopathy"
46273990,45533292,56066,220492,"Retinal detachment with multiple breaks, right eye","Retinal detachment with multiple breaks"
381033,45543010,60415,219961,"Aphakia, right eye","Aphakia"
437540,45591320,41456,216207,"Central retinal artery occlusion, left eye","Central retinal artery occlusion"
35624213,45581633,112445,214670,"Other secondary cataract, unspecified eye","Secondary cataract"
4335874,45591214,109359,214597,"Squamous blepharitis unspecified eye, unspecified eyelid","Seborrheic blepharitis"
441851,45571961,53500,214065,"Serous detachment of retinal pigment epithelium, left eye","Serous detachment of retinal pigment epithelium"
381572,45581694,61832,212832,"Sixth [abducent] nerve palsy, left eye","Abducens nerve palsy"
375285,45586499,89806,210791,"Monocular esotropia, right eye","Monocular esotropia"
441851,45600915,51834,209834,"Serous detachment of retinal pigment epithelium, right eye","Serous detachment of retinal pigment epithelium"
433196,45586434,97653,209144,"Other chorioretinal scars, left eye","Chorioretinal scar"
381033,45533283,56583,208006,"Aphakia, left eye","Aphakia"
376966,37200419,63219,207516,"Exudative age-related macular degeneration, unspecified eye, stage unspecified","Exudative age-related macular degeneration"
46273990,45567030,52805,207456,"Retinal detachment with multiple breaks, left eye","Retinal detachment with multiple breaks"
433196,45557390,95270,204447,"Other chorioretinal scars, right eye","Chorioretinal scar"
4265749,1595582,104406,201066,"Meibomian gland dysfunction of left eye, unspecified eyelid","Meibomian gland dysfunction"
373203,45591276,75931,199901,"Central corneal opacity, right eye","Central opacity of cornea"
37207926,45581546,119235,199793,"Dermatochalasis of left lower eyelid","Dermatochalasis of left lower eyelid"
45757695,45576722,56598,199764,"Total retinal detachment, right eye","Total retinal detachment"
380403,45547771,146328,199688,"Hordeolum externum left eye, unspecified eyelid","External hordeolum"
373203,45596030,72691,195276,"Central corneal opacity, left eye","Central opacity of cornea"
4152163,45568222,135081,193419,"Unspecified injury of left eye and orbit, initial encounter","Injury of eye region"
380720,45562177,61229,192602,"Secondary corneal edema, right eye","Secondary corneal edema"
437544,45562226,48739,192233,"Retinal artery branch occlusion, left eye","Arterial retinal branch occlusion"
380402,45538213,41446,191367,"Central corneal ulcer, left eye","Central corneal ulcer"
375274,45586500,82319,191093,"Monocular exotropia, right eye","Monocular exotropia"
375274,45591386,81235,190804,"Monocular exotropia, left eye","Monocular exotropia"
435993,45589510,140216,189616,"Foreign body in conjunctival sac, right eye, initial encounter","Foreign body in conjunctival sac"
37168303,45557394,74213,189412,"Unspecified retinal break, right eye","Break of retina of right eye"
374946,45586405,63781,189262,"Recurrent erosion of cornea, left eye","Recurrent erosion of cornea"
380402,45571900,41690,188311,"Central corneal ulcer, right eye","Central corneal ulcer"
4131963,45567045,98464,187577,"Drusen (degenerative) of macula, unspecified eye","Drusen stage macular degeneration"
380720,45581610,59872,187337,"Secondary corneal edema, left eye","Secondary corneal edema"
435993,45584647,138833,186508,"Foreign body in conjunctival sac, left eye, initial encounter","Foreign body in conjunctival sac"
45757695,45591313,53175,185936,"Total retinal detachment, left eye","Total retinal detachment"
380403,45571843,135829,185332,"Hordeolum externum right eye, unspecified eyelid","External hordeolum"
37168305,45567034,73344,185254,"Unspecified retinal break, left eye","Break of retina of left eye"
45763766,45557266,89674,185070,"Ulcerative blepharitis right upper eyelid","Ulcerative blepharitis of upper eyelid"
432312,45600917,74942,184465,"Anatomical narrow angle, unspecified eye","Chronic angle-closure glaucoma"
36712713,1595498,29573,184171,"Basal cell carcinoma of skin of left lower eyelid, including canthus","Primary basal cell carcinoma of left eyelid"
4291143,1595498,29573,184171,"Basal cell carcinoma of skin of left lower eyelid, including canthus","Basal cell carcinoma of lower eyelid"
374946,45576685,61409,181832,"Recurrent erosion of cornea, right eye","Recurrent erosion of cornea"
432621,45576757,37688,179702,"Unspecified purulent endophthalmitis, right eye","Purulent endophthalmitis"
381572,45596120,51592,179211,"Sixth [abducent] nerve palsy, right eye","Abducens nerve palsy"
432621,45557434,38155,179107,"Unspecified purulent endophthalmitis, left eye","Purulent endophthalmitis"
4152163,45549060,125736,178599,"Unspecified injury of right eye and orbit, initial encounter","Injury of eye region"
4103749,45600865,77766,176657,"Keratoconjunctivitis sicca, not specified as Sjogren's, unspecified eye","Keratoconjunctivitis sicca (excluding Sjögren syndrome)"
435262,37200424,81790,173080,"Primary open-angle glaucoma, right eye, stage unspecified","Primary open angle glaucoma"
379010,45571956,87375,172717,"Puckering of macula, unspecified eye","Epiretinal membrane"
381581,45533179,116044,172522,"Chalazion unspecified eye, unspecified eyelid","Chalazion"
4152163,45573115,130029,170552,"Unspecified injury of unspecified eye and orbit, initial encounter","Injury of eye region"
4291143,1595496,27513,168140,"Basal cell carcinoma of skin of right lower eyelid, including canthus","Basal cell carcinoma of lower eyelid"
36712715,1595496,27513,168140,"Basal cell carcinoma of skin of right lower eyelid, including canthus","Primary basal cell carcinoma of right eyelid"
381569,45581538,80899,165757,"Myogenic ptosis of left eyelid","Myogenic ptosis"
375815,45600875,35598,163180,"Bullous keratopathy, right eye","Bullous keratopathy"
381569,45542935,79392,162566,"Myogenic ptosis of right eyelid","Myogenic ptosis"
377560,45576619,96384,162487,"Hordeolum internum unspecified eye, unspecified eyelid","Internal hordeolum"
375815,45542984,34294,159208,"Bullous keratopathy, left eye","Bullous keratopathy"
432895,45567013,86293,158059,"Cortical age-related cataract, unspecified eye","Cortical senile cataract"
441561,45547882,35366,157511,"Low-tension glaucoma, left eye, moderate stage","Low tension glaucoma"
376124,45591259,89842,157390,"Pinguecula, right eye","Pinguecula"
372646,45581578,73620,157331,"Peripheral pterygium, stationary, left eye","Peripheral pterygium, stationary"
4266637,37200218,28187,155469,"Type 2 diabetes mellitus with severe nonproliferative diabetic retinopathy without macular edema, right eye","Severe nonproliferative retinopathy without macular edema due to diabetes mellitus"
43530656,37200218,28187,155469,"Type 2 diabetes mellitus with severe nonproliferative diabetic retinopathy without macular edema, right eye","Nonproliferative retinopathy due to type 2 diabetes mellitus"
372646,45547809,71986,154694,"Peripheral pterygium, stationary, right eye","Peripheral pterygium, stationary"
376124,45596013,86400,153566,"Pinguecula, left eye","Pinguecula"
380097,37200165,17730,150895,"Type 1 diabetes mellitus with proliferative diabetic retinopathy with macular edema, right eye","Macular edema due to diabetes mellitus"
45763584,37200165,17730,150895,"Type 1 diabetes mellitus with proliferative diabetic retinopathy with macular edema, right eye","Proliferative retinopathy due to type 1 diabetes mellitus"
377560,45586329,81880,149380,"Hordeolum internum right eye, unspecified eyelid","Internal hordeolum"
37118667,45557366,19501,148877,"Other vascular disorders of iris and ciliary body, right eye","Disorder of anterior uveal tract"
443784,45557366,19501,148877,"Other vascular disorders of iris and ciliary body, right eye","Vascular disorder"
441561,45596082,36015,147861,"Low-tension glaucoma, right eye, mild stage","Low tension glaucoma"
37118667,45605639,18940,147402,"Other vascular disorders of iris and ciliary body, left eye","Disorder of anterior uveal tract"
443784,45605639,18940,147402,"Other vascular disorders of iris and ciliary body, left eye","Vascular disorder"
380097,37200201,25161,147226,"Type 2 diabetes mellitus with mild nonproliferative diabetic retinopathy with macular edema, unspecified eye","Macular edema due to diabetes mellitus"
45757435,37200201,25161,147226,"Type 2 diabetes mellitus with mild nonproliferative diabetic retinopathy with macular edema, unspecified eye","Mild nonproliferative retinopathy due to type 2 diabetes mellitus"
45763766,45571844,71151,147021,"Ulcerative blepharitis left upper eyelid","Ulcerative blepharitis of upper eyelid"
376422,45557322,113593,146570,"Other mucopurulent conjunctivitis, unspecified eye","Mucopurulent conjunctivitis"
379812,45596027,52083,145887,"Exposure keratoconjunctivitis, left eye","Exposure keratoconjunctivitis"
4108644,45534488,99783,145559,"Abrasion of left eyelid and periocular area, initial encounter","Abrasion of eye region"
37207869,45591218,51659,144666,"Senile entropion of right lower eyelid","Senile entropion of right lower eyelid"
435262,37200434,46573,143355,"Primary open-angle glaucoma, left eye, indeterminate stage","Primary open angle glaucoma"
4266637,37200219,26600,143206,"Type 2 diabetes mellitus with severe nonproliferative diabetic retinopathy without macular edema, left eye","Severe nonproliferative retinopathy without macular edema due to diabetes mellitus"
43530656,37200219,26600,143206,"Type 2 diabetes mellitus with severe nonproliferative diabetic retinopathy without macular edema, left eye","Nonproliferative retinopathy due to type 2 diabetes mellitus"
4242957,45547584,84692,143129,"Other benign neoplasm of skin of unspecified eyelid, including canthus","Benign neoplasm of skin of eyelid"
44784454,45600964,77966,143101,"Other localized visual field defect, left eye","Localized visual field defect"
435262,37200428,47100,142591,"Primary open-angle glaucoma, right eye, indeterminate stage","Primary open angle glaucoma"
436695,45552621,34058,142251,"Band keratopathy, right eye","Band-shaped keratopathy"
381570,45547784,72499,142216,"Mechanical ptosis of left eyelid","Mechanical ptosis"
441561,45552682,31921,142197,"Low-tension glaucoma, right eye, moderate stage","Low tension glaucoma"
380097,37200166,16441,142082,"Type 1 diabetes mellitus with proliferative diabetic retinopathy with macular edema, left eye","Macular edema due to diabetes mellitus"
45763584,37200166,16441,142082,"Type 1 diabetes mellitus with proliferative diabetic retinopathy with macular edema, left eye","Proliferative retinopathy due to type 1 diabetes mellitus"
4200286,1595583,79583,141738,"Meibomian gland dysfunction of unspecified eye, unspecified eyelid","Paralytic ectropion"
372894,45543038,33031,141279,"Central serous chorioretinopathy, left eye","Central serous chorioretinopathy"
374931,45533240,48945,140572,"Marginal corneal ulcer, left eye","Marginal corneal ulcer"
372894,45562234,33171,140451,"Central serous chorioretinopathy, right eye","Central serous chorioretinopathy"
4335874,45542925,72015,140250,"Squamous blepharitis left eye, unspecified eyelid","Seborrheic blepharitis"
381570,45533190,70941,139628,"Mechanical ptosis of right eyelid","Mechanical ptosis"
377291,45571890,54830,138750,"Peripheral pterygium, progressive, right eye","Peripheral pterygium, progressive"
4189235,45581693,34898,137117,"Third [oculomotor] nerve palsy, right eye","Third cranial nerve weakness"
434926,45562193,33042,136969,"Chronic iridocyclitis, left eye","Iridocyclitis"
377291,45533226,53902,136490,"Peripheral pterygium, progressive, left eye","Peripheral pterygium, progressive"
4108644,45606837,93952,136329,"Abrasion of right eyelid and periocular area, initial encounter","Abrasion of eye region"
378756,45600855,96056,135771,"Conjunctival hemorrhage, unspecified eye","Conjunctival hemorrhage"
4208200,45533370,45709,135626,"Cystoid macular edema following cataract surgery, right eye","Postoperative cystoid macular edema"
379812,45605622,47346,135401,"Exposure keratoconjunctivitis, right eye","Exposure keratoconjunctivitis"
4189235,45552715,33953,134721,"Third [oculomotor] nerve palsy, left eye","Third cranial nerve weakness"
316127,45576755,72172,134608,"Vitreous membranes and strands, right eye","Vitreous opacities"
45763781,45538157,65300,133995,"Ulcerative blepharitis right lower eyelid","Ulcerative blepharitis of lower eyelid"
374931,45557341,47568,133865,"Marginal corneal ulcer, right eye","Marginal corneal ulcer"
435262,37200430,66107,133710,"Primary open-angle glaucoma, left eye, stage unspecified","Primary open angle glaucoma"
436695,45552622,31835,133293,"Band keratopathy, left eye","Band-shaped keratopathy"
441561,45576743,33082,132807,"Low-tension glaucoma, left eye, mild stage","Low tension glaucoma"
434926,45533268,31955,132796,"Chronic iridocyclitis, right eye","Iridocyclitis"
4208200,45600973,45084,132698,"Cystoid macular edema following cataract surgery, left eye","Postoperative cystoid macular edema"
44784454,45567101,72659,132538,"Other localized visual field defect, right eye","Localized visual field defect"
436398,45562244,23769,132060,"Glaucoma secondary to other eye disorders, right eye, severe stage","Glaucoma associated with ocular disorder"
4246581,45586337,52763,130018,"Trichiasis without entropion unspecified eye, unspecified eyelid","Malposition of eyelashes"
432904,45533270,35527,129262,"Hyphema, right eye","Hyphema"
436398,45533324,23664,128312,"Glaucoma secondary to other eye disorders, left eye, severe stage","Glaucoma associated with ocular disorder"
45763823,45595972,80602,128159,"Allergic dermatitis of right upper eyelid","Allergic contact dermatitis of upper eyelid"
432904,45576689,35009,127027,"Hyphema, left eye","Hyphema"
44782821,45600972,33377,126284,"Cataract (lens) fragments in eye following cataract surgery, left eye","Cataract fragments in the eye post cataract surgery"
44782821,45581712,33319,125770,"Cataract (lens) fragments in eye following cataract surgery, right eye","Cataract fragments in the eye post cataract surgery"
316127,45547901,67036,125654,"Vitreous membranes and strands, left eye","Vitreous opacities"
441283,45533266,35155,123443,"Recurrent acute iridocyclitis, left eye","Recurrent iridocyclitis"
372914,45557446,51055,123316,"Other optic atrophy, left eye","Optic atrophy"
43530685,37200225,20621,122146,"Type 2 diabetes mellitus with proliferative diabetic retinopathy with macular edema, unspecified eye","Proliferative retinopathy due to type 2 diabetes mellitus"
45770830,37200225,20621,122146,"Type 2 diabetes mellitus with proliferative diabetic retinopathy with macular edema, unspecified eye","Macular edema and retinopathy due to type 2 diabetes mellitus"
45763814,45586346,72240,122142,"Cysts of left lower eyelid","Cyst of lower eyelid"
374950,45571862,89148,121966,"Edema of left eye, unspecified eyelid","Edema of eyelid"
37109050,1595578,70196,121253,"Meibomian gland dysfunction right lower eyelid","Meibomian gland dysfunction of right eye"
376412,45533212,85507,120951,"Acute follicular conjunctivitis, right eye","Acute follicular conjunctivitis"
37207929,45562122,44364,120936,"Senile entropion of left lower eyelid","Senile entropion of left lower eyelid"
376400,45557379,71405,120570,"Combined forms of age-related cataract, unspecified eye","Combined form of senile cataract"
45757719,1326537,15526,120035,"Blindness right eye category 3, blindness left eye category 3","Blind right eye, normal vision left eye"
377560,45586330,69787,119697,"Hordeolum internum left eye, unspecified eyelid","Internal hordeolum"
374950,45600832,87281,119460,"Edema of right eye, unspecified eyelid","Edema of eyelid"
375551,45542934,57436,118408,"Blepharochalasis unspecified eye, unspecified eyelid","Blepharochalasis"
45763790,45557287,70169,117941,"Cysts of right upper eyelid","Cyst of upper eyelid"
376981,45538316,60890,117356,"Unspecified amblyopia, unspecified eye","Amblyopia"
376412,45591244,82379,116739,"Acute follicular conjunctivitis, left eye","Acute follicular conjunctivitis"
441283,45571912,33166,116526,"Recurrent acute iridocyclitis, right eye","Recurrent iridocyclitis"
45763781,45542922,56589,115643,"Ulcerative blepharitis left lower eyelid","Ulcerative blepharitis of lower eyelid"
45763814,45566932,68382,115271,"Cysts of right lower eyelid","Cyst of lower eyelid"
378439,45586496,39727,114442,"Fourth [trochlear] nerve palsy, right eye","Fourth nerve palsy"
4319602,45552558,45850,113111,"Unspecified entropion of right lower eyelid","Lower eyelid entropion"
433909,45604019,79615,112844,"Foreign body on external eye, part unspecified, right eye, initial encounter","Foreign body on external eye"
378439,45586497,39115,112682,"Fourth [trochlear] nerve palsy, left eye","Fourth nerve palsy"
376984,45547813,58480,112597,"Conjunctival cysts, left eye","Conjunctival cyst"
373766,45600907,35123,112557,"Retinopathy of prematurity, unspecified, unspecified eye","Retinopathy of prematurity"
381581,45542920,70562,111785,"Chalazion right eye, unspecified eyelid","Chalazion"
372914,45533341,46706,111715,"Other optic atrophy, right eye","Optic atrophy"
433909,45555707,78262,111201,"Foreign body on external eye, part unspecified, left eye, initial encounter","Foreign body on external eye"
437273,45533314,23994,111156,"Capsular glaucoma with pseudoexfoliation of lens, right eye, mild stage","Pseudoexfoliation glaucoma"
45763790,45542945,65426,110549,"Cysts of left upper eyelid","Cyst of upper eyelid"
376402,45572019,32531,110332,"Low vision, one eye, unspecified eye","Low vision, one eye"
376984,45557329,56716,109239,"Conjunctival cysts, right eye","Conjunctival cyst"
36713314,45538295,28592,109131,"Atrophy of globe, left eye","Phthisis bulbi of left eye"
4265749,1595581,63855,108872,"Meibomian gland dysfunction left lower eyelid","Meibomian gland dysfunction"
37207959,45562134,78288,108777,"Edema of right upper eyelid","Edema of right upper eyelid"
4246581,45591220,44330,107902,"Trichiasis without entropion right eye, unspecified eyelid","Malposition of eyelashes"
437273,45547887,16644,107897,"Capsular glaucoma with pseudoexfoliation of lens, left eye, severe stage","Pseudoexfoliation glaucoma"
37207927,45538164,38771,107729,"Cicatricial ectropion of left lower eyelid","Cicatricial ectropion of left lower eyelid"
45763823,45586334,68731,106229,"Allergic dermatitis of left upper eyelid","Allergic contact dermatitis of upper eyelid"
381581,45547773,67835,105477,"Chalazion left eye, unspecified eyelid","Chalazion"
36717025,45543057,27954,104217,"Atrophy of globe, right eye","Phthisis bulbi of right eye"
437273,45543045,22679,103836,"Capsular glaucoma with pseudoexfoliation of lens, left eye, mild stage","Pseudoexfoliation glaucoma"
37207960,45557288,74847,103816,"Edema of left upper eyelid","Edema of left upper eyelid"
374643,45547820,53754,103104,"Unspecified superficial keratitis, left eye","Superficial keratitis"
432312,45576748,21232,102287,"Chronic angle-closure glaucoma, right eye, severe stage","Chronic angle-closure glaucoma"
37207867,45591222,37415,102167,"Cicatricial ectropion of right lower eyelid","Cicatricial ectropion of right lower eyelid"
604700,45557413,24325,101642,"Steroid responder, right eye","Glaucoma suspect caused by corticosteroid"
376132,45552562,46267,101437,"Unspecified ectropion of unspecified eye, unspecified eyelid","Ectropion"
4222138,45566914,60983,100809,"Allergic dermatitis of unspecified eye, unspecified eyelid","Allergic contact dermatitis of eyelid"
374640,45547860,40529,100711,"Serous retinal detachment, unspecified eye","Serous retinal detachment"
43530685,37200228,16223,100384,"Type 2 diabetes mellitus with proliferative diabetic retinopathy with traction retinal detachment involving the macula, left eye","Proliferative retinopathy due to type 2 diabetes mellitus"
4338896,37200228,16223,100384,"Type 2 diabetes mellitus with proliferative diabetic retinopathy with traction retinal detachment involving the macula, left eye","Traction retinal detachment involving macula"
4318656,45567107,39122,99464,"Chorioretinal scars after surgery for detachment, right eye","Postsurgical chorioretinal scar"
437273,45581662,15811,99021,"Capsular glaucoma with pseudoexfoliation of lens, right eye, severe stage","Pseudoexfoliation glaucoma"
432312,45562241,21149,98335,"Chronic angle-closure glaucoma, left eye, severe stage","Chronic angle-closure glaucoma"
604700,45576739,23913,98241,"Steroid responder, left eye","Glaucoma suspect caused by corticosteroid"
437273,45596085,18987,97953,"Capsular glaucoma with pseudoexfoliation of lens, left eye, moderate stage","Pseudoexfoliation glaucoma"
377558,45547936,58774,97375,"Irregular astigmatism, right eye","Irregular astigmatism"
437847,45600902,32095,96970,"Partial retinal artery occlusion, right eye","Partial retinal artery occlusion"
441561,45547883,19455,96897,"Low-tension glaucoma, left eye, severe stage","Low tension glaucoma"
4319602,45542927,40051,96410,"Unspecified entropion of left lower eyelid","Lower eyelid entropion"
201826,37200213,28080,96204,"Type 2 diabetes mellitus with moderate nonproliferative diabetic retinopathy without macular edema, unspecified eye","Type 2 diabetes mellitus"
45770881,37200213,28080,96204,"Type 2 diabetes mellitus with moderate nonproliferative diabetic retinopathy without macular edema, unspecified eye","Moderate nonproliferative retinopathy due to type 2 diabetes mellitus"
435262,37200444,30514,95278,"Primary open-angle glaucoma, unspecified eye, moderate stage","Primary open angle glaucoma"
437557,45538161,60433,95208,"Eczematous dermatitis of unspecified eye, unspecified eyelid","Eczematous dermatitis of eyelid"
40482507,45547841,52600,94954,"Other age-related incipient cataract, right eye","Incipient senile cataract"
37208309,1595527,57449,94424,"Other benign neoplasm of skin of right upper eyelid, including canthus","Benign neoplasm of skin of right eyelid"
4218083,45576664,45352,94237,"Unspecified episcleritis, left eye","Episcleritis"
43530685,37200227,15316,94181,"Type 2 diabetes mellitus with proliferative diabetic retinopathy with traction retinal detachment involving the macula, right eye","Proliferative retinopathy due to type 2 diabetes mellitus"
4338896,37200227,15316,94181,"Type 2 diabetes mellitus with proliferative diabetic retinopathy with traction retinal detachment involving the macula, right eye","Traction retinal detachment involving macula"
377558,45557464,55276,93166,"Irregular astigmatism, left eye","Irregular astigmatism"
37208308,1595530,57946,92766,"Other benign neoplasm of skin of left lower eyelid, including canthus","Benign neoplasm of skin of left eyelid"
381444,45563389,65758,92327,"Contusion of eyeball and orbital tissues, unspecified eye, initial encounter","Contusion of eye"
374643,45600862,48222,91882,"Unspecified superficial keratitis, right eye","Superficial keratitis"
380406,45600954,37793,91653,"Intermittent monocular exotropia, left eye","Intermittent monocular exotropia"
4246581,45557275,36975,91095,"Trichiasis without entropion left eye, unspecified eyelid","Malposition of eyelashes"
4318656,45547945,35846,90234,"Chorioretinal scars after surgery for detachment, left eye","Postsurgical chorioretinal scar"
37208309,1595528,56249,90114,"Other benign neoplasm of skin of right lower eyelid, including canthus","Benign neoplasm of skin of right eyelid"
372627,45547939,44395,89894,"Transient visual loss, left eye","Transient visual loss"
443545,45549001,60769,89127,"Insect bite (nonvenomous) of left eyelid and periocular area, initial encounter","Nonvenomous insect bite"
4147020,45549001,60769,89127,"Insect bite (nonvenomous) of left eyelid and periocular area, initial encounter","Insect bite of eyelids and periocular area"
443545,45573054,60735,89020,"Insect bite (nonvenomous) of right eyelid and periocular area, initial encounter","Nonvenomous insect bite"
4147020,45573054,60735,89020,"Insect bite (nonvenomous) of right eyelid and periocular area, initial encounter","Insect bite of eyelids and periocular area"
4218083,45533235,42452,88784,"Unspecified episcleritis, right eye","Episcleritis"
438155,45557445,36871,88668,"Glaucomatous optic atrophy, left eye","Glaucomatous atrophy of optic disc"
437273,45586451,17321,88631,"Capsular glaucoma with pseudoexfoliation of lens, right eye, moderate stage","Pseudoexfoliation glaucoma"
376115,45533309,26005,88373,"Cystoid macular degeneration, unspecified eye","Cystoid macular retinal degeneration"
40482507,45547842,49137,88307,"Other age-related incipient cataract, left eye","Incipient senile cataract"
373479,45591277,41841,88144,"Peripheral opacity of cornea, right eye","Peripheral opacity of cornea"
372627,45562276,44112,88130,"Transient visual loss, right eye","Transient visual loss"
438155,45567082,36756,87766,"Glaucomatous optic atrophy, right eye","Glaucomatous atrophy of optic disc"
4078543,45591366,12517,87749,"Absolute glaucoma, unspecified eye","Absolute glaucoma"
441561,45581659,18218,87611,"Low-tension glaucoma, right eye, severe stage","Low tension glaucoma"
377280,45538231,37059,87074,"Other specified disorders of cornea, left eye","Disorder of cornea"
45763762,45566927,34928,86496,"Eyelid retraction right lower eyelid","Abnormal retraction of lower eyelid"
37208308,1595529,52806,86408,"Other benign neoplasm of skin of left upper eyelid, including canthus","Benign neoplasm of skin of left eyelid"
377280,45600881,36655,85340,"Other specified disorders of cornea, right eye","Disorder of cornea"
380406,45586501,34089,84460,"Intermittent monocular exotropia, right eye","Intermittent monocular exotropia"
380728,45538215,25061,83458,"Filamentary keratitis, left eye","Filamentary keratitis"
45763762,45542940,33820,83442,"Eyelid retraction left lower eyelid","Abnormal retraction of lower eyelid"
4103741,1326567,32655,82636,"Low vision right eye category 1, low vision left eye category 1","Low vision, both eyes"
435262,37200443,29799,82575,"Primary open-angle glaucoma, unspecified eye, mild stage","Primary open angle glaucoma"
381291,45600866,14134,81858,"Neurotrophic keratoconjunctivitis, left eye","Neurotrophic keratoconjunctivitis"
373479,45566990,38856,81609,"Peripheral opacity of cornea, left eye","Peripheral opacity of cornea"
375393,45582759,56018,81395,"Laceration without foreign body of left eyelid and periocular area, subsequent encounter","Laceration of skin of eyelid AND periocular area"
372479,45544240,36984,80897,"Ocular laceration without prolapse or loss of intraocular tissue, left eye, initial encounter","Laceration of eye"
36713154,45591212,49762,80839,"Abscess of right upper eyelid","Abscess of right upper eyelid"
381291,45562168,13817,80586,"Neurotrophic keratoconjunctivitis, right eye","Neurotrophic keratoconjunctivitis"
437847,45586443,26896,80388,"Partial retinal artery occlusion, left eye","Partial retinal artery occlusion"
37207961,45581528,52541,79173,"Eczematous dermatitis of right upper eyelid","Eczematous dermatitis of right upper eyelid"
43530685,37200233,14310,78168,"Type 2 diabetes mellitus with proliferative diabetic retinopathy with traction retinal detachment not involving the macula, left eye","Proliferative retinopathy due to type 2 diabetes mellitus"
45773064,37200233,14310,78168,"Type 2 diabetes mellitus with proliferative diabetic retinopathy with traction retinal detachment not involving the macula, left eye","Traction detachment of retina due to type 2 diabetes mellitus"
43530685,37200242,22453,77480,"Type 2 diabetes mellitus with stable proliferative diabetic retinopathy, right eye","Proliferative retinopathy due to type 2 diabetes mellitus"
201826,37200242,22453,77480,"Type 2 diabetes mellitus with stable proliferative diabetic retinopathy, right eye","Type 2 diabetes mellitus"
375393,45602058,52502,77104,"Laceration without foreign body of right eyelid and periocular area, subsequent encounter","Laceration of skin of eyelid AND periocular area"
45763824,45562119,48073,77083,"Allergic dermatitis of right lower eyelid","Allergic contact dermatitis of lower eyelid"
376132,45557277,38385,76985,"Unspecified ectropion of right eye, unspecified eyelid","Ectropion"
375552,45586366,40014,76826,"Unspecified pterygium of unspecified eye","Pterygium"
380117,45552596,47170,76755,"Conjunctival edema, left eye","Conjunctival edema"
36717312,45595970,46736,76543,"Abscess of left upper eyelid","Abscess of left upper eyelid"
440713,45538238,31480,76477,"Posterior synechiae (iris), right eye","Posterior synechiae"
437295,45567012,39965,76250,"Pupillary abnormality, left eye","Abnormal pupillary function"
380117,45552595,46915,76198,"Conjunctival edema, right eye","Conjunctival edema"
432632,45591287,29436,76150,"Secondary noninfectious iridocyclitis, left eye","Secondary noninfectious iridocyclitis"
377556,45562277,39782,75683,"Sudden visual loss, right eye","Sudden visual loss"
381281,45562251,29667,75221,"Degenerative myopia, right eye","Degenerative progressive high myopia"
37109050,1595577,45499,74997,"Meibomian gland dysfunction right upper eyelid","Meibomian gland dysfunction of right eye"
440713,45567010,30826,74734,"Posterior synechiae (iris), left eye","Posterior synechiae"
372479,45553829,34452,74683,"Ocular laceration without prolapse or loss of intraocular tissue, right eye, initial encounter","Laceration of eye"
436398,45567063,18657,74631,"Glaucoma secondary to other eye disorders, unspecified eye, stage unspecified","Glaucoma associated with ocular disorder"
374950,45547790,50295,74026,"Edema of unspecified eye, unspecified eyelid","Edema of eyelid"
374025,45562233,35749,73583,"Retinal hemorrhage, unspecified eye","Retinal hemorrhage"
377556,45576790,38233,73286,"Sudden visual loss, left eye","Sudden visual loss"
43530685,37200232,13878,73232,"Type 2 diabetes mellitus with proliferative diabetic retinopathy with traction retinal detachment not involving the macula, right eye","Proliferative retinopathy due to type 2 diabetes mellitus"
45773064,37200232,13878,73232,"Type 2 diabetes mellitus with proliferative diabetic retinopathy with traction retinal detachment not involving the macula, right eye","Traction detachment of retina due to type 2 diabetes mellitus"
381572,45605707,30107,73165,"Sixth [abducent] nerve palsy, unspecified eye","Abducens nerve palsy"
43530685,37200243,21228,73017,"Type 2 diabetes mellitus with stable proliferative diabetic retinopathy, left eye","Proliferative retinopathy due to type 2 diabetes mellitus"
201826,37200243,21228,73017,"Type 2 diabetes mellitus with stable proliferative diabetic retinopathy, left eye","Type 2 diabetes mellitus"
40482507,45591299,38542,72578,"Other age-related incipient cataract, unspecified eye","Incipient senile cataract"
436398,45571981,12480,72573,"Glaucoma secondary to other eye disorders, bilateral, severe stage","Glaucoma associated with ocular disorder"
437295,45596046,38289,72326,"Pupillary abnormality, right eye","Abnormal pupillary function"
374347,45600849,44826,72106,"Unspecified blepharoconjunctivitis, left eye","Blepharoconjunctivitis"
201254,37200189,18074,71730,"Type 1 diabetes mellitus with proliferative diabetic retinopathy without macular edema, right eye","Type 1 diabetes mellitus"
45763584,37200189,18074,71730,"Type 1 diabetes mellitus with proliferative diabetic retinopathy without macular edema, right eye","Proliferative retinopathy due to type 1 diabetes mellitus"
380097,37200209,12075,71720,"Type 2 diabetes mellitus with moderate nonproliferative diabetic retinopathy with macular edema, unspecified eye","Macular edema due to diabetes mellitus"
45770881,37200209,12075,71720,"Type 2 diabetes mellitus with moderate nonproliferative diabetic retinopathy with macular edema, unspecified eye","Moderate nonproliferative retinopathy due to type 2 diabetes mellitus"
432632,45557363,28070,71319,"Secondary noninfectious iridocyclitis, right eye","Secondary noninfectious iridocyclitis"
376123,45605654,21952,71316,"Subluxation of lens, left eye","Subluxation of lens"
376123,45538248,21834,70937,"Subluxation of lens, right eye","Subluxation of lens"
374347,45566959,41963,70874,"Unspecified blepharoconjunctivitis, right eye","Blepharoconjunctivitis"
376132,45586338,35221,70736,"Unspecified ectropion of left eye, unspecified eyelid","Ectropion"
45763824,45538159,44905,70707,"Allergic dermatitis of left lower eyelid","Allergic contact dermatitis of lower eyelid"
4335883,45532904,31849,70601,"Basal cell carcinoma of skin of unspecified eyelid, including canthus","Basal cell carcinoma of eyelid"
4219836,45548999,50623,70303,"Contusion of unspecified eyelid and periocular area, initial encounter","Contusion of ocular adnexa and periocular tissues"
201254,37200190,17293,69084,"Type 1 diabetes mellitus with proliferative diabetic retinopathy without macular edema, left eye","Type 1 diabetes mellitus"
45763584,37200190,17293,69084,"Type 1 diabetes mellitus with proliferative diabetic retinopathy without macular edema, left eye","Proliferative retinopathy due to type 1 diabetes mellitus"
377283,45562164,46743,68993,"Conjunctival hyperemia, right eye","Conjunctival hyperemia"
380729,45596116,30046,68741,"Primary optic atrophy, right eye","Primary optic atrophy"
4188581,45596009,31298,68716,"Acute toxic conjunctivitis, left eye","Toxic conjunctivitis"
376707,45596009,31298,68716,"Acute toxic conjunctivitis, left eye","Acute conjunctivitis"
381282,45538257,24225,68215,"Unspecified retinoschisis, left eye","Retinoschisis"
438155,45576780,31409,68183,"Glaucomatous optic atrophy, unspecified eye","Glaucomatous atrophy of optic disc"
380729,45591378,29417,68145,"Primary optic atrophy, left eye","Primary optic atrophy"
37207963,45605579,46022,67936,"Eczematous dermatitis of left upper eyelid","Eczematous dermatitis of left upper eyelid"
3656982,45562127,33053,67775,"Mechanical ectropion of left lower eyelid","Mechanical ectropion of left lower eyelid"
4334246,37200359,15919,67766,"Central retinal vein occlusion, left eye, with retinal neovascularization","Central retinal vein occlusion with neovascularization"
4334246,37200356,16981,67758,"Central retinal vein occlusion, right eye, with retinal neovascularization","Central retinal vein occlusion with neovascularization"
4188581,45552585,31603,67653,"Acute toxic conjunctivitis, right eye","Toxic conjunctivitis"
376707,45552585,31603,67653,"Acute toxic conjunctivitis, right eye","Acute conjunctivitis"
374360,45596115,24350,67582,"Other disorders of optic nerve, not elsewhere classified, unspecified eye","Disorder of optic nerve"
3656897,45562126,32695,67531,"Mechanical ectropion of right lower eyelid","Mechanical ectropion of right lower eyelid"
377283,45596016,46006,67009,"Conjunctival hyperemia, left eye","Conjunctival hyperemia"
381282,45586441,23190,66573,"Unspecified retinoschisis, right eye","Retinoschisis"
381308,45576620,39831,65619,"Abscess of eyelid left eye, unspecified eyelid","Abscess of eyelid"
380728,45538214,20230,65159,"Filamentary keratitis, right eye","Filamentary keratitis"
436108,45557423,20527,64873,"Acute angle-closure glaucoma, right eye","Acute angle-closure glaucoma"
318766,45600925,28050,64843,"Vitreous prolapse, right eye","Vitreous prolapse"
438748,45547872,30271,64421,"Paving stone degeneration of retina, left eye","Paving stone retinal degeneration"
372912,45576791,45129,64321,"Visual discomfort, right eye","Visual discomfort"
4152163,45582802,45257,64309,"Other injuries of left eye and orbit, initial encounter","Injury of eye region"
4265749,1595580,39683,64230,"Meibomian gland dysfunction left upper eyelid","Meibomian gland dysfunction"
374360,45586487,29187,63907,"Other disorders of optic nerve, not elsewhere classified, right eye","Disorder of optic nerve"
436108,45543047,12250,63771,"Acute angle-closure glaucoma, unspecified eye","Acute angle-closure glaucoma"
372896,45543081,26586,63755,"Deprivation amblyopia, left eye","Stimulus deprivation amblyopia"
373487,45543064,24185,63638,"Ischemic optic neuropathy, unspecified eye","Ischemic optic neuropathy"
376116,45567100,31322,63396,"Scotoma involving central area, right eye","Central scotoma"
4152163,45544243,44860,63299,"Other injuries of right eye and orbit, initial encounter","Injury of eye region"
372912,45557468,44479,63025,"Visual discomfort, left eye","Visual discomfort"
374360,45605704,29342,62977,"Other disorders of optic nerve, not elsewhere classified, left eye","Disorder of optic nerve"
436108,45547889,20073,62680,"Acute angle-closure glaucoma, left eye","Acute angle-closure glaucoma"
372906,1326547,9232,62461,"Blindness right eye category 5, blindness left eye category 5","Blindness - both eyes"
438748,45538269,28946,62453,"Paving stone degeneration of retina, right eye","Paving stone retinal degeneration"
432312,45576749,17202,62445,"Chronic angle-closure glaucoma, left eye, moderate stage","Chronic angle-closure glaucoma"
318766,45552697,26582,62296,"Vitreous prolapse, left eye","Vitreous prolapse"
4189235,45552714,23882,62266,"Third [oculomotor] nerve palsy, unspecified eye","Third cranial nerve weakness"
381281,45600930,24351,61956,"Degenerative myopia, left eye","Degenerative progressive high myopia"
434337,45547865,26064,61617,"Changes in retinal vascular appearance, right eye","Retinal vascular disorder"
432312,45596087,16435,61609,"Chronic angle-closure glaucoma, right eye, moderate stage","Chronic angle-closure glaucoma"
381308,45562117,37340,61299,"Abscess of eyelid right eye, unspecified eyelid","Abscess of eyelid"
313761,37200366,19935,61007,"Central retinal vein occlusion, unspecified eye, stable","Central retinal vein occlusion"
372627,45600960,34610,60812,"Transient visual loss, unspecified eye","Transient visual loss"
381296,45591280,22650,60787,"Nodular corneal degeneration, right eye","Nodular degeneration of cornea"
381296,45566997,22324,60030,"Nodular corneal degeneration, left eye","Nodular degeneration of cornea"
4334248,37200368,17255,60027,"Tributary (branch) retinal vein occlusion, right eye, with retinal neovascularization","Branch retinal vein occlusion with neovascularization"
376116,45600962,29432,59806,"Scotoma involving central area, left eye","Central scotoma"
374648,45572007,25581,59033,"Intermittent monocular esotropia, left eye","Intermittent monocular esotropia"
432890,45557400,24450,58897,"Retinal micro-aneurysms, unspecified, right eye","Microaneurysm of retinal artery"
4297185,1595495,13009,58867,"Basal cell carcinoma of skin of right upper eyelid, including canthus","Basal cell carcinoma of upper eyelid"
36712715,1595495,13009,58867,"Basal cell carcinoma of skin of right upper eyelid, including canthus","Primary basal cell carcinoma of right eyelid"
434337,45581651,23387,58652,"Changes in retinal vascular appearance, left eye","Retinal vascular disorder"
372896,45605712,24021,58285,"Deprivation amblyopia, right eye","Stimulus deprivation amblyopia"
372424,35210765,28153,58279,"Congenital malformation of eye, unspecified","Congenital anomaly of eye"
435262,37200445,17859,58145,"Primary open-angle glaucoma, unspecified eye, severe stage","Primary open angle glaucoma"
201254,37200148,13427,57605,"Type 1 diabetes mellitus with mild nonproliferative diabetic retinopathy without macular edema, unspecified eye","Type 1 diabetes mellitus"
37016179,37200148,13427,57605,"Type 1 diabetes mellitus with mild nonproliferative diabetic retinopathy without macular edema, unspecified eye","Mild nonproliferative retinopathy due to type 1 diabetes mellitus"
439014,45567070,10472,57468,"Panuveitis, right eye","Panuveitis"
4334248,37200371,16066,57212,"Tributary (branch) retinal vein occlusion, left eye, with retinal neovascularization","Branch retinal vein occlusion with neovascularization"
3657020,45533195,40124,57134,"Edema of right lower eyelid","Edema of right lower eyelid"
375265,45581594,32941,56796,"Punctate keratitis, unspecified eye","Superficial punctate keratitis"
432312,45562242,14926,56765,"Chronic angle-closure glaucoma, unspecified eye, stage unspecified","Chronic angle-closure glaucoma"
4297185,1595497,12267,56595,"Basal cell carcinoma of skin of left upper eyelid, including canthus","Basal cell carcinoma of upper eyelid"
36712713,1595497,12267,56595,"Basal cell carcinoma of skin of left upper eyelid, including canthus","Primary basal cell carcinoma of left eyelid"
604749,45543041,26251,56437,"Open angle with borderline findings, high risk, unspecified eye","Open angle glaucoma suspect"
3662401,45586347,39831,55771,"Edema of left lower eyelid","Edema of left lower eyelid"
441558,45586333,24021,55328,"Ulcerative blepharitis unspecified eye, unspecified eyelid","Ulcerative blepharitis"
439014,45576761,10239,55285,"Panuveitis, left eye","Panuveitis"
374363,45596056,14949,55151,"Posterior dislocation of lens, right eye","Posterior dislocation of lens"
45757721,1326579,18006,55045,"Blindness left eye category 3, normal vision right eye","Blind left eye, normal vision right eye"
381282,45567031,2668,54819,"Unspecified retinoschisis, unspecified eye","Retinoschisis"
45757804,45547941,26693,54572,"Sector or arcuate defects, left eye","Sector and/or arcuate visual field defect"
374648,45576786,22340,54538,"Intermittent monocular esotropia, right eye","Intermittent monocular esotropia"
374362,45591283,15629,54036,"Keratoconus, unspecified, unspecified eye","Keratoconus"
432890,45591325,22351,53981,"Retinal micro-aneurysms, unspecified, left eye","Microaneurysm of retinal artery"
374363,45533285,14801,53714,"Posterior dislocation of lens, left eye","Posterior dislocation of lens"
37168360,45552661,12377,53485,"Retinal detachment with giant retinal tear, right eye","Detachment of right retina with retinal break"
4338893,45552661,12377,53485,"Retinal detachment with giant retinal tear, right eye","Giant retinal tear"
45757719,1326573,17908,53188,"Blindness right eye category 3, normal vision left eye","Blind right eye, normal vision left eye"
374338,45547869,15704,53116,"Other non-diabetic proliferative retinopathy, right eye","Nondiabetic proliferative retinopathy"
432621,45562249,25095,53005,"Unspecified purulent endophthalmitis, unspecified eye","Purulent endophthalmitis"
381017,45562275,30042,52909,"Refractive amblyopia, unspecified eye","Refractive amblyopia"
434033,45596060,11936,52904,"Unspecified chorioretinal inflammation, left eye","Chorioretinitis"
436701,45581691,23937,52609,"Drusen of optic disc, right eye","Drusen of optic disc"
434944,45533230,15570,52379,"Unspecified scleritis, left eye","Scleritis"
37168359,45596065,11898,52031,"Retinal detachment with giant retinal tear, left eye","Detachment of left retina with retinal break"
4338893,45596065,11898,52031,"Retinal detachment with giant retinal tear, left eye","Giant retinal tear"
434033,45571938,11204,52011,"Unspecified chorioretinal inflammation, right eye","Chorioretinitis"
379822,45566933,32902,51864,"Cysts of left eye, unspecified eyelid","Cyst of eyelid"
201254,37200192,12739,51822,"Type 1 diabetes mellitus with proliferative diabetic retinopathy without macular edema, unspecified eye","Type 1 diabetes mellitus"
45763584,37200192,12739,51822,"Type 1 diabetes mellitus with proliferative diabetic retinopathy without macular edema, unspecified eye","Proliferative retinopathy due to type 1 diabetes mellitus"
441561,45571966,16982,51807,"Low-tension glaucoma, unspecified eye, stage unspecified","Low tension glaucoma"
432312,45591345,15131,51736,"Chronic angle-closure glaucoma, right eye, mild stage","Chronic angle-closure glaucoma"
4222138,45571846,31888,51682,"Allergic dermatitis of right eye, unspecified eyelid","Allergic contact dermatitis of eyelid"
374036,45557325,19439,51604,"Chronic giant papillary conjunctivitis, right eye","Chronic conjunctivitis"
4334736,45557325,19439,51604,"Chronic giant papillary conjunctivitis, right eye","Giant papillary conjunctivitis"
4030035,45538266,24937,51482,"Macular cyst, hole, or pseudohole, unspecified eye","Macular retinal cyst"
434944,45576661,15172,51306,"Unspecified scleritis, right eye","Scleritis"
380097,37200149,7754,51287,"Type 1 diabetes mellitus with moderate nonproliferative diabetic retinopathy with macular edema, right eye","Macular edema due to diabetes mellitus"
37016180,37200149,7754,51287,"Type 1 diabetes mellitus with moderate nonproliferative diabetic retinopathy with macular edema, right eye","Moderate nonproliferative retinopathy due to type 1 diabetes mellitus"
379822,45576637,32445,51263,"Cysts of right eye, unspecified eyelid","Cyst of eyelid"
374036,45538200,19091,51197,"Chronic giant papillary conjunctivitis, left eye","Chronic conjunctivitis"
4334736,45538200,19091,51197,"Chronic giant papillary conjunctivitis, left eye","Giant papillary conjunctivitis"
4266637,37200221,9453,51032,"Type 2 diabetes mellitus with severe nonproliferative diabetic retinopathy without macular edema, unspecified eye","Severe nonproliferative retinopathy without macular edema due to diabetes mellitus"
43530656,37200221,9453,51032,"Type 2 diabetes mellitus with severe nonproliferative diabetic retinopathy without macular edema, unspecified eye","Nonproliferative retinopathy due to type 2 diabetes mellitus"
374338,45543032,14839,50675,"Other non-diabetic proliferative retinopathy, left eye","Nondiabetic proliferative retinopathy"
436701,45557448,22970,50645,"Drusen of optic disc, left eye","Drusen of optic disc"
45757804,45562281,25051,50154,"Sector or arcuate defects, right eye","Sector and/or arcuate visual field defect"
375823,45547912,8398,49890,"Optic nerve hypoplasia, unspecified eye","Hypoplasia of the optic nerve"
44784454,45543085,27598,48726,"Other localized visual field defect, unspecified eye","Localized visual field defect"
4134605,45571998,21814,47908,"Other disorders of optic disc, right eye","Optic disc disorder"
374362,45557357,17205,47871,"Keratoconus, unspecified, left eye","Keratoconus"
436398,45538286,10149,47757,"Glaucoma secondary to other eye disorders, right eye, moderate stage","Glaucoma associated with ocular disorder"
436398,45591351,10466,47730,"Glaucoma secondary to other eye disorders, right eye, indeterminate stage","Glaucoma associated with ocular disorder"
37311952,45571977,6243,47729,"Glaucoma secondary to eye inflammation, bilateral, severe stage","Glaucoma due to eye inflammation"
436398,45533325,10490,47652,"Glaucoma secondary to other eye disorders, left eye, indeterminate stage","Glaucoma associated with ocular disorder"
377558,45581702,28374,47596,"Irregular astigmatism, unspecified eye","Irregular astigmatism"
4009186,45542990,26887,47316,"Arcus senilis, unspecified eye","Arcus senilis"
376981,37200449,28166,47012,"Amblyopia suspect, left eye","Amblyopia"
432312,45557424,13572,46913,"Chronic angle-closure glaucoma, left eye, mild stage","Chronic angle-closure glaucoma"
436398,45552693,10338,46809,"Glaucoma secondary to other eye disorders, left eye, moderate stage","Glaucoma associated with ocular disorder"
375393,45558522,32192,46805,"Laceration without foreign body of unspecified eyelid and periocular area, initial encounter","Laceration of skin of eyelid AND periocular area"
374362,45538228,16958,46713,"Keratoconus, unspecified, right eye","Keratoconus"
376989,45543077,13962,46490,"Duane's syndrome, left eye","Duane's syndrome"
380097,37200150,6935,46457,"Type 1 diabetes mellitus with moderate nonproliferative diabetic retinopathy with macular edema, left eye","Macular edema due to diabetes mellitus"
37016180,37200150,6935,46457,"Type 1 diabetes mellitus with moderate nonproliferative diabetic retinopathy with macular edema, left eye","Moderate nonproliferative retinopathy due to type 1 diabetes mellitus"
376124,45605613,27088,46434,"Pinguecula, unspecified eye","Pinguecula"
4078543,45596107,11749,46424,"Absolute glaucoma, right eye","Absolute glaucoma"
4023310,45557477,18264,45896,"Unqualified visual loss, one eye, unspecified","Blindness AND/OR vision impairment level"
4134605,45543068,20393,45621,"Other disorders of optic disc, left eye","Optic disc disorder"
1077052,45571849,12143,45423,"Mechanical entropion of right lower eyelid","Mechanical entropion of right lower eyelid"
436398,45586466,13841,45399,"Glaucoma secondary to other eye disorders, right eye, stage unspecified","Glaucoma associated with ocular disorder"
373202,45605618,16467,44867,"Unspecified corneal ulcer, unspecified eye","Corneal ulcer"
434926,45562192,10925,44855,"Chronic iridocyclitis, unspecified eye","Iridocyclitis"
4078543,45596108,11397,44686,"Absolute glaucoma, left eye","Absolute glaucoma"
436398,45591352,13668,44597,"Glaucoma secondary to other eye disorders, left eye, stage unspecified","Glaucoma associated with ocular disorder"
36713155,45552555,28223,44480,"Abscess of right lower eyelid","Abscess of right lower eyelid"
438749,45581626,26246,44355,"Posterior subcapsular polar age-related cataract, unspecified eye","Posterior subcapsular polar senile cataract"
381020,45538204,27285,44236,"Conjunctival concretions, left eye","Conjunctival concretion"
375256,45576700,23223,44001,"Anterior subcapsular polar age-related cataract, right eye","Anterior subcapsular polar senile cataract"
312622,37200378,15075,43670,"Tributary (branch) retinal vein occlusion, unspecified eye, stable","Venous retinal branch occlusion"
315276,45581676,20584,43660,"Vitreous hemorrhage, unspecified eye","Vitreous hemorrhage"
36717200,45562118,26639,43000,"Abscess of left lower eyelid","Abscess of left lower eyelid"
37168148,45591317,17222,42735,"Multiple defects of retina without detachment, left eye","Multiple lesions of retina of left eye without detachment"
37168136,45581648,17329,42637,"Multiple defects of retina without detachment, right eye","Multiple lesions of retina of right eye without detachment"
372325,45566919,20232,42485,"Senile ectropion of unspecified eye, unspecified eyelid","Senile ectropion"
374036,45552587,19270,42317,"Unspecified chronic conjunctivitis, unspecified eye","Chronic conjunctivitis"
376981,37200448,25524,42291,"Amblyopia suspect, right eye","Amblyopia"
375256,45586421,21315,41662,"Anterior subcapsular polar age-related cataract, left eye","Anterior subcapsular polar senile cataract"
381444,45577882,22812,41590,"Contusion of eyeball and orbital tissues, left eye, subsequent encounter","Contusion of eye"
4222138,45557269,25617,41121,"Allergic dermatitis of left eye, unspecified eyelid","Allergic contact dermatitis of eyelid"
381020,45586370,24216,40928,"Conjunctival concretions, right eye","Conjunctival concretion"
374036,45576655,23509,40731,"Unspecified chronic conjunctivitis, left eye","Chronic conjunctivitis"
379822,45581545,27016,40558,"Cysts of unspecified eye, unspecified eyelid","Cyst of eyelid"
380097,37200141,7081,40490,"Type 1 diabetes mellitus with mild nonproliferative diabetic retinopathy with macular edema, right eye","Macular edema due to diabetes mellitus"
37016179,37200141,7081,40490,"Type 1 diabetes mellitus with mild nonproliferative diabetic retinopathy with macular edema, right eye","Mild nonproliferative retinopathy due to type 1 diabetes mellitus"
201254,37200145,17315,40363,"Type 1 diabetes mellitus with mild nonproliferative diabetic retinopathy without macular edema, right eye","Type 1 diabetes mellitus"
37016179,37200145,17315,40363,"Type 1 diabetes mellitus with mild nonproliferative diabetic retinopathy without macular edema, right eye","Mild nonproliferative retinopathy due to type 1 diabetes mellitus"
374874,45537833,9746,40358,"Malignant neoplasm of unspecified site of unspecified eye","Primary malignant neoplasm of eye"
381021,45591224,18663,40278,"Unspecified lagophthalmos right eye, unspecified eyelid","Lagophthalmos"
1077020,45533182,8206,39903,"Mechanical entropion of right upper eyelid","Mechanical entropion of right upper eyelid"
40480179,45571911,25069,39533,"Corneal disorder due to contact lens, left eye","Disorder of cornea associated with contact lens"
441558,1595552,21112,39456,"Ulcerative blepharitis right eye, upper and lower eyelids","Ulcerative blepharitis"
379020,45591217,18694,39369,"Unspecified entropion of unspecified eye, unspecified eyelid","Entropion"
1077095,45571851,10704,39249,"Mechanical entropion of left lower eyelid","Mechanical entropion of left lower eyelid"
381444,45568215,21248,39238,"Contusion of eyeball and orbital tissues, right eye, subsequent encounter","Contusion of eye"
4055484,45596063,12972,39095,"Unspecified retinal detachment with retinal break, unspecified eye","Rhegmatogenous retinal detachment"
378423,45543022,15379,39038,"Other retinoschisis and retinal cysts, left eye","Retinoschisis and retinal cysts"
381014,45557327,18558,39031,"Conjunctival pigmentations, right eye","Conjunctival pigmentation"
40480179,45600879,24441,38791,"Corneal disorder due to contact lens, right eye","Disorder of cornea associated with contact lens"
375817,45581587,18923,38671,"Conjunctivochalasis, left eye","Conjunctivochalasis"
37311952,45533321,6630,38603,"Glaucoma secondary to eye inflammation, left eye, severe stage","Glaucoma due to eye inflammation"
381021,45562130,17290,38445,"Unspecified lagophthalmos unspecified eye, unspecified eyelid","Lagophthalmos"
378423,45571950,15105,38431,"Other retinoschisis and retinal cysts, right eye","Retinoschisis and retinal cysts"
374036,45581573,22552,38099,"Unspecified chronic conjunctivitis, right eye","Chronic conjunctivitis"
437273,45581664,5689,37869,"Capsular glaucoma with pseudoexfoliation of lens, unspecified eye, severe stage","Pseudoexfoliation glaucoma"
1077061,45571850,7778,37563,"Mechanical entropion of left upper eyelid","Mechanical entropion of left upper eyelid"
380714,45552611,18592,37500,"Minor opacity of cornea, right eye","Minor opacity of cornea"
379020,45566917,17211,37379,"Unspecified entropion of right eye, unspecified eyelid","Entropion"
4134605,45600946,17795,37326,"Other disorders of optic disc, unspecified eye","Optic disc disorder"
376412,45533213,25295,37186,"Acute follicular conjunctivitis, unspecified eye","Acute follicular conjunctivitis"
3657021,45542926,24009,37055,"Eczematous dermatitis of right lower eyelid","Eczematous dermatitis of right lower eyelid"
441555,45562229,11019,36951,"Retinal telangiectasis, right eye","Retinal telangiectasia"
377875,45571907,14813,36909,"Idiopathic corneal edema, right eye","Idiopathic corneal edema"
375817,45571897,18835,36766,"Conjunctivochalasis, right eye","Conjunctivochalasis"
4184626,45581543,18216,36593,"Eyelid retraction unspecified eye, unspecified lid","Abnormal retraction of eyelid"
438141,45547873,14596,36458,"Age-related reticular degeneration of retina, right eye","Senile reticular retinal degeneration"
4312493,45592496,14244,36411,"Injury of conjunctiva and corneal abrasion without foreign body, unspecified eye, subsequent encounter","Corneal abrasion"
4335891,45592496,14244,36411,"Injury of conjunctiva and corneal abrasion without foreign body, unspecified eye, subsequent encounter","Injury of conjunctiva"
381014,45581581,16990,36217,"Conjunctival pigmentations, left eye","Conjunctival pigmentation"
381021,45542932,17508,36117,"Unspecified lagophthalmos right upper eyelid","Lagophthalmos"
437540,45567036,13374,36066,"Central retinal artery occlusion, unspecified eye","Central retinal artery occlusion"
377283,45596017,22900,35989,"Conjunctival hyperemia, unspecified eye","Conjunctival hyperemia"
45763827,45542939,14999,35905,"Eyelid retraction right upper eyelid","Abnormal retraction of upper eyelid"
437273,45571974,11112,35847,"Capsular glaucoma with pseudoexfoliation of lens, unspecified eye, stage unspecified","Pseudoexfoliation glaucoma"
380113,45538302,18437,35846,"Hemorrhage in optic nerve sheath, left eye","Hemorrhage in optic nerve sheaths"
37311952,45533320,6540,35798,"Glaucoma secondary to eye inflammation, right eye, severe stage","Glaucoma due to eye inflammation"
380113,45543065,18500,35589,"Hemorrhage in optic nerve sheath, right eye","Hemorrhage in optic nerve sheaths"
36712753,45536467,22307,35565,"Foreign body in cornea, right eye, subsequent encounter","Foreign body in right cornea"
377556,45572013,19061,35528,"Sudden visual loss, unspecified eye","Sudden visual loss"
36684720,45533236,18607,35397,"Episcleritis periodica fugax, left eye","Episcleritis of left eye"
375266,45542960,24596,35358,"Serous conjunctivitis, except viral, left eye","Serous conjunctivitis, except viral"
441558,1595553,19281,35232,"Ulcerative blepharitis left eye, upper and lower eyelids","Ulcerative blepharitis"
36684727,45542980,12276,35135,"Unspecified corneal neovascularization, left eye","Neovascularization of left cornea"
375266,45557324,24260,35044,"Serous conjunctivitis, except viral, right eye","Serous conjunctivitis, except viral"
441555,45576733,9985,34851,"Retinal telangiectasis, left eye","Retinal telangiectasia"
437544,45600903,13320,34432,"Retinal artery branch occlusion, unspecified eye","Arterial retinal branch occlusion"
380397,45596026,19215,34393,"Unspecified keratoconjunctivitis, left eye","Keratoconjunctivitis"
436398,45552694,7780,34277,"Glaucoma secondary to other eye disorders, bilateral, moderate stage","Glaucoma associated with ocular disorder"
380097,37200142,6006,34211,"Type 1 diabetes mellitus with mild nonproliferative diabetic retinopathy with macular edema, left eye","Macular edema due to diabetes mellitus"
37016179,37200142,6006,34211,"Type 1 diabetes mellitus with mild nonproliferative diabetic retinopathy with macular edema, left eye","Mild nonproliferative retinopathy due to type 1 diabetes mellitus"
380714,45581604,17210,34178,"Minor opacity of cornea, left eye","Minor opacity of cornea"
377875,45605632,13948,34168,"Idiopathic corneal edema, left eye","Idiopathic corneal edema"
380097,37200157,3830,34106,"Type 1 diabetes mellitus with severe nonproliferative diabetic retinopathy with macular edema, right eye","Macular edema due to diabetes mellitus"
45763583,37200157,3830,34106,"Type 1 diabetes mellitus with severe nonproliferative diabetic retinopathy with macular edema, right eye","Nonproliferative diabetic retinopathy due to type 1 diabetes mellitus"
376114,37200157,3830,34106,"Type 1 diabetes mellitus with severe nonproliferative diabetic retinopathy with macular edema, right eye","Severe nonproliferative retinopathy due to diabetes mellitus"
36712754,45565290,21471,34061,"Foreign body in cornea, left eye, subsequent encounter","Foreign body in left cornea"
375551,45586341,19553,34061,"Blepharochalasis right eye, unspecified eyelid","Blepharochalasis"
434033,45605660,9292,33932,"Unspecified chorioretinal inflammation, unspecified eye","Chorioretinitis"
45757720,1326549,7425,33815,"Blindness right eye category 3, low vision left eye category 1","Blind right eye, low vision left eye"
3656899,45576622,13113,33803,"Cicatricial entropion of right lower eyelid","Cicatricial entropion of right lower eyelid"
374347,45562157,18135,33696,"Unspecified blepharoconjunctivitis, unspecified eye","Blepharoconjunctivitis"
201254,37200146,14795,33594,"Type 1 diabetes mellitus with mild nonproliferative diabetic retinopathy without macular edema, left eye","Type 1 diabetes mellitus"
37016179,37200146,14795,33594,"Type 1 diabetes mellitus with mild nonproliferative diabetic retinopathy without macular edema, left eye","Mild nonproliferative retinopathy due to type 1 diabetes mellitus"
45771093,45595978,18352,33344,"Senile ectropion of right upper eyelid","Senile ectropion of upper eyelid"
381308,45591213,21461,33301,"Abscess of eyelid unspecified eye, unspecified eyelid","Abscess of eyelid"
36684661,45581599,12004,33293,"Unspecified corneal neovascularization, right eye","Neovascularization of right cornea"
381021,45566922,14865,33134,"Unspecified lagophthalmos left eye, unspecified eyelid","Lagophthalmos"
433909,45536470,26488,33127,"Foreign body on external eye, part unspecified, unspecified eye, initial encounter","Foreign body on external eye"
381281,45567073,16166,33075,"Degenerative myopia, unspecified eye","Degenerative progressive high myopia"
438141,45591329,13309,32820,"Age-related reticular degeneration of retina, left eye","Senile reticular retinal degeneration"
36684654,45576666,17395,32722,"Episcleritis periodica fugax, right eye","Episcleritis of right eye"
375551,45538167,18885,32705,"Blepharochalasis left eye, unspecified eyelid","Blepharochalasis"
441582,45571898,8710,32601,"Anterior scleritis, left eye","Anterior scleritis"
440396,45567059,5918,32590,"Glaucoma secondary to eye trauma, right eye, severe stage","Glaucoma due to ocular trauma"
45763827,45533192,13685,32583,"Eyelid retraction left upper eyelid","Abnormal retraction of upper eyelid"
380397,45571902,18223,32544,"Unspecified keratoconjunctivitis, right eye","Keratoconjunctivitis"
43530656,37200217,5855,32495,"Type 2 diabetes mellitus with severe nonproliferative diabetic retinopathy with macular edema, unspecified eye","Nonproliferative retinopathy due to type 2 diabetes mellitus"
4290822,37200217,5855,32495,"Type 2 diabetes mellitus with severe nonproliferative diabetic retinopathy with macular edema, unspecified eye","Severe nonproliferative retinopathy with clinically significant macular edema due to diabetes mellitus"
45757721,1326581,12140,32491,"Blindness left eye category 5, normal vision right eye","Blind left eye, normal vision right eye"
381021,45566921,15821,32428,"Unspecified lagophthalmos left upper eyelid","Lagophthalmos"
381252,45557072,15806,32338,"Benign neoplasm of unspecified part of right eye","Benign neoplasm of eye"
372629,37200399,18872,32309,"Nonexudative age-related macular degeneration, unspecified eye, early dry stage","Nonexudative age-related macular degeneration"
4103741,1326571,10948,32171,"Low vision right eye category 2, low vision left eye category 2","Low vision, both eyes"
40443516,45552567,18937,32102,"Xanthelasma of unspecified eye, unspecified eyelid","Xanthelasma"
440396,45596092,6117,31981,"Glaucoma secondary to eye trauma, left eye, severe stage","Glaucoma due to ocular trauma"
441582,45533231,8569,31536,"Anterior scleritis, right eye","Anterior scleritis"
377280,45562188,12937,31514,"Other specified disorders of cornea, unspecified eye","Disorder of cornea"
4143365,45600966,16662,31225,"Generalized contraction of visual field, left eye","Generalized visual field constriction"
375552,45533223,9880,31209,"Amyloid pterygium of right eye","Pterygium"
4220669,45533223,9880,31209,"Amyloid pterygium of right eye","Ocular amyloid deposit"
45770919,45605646,4598,31201,"Unspecified infantile and juvenile cataract, unspecified eye","Infantile and/or juvenile cataract"
374874,45537834,7096,31127,"Malignant neoplasm of unspecified site of right eye","Primary malignant neoplasm of eye"
380097,37200252,4854,31079,"Type 2 diabetes mellitus with diabetic macular edema, resolved following treatment, left eye","Macular edema due to diabetes mellitus"
201826,37200252,4854,31079,"Type 2 diabetes mellitus with diabetic macular edema, resolved following treatment, left eye","Type 2 diabetes mellitus"
376401,45571925,12632,31043,"Unspecified traumatic cataract, right eye","Traumatic cataract"
37207865,45557272,11768,30929,"Spastic entropion of right lower eyelid","Spastic entropion of right lower eyelid"
380110,45596037,12603,30929,"Keratoconus, stable, right eye","Keratoconus, stable condition"
45757719,1326577,10396,30874,"Blindness right eye category 5, normal vision left eye","Blind right eye, normal vision left eye"
379020,45581531,14532,30735,"Unspecified entropion of left eye, unspecified eyelid","Entropion"
376401,45562211,12640,30717,"Unspecified traumatic cataract, left eye","Traumatic cataract"
437273,45591344,5555,30684,"Capsular glaucoma with pseudoexfoliation of lens, unspecified eye, moderate stage","Pseudoexfoliation glaucoma"
380097,37200158,3448,30638,"Type 1 diabetes mellitus with severe nonproliferative diabetic retinopathy with macular edema, left eye","Macular edema due to diabetes mellitus"
45763583,37200158,3448,30638,"Type 1 diabetes mellitus with severe nonproliferative diabetic retinopathy with macular edema, left eye","Nonproliferative diabetic retinopathy due to type 1 diabetes mellitus"
376114,37200158,3448,30638,"Type 1 diabetes mellitus with severe nonproliferative diabetic retinopathy with macular edema, left eye","Severe nonproliferative retinopathy due to diabetes mellitus"
381295,45562206,8295,30591,"Age-related cataract, morgagnian type, unspecified eye","Senile cataract"
4130588,45562206,8295,30591,"Age-related cataract, morgagnian type, unspecified eye","Morgagnian cataract"
4143365,45591391,16292,30561,"Generalized contraction of visual field, right eye","Generalized visual field constriction"
376119,45542975,5052,30514,"Perforated corneal ulcer, left eye","Perforated corneal ulcer"
3656984,45547780,11657,30478,"Cicatricial entropion of left lower eyelid","Cicatricial entropion of left lower eyelid"
372914,45571997,13548,30383,"Other optic atrophy, unspecified eye","Optic atrophy"
378439,45586495,13828,30264,"Fourth [trochlear] nerve palsy, unspecified eye","Fourth nerve palsy"
434944,45566966,9591,30249,"Unspecified scleritis, unspecified eye","Scleritis"
3657022,45571847,20468,30195,"Eczematous dermatitis of left lower eyelid","Eczematous dermatitis of left lower eyelid"
381252,45571609,15068,30180,"Benign neoplasm of unspecified part of left eye","Benign neoplasm of eye"
37311952,45533322,5032,30178,"Glaucoma secondary to eye inflammation, bilateral, moderate stage","Glaucoma due to eye inflammation"
434337,45567039,13972,30099,"Changes in retinal vascular appearance, unspecified eye","Retinal vascular disorder"
374874,45595681,7144,29965,"Malignant neoplasm of unspecified site of left eye","Primary malignant neoplasm of eye"
436398,45567064,7608,29727,"Glaucoma secondary to other eye disorders, right eye, mild stage","Glaucoma associated with ocular disorder"
377868,45581602,12977,29475,"Pannus (corneal), left eye","Corneal pannus"
436398,45591353,7272,29215,"Glaucoma secondary to other eye disorders, bilateral, indeterminate stage","Glaucoma associated with ocular disorder"
380110,45542992,12270,29146,"Keratoconus, stable, left eye","Keratoconus, stable condition"
45757373,45571888,18135,28910,"Pingueculitis, left eye","Pingueculitis"
375823,45581688,8311,28792,"Optic nerve hypoplasia, right eye","Hypoplasia of the optic nerve"
433633,45563388,17283,28775,"Injury of conjunctiva and corneal abrasion without foreign body, right eye, sequela","Late effect of superficial injury"
376119,45552606,4916,28759,"Perforated corneal ulcer, right eye","Perforated corneal ulcer"
319016,45576736,15506,28615,"Lattice degeneration of retina, unspecified eye","Retinal lattice degeneration"
37207896,45586368,13366,28594,"Central pterygium of right eye","Central pterygium of right eye"
377868,45552608,12799,28509,"Pannus (corneal), right eye","Corneal pannus"
436398,45567065,8887,28489,"Glaucoma secondary to other eye disorders, bilateral, stage unspecified","Glaucoma associated with ocular disorder"
433471,45586444,9271,28429,"Retinal neovascularization, unspecified, unspecified eye","Retinal neovascularization"
37207956,45533225,13410,28170,"Central pterygium of left eye","Central pterygium of left eye"
436975,45567054,7807,27815,"Pigmentary glaucoma, right eye, mild stage","Pigmentary glaucoma"
376989,45557462,8692,27720,"Duane's syndrome, right eye","Duane's syndrome"
375258,45566979,17763,27701,"Photokeratitis, unspecified eye","Photokeratitis"
375552,45547808,9144,27669,"Amyloid pterygium of eye, bilateral","Pterygium"
4220669,45547808,9144,27669,"Amyloid pterygium of eye, bilateral","Ocular amyloid deposit"
437557,45547778,18402,27602,"Eczematous dermatitis of right eye, unspecified eyelid","Eczematous dermatitis of eyelid"
37311952,45538285,5355,27529,"Glaucoma secondary to eye inflammation, left eye, moderate stage","Glaucoma due to eye inflammation"
373194,45576628,14180,27473,"Paralytic ptosis of left eyelid","Paralytic ptosis"
37168128,45543023,12228,27454,"Unspecified retinal break, unspecified eye","Break of retina"
373194,45576627,13801,27329,"Paralytic ptosis of right eyelid","Paralytic ptosis"
375552,45586367,8556,27183,"Amyloid pterygium of left eye","Pterygium"
4220669,45586367,8556,27183,"Amyloid pterygium of left eye","Ocular amyloid deposit"
373194,45595983,14748,27141,"Paralytic ptosis of bilateral eyelids","Paralytic ptosis"
37311952,45600922,5124,27136,"Glaucoma secondary to eye inflammation, right eye, moderate stage","Glaucoma due to eye inflammation"
375823,45591377,8365,27080,"Optic nerve hypoplasia, left eye","Hypoplasia of the optic nerve"
45771093,45557279,15460,27046,"Senile ectropion of left upper eyelid","Senile ectropion of upper eyelid"
436398,45596096,7003,26878,"Glaucoma secondary to other eye disorders, left eye, mild stage","Glaucoma associated with ocular disorder"
45757373,45576657,17104,26866,"Pingueculitis, right eye","Pingueculitis"
375404,45549055,8786,26745,"Ocular laceration and rupture with prolapse or loss of intraocular tissue, left eye, initial encounter","Ocular laceration with prolapse AND/OR exposure of intraocular tissue"
433196,45591309,13780,26669,"Unspecified chorioretinal scars, unspecified eye","Chorioretinal scar"
433633,45606898,15700,26554,"Injury of conjunctiva and corneal abrasion without foreign body, left eye, sequela","Late effect of superficial injury"
437557,45552556,17957,26437,"Eczematous dermatitis of left eye, unspecified eyelid","Eczematous dermatitis of eyelid"
4334734,45534544,17084,26105,"Penetrating wound of orbit with or without foreign body, left eye, initial encounter","Penetrating wound of orbit"
379812,45591273,11023,25994,"Exposure keratoconjunctivitis, unspecified eye","Exposure keratoconjunctivitis"
4219836,45558497,17192,25755,"Contusion of left eyelid and periocular area, subsequent encounter","Contusion of ocular adnexa and periocular tissues"
37207925,45557273,9573,25701,"Spastic entropion of left lower eyelid","Spastic entropion of left lower eyelid"
372906,1326542,4686,25701,"Blindness right eye category 4, blindness left eye category 4","Blindness - both eyes"
45757722,1326558,6777,25635,"Low vision right eye category 1, blindness left eye category 3","Blind left eye, low vision right eye"
4317981,45581530,12792,25279,"Unspecified entropion of right upper eyelid","Upper eyelid entropion"
380097,37200027,3735,25022,"Diabetes mellitus due to underlying condition with mild nonproliferative diabetic retinopathy with macular edema, right eye","Macular edema due to diabetes mellitus"
195771,37200027,3735,25022,"Diabetes mellitus due to underlying condition with mild nonproliferative diabetic retinopathy with macular edema, right eye","Secondary diabetes mellitus"
35626038,37200027,3735,25022,"Diabetes mellitus due to underlying condition with mild nonproliferative diabetic retinopathy with macular edema, right eye","Mild nonproliferative retinopathy of right eye due to diabetes mellitus"
45771089,45581536,16819,24958,"Blepharochalasis right lower eyelid","Blepharochalasis of lower eyelid"
437273,45557421,5440,24937,"Capsular glaucoma with pseudoexfoliation of lens, unspecified eye, mild stage","Pseudoexfoliation glaucoma"
37207902,45576633,13743,24927,"Xanthelasma of left upper eyelid","Xanthoma of left upper eyelid"
436398,45605689,6678,24849,"Glaucoma secondary to other eye disorders, bilateral, mild stage","Glaucoma associated with ocular disorder"
372907,45567025,12351,24806,"Macula scars of posterior pole (postinflammatory) (post-traumatic), unspecified eye","Scarred macula"
37207842,45538168,13598,24784,"Xanthelasma of right upper eyelid","Xanthoma of right upper eyelid"
380729,45567081,7931,24756,"Primary optic atrophy, unspecified eye","Primary optic atrophy"
45763779,45576625,12443,24699,"Senile entropion of right upper eyelid","Senile entropion of upper eyelid"
441560,45543003,10533,24414,"Anterior synechiae (iris), right eye","Anterior synechiae"
375404,45544237,8442,24404,"Ocular laceration and rupture with prolapse or loss of intraocular tissue, right eye, initial encounter","Ocular laceration with prolapse AND/OR exposure of intraocular tissue"
373756,45562227,7551,24292,"Exudative retinopathy, right eye","Exudative retinopathy"
436975,45591339,5589,24187,"Pigmentary glaucoma, left eye, moderate stage","Pigmentary glaucoma"
436975,45547884,6147,24106,"Pigmentary glaucoma, left eye, mild stage","Pigmentary glaucoma"
4334734,45553830,15797,23964,"Penetrating wound of orbit with or without foreign body, right eye, initial encounter","Penetrating wound of orbit"
373756,45557399,7590,23928,"Exudative retinopathy, left eye","Exudative retinopathy"
4219836,45606836,15456,23878,"Contusion of right eyelid and periocular area, subsequent encounter","Contusion of ocular adnexa and periocular tissues"
380097,37200254,3446,23856,"Type 2 diabetes mellitus with diabetic macular edema, resolved following treatment, unspecified eye","Macular edema due to diabetes mellitus"
201826,37200254,3446,23856,"Type 2 diabetes mellitus with diabetic macular edema, resolved following treatment, unspecified eye","Type 2 diabetes mellitus"
441011,45567049,5543,23806,"Hemorrhagic detachment of retinal pigment epithelium, right eye","Hemorrhagic detachment of retinal pigment epithelium"
380097,37200168,3687,23725,"Type 1 diabetes mellitus with proliferative diabetic retinopathy with macular edema, unspecified eye","Macular edema due to diabetes mellitus"
45763584,37200168,3687,23725,"Type 1 diabetes mellitus with proliferative diabetic retinopathy with macular edema, unspecified eye","Proliferative retinopathy due to type 1 diabetes mellitus"
441558,45600817,13939,23709,"Ulcerative blepharitis right eye, unspecified eyelid","Ulcerative blepharitis"
441011,45538271,5524,23691,"Hemorrhagic detachment of retinal pigment epithelium, left eye","Hemorrhagic detachment of retinal pigment epithelium"
443740,725330,16612,23392,"Endothelial corneal dystrophy, unspecified eye","Corneal endothelial dystrophy"
438150,45567029,5922,23315,"Serous choroidal detachment, right eye","Serous choroidal detachment"
4338759,45547495,9419,23310,"Squamous cell carcinoma of skin of unspecified eyelid, including canthus","Squamous cell carcinoma of eyelid"
437273,45586452,9488,23259,"Capsular glaucoma with pseudoexfoliation of lens, left eye, stage unspecified","Pseudoexfoliation glaucoma"
433207,45533237,10938,23149,"Nodular episcleritis, left eye","Nodular episcleritis"
375821,45538166,8156,23115,"Paralytic lagophthalmos right upper eyelid","Paralytic lagophthalmos"
432312,45581665,9232,23084,"Chronic angle-closure glaucoma, right eye, stage unspecified","Chronic angle-closure glaucoma"
436975,45600919,5506,23013,"Pigmentary glaucoma, right eye, moderate stage","Pigmentary glaucoma"
372479,45602087,7632,22975,"Ocular laceration without prolapse or loss of intraocular tissue, left eye, subsequent encounter","Laceration of eye"
437273,45600921,9530,22930,"Capsular glaucoma with pseudoexfoliation of lens, right eye, stage unspecified","Pseudoexfoliation glaucoma"
438150,45591311,5872,22770,"Serous choroidal detachment, left eye","Serous choroidal detachment"
45771089,45533187,15360,22708,"Blepharochalasis left lower eyelid","Blepharochalasis of lower eyelid"
374649,45596132,10801,22676,"Strabismic amblyopia, unspecified eye","Strabismic amblyopia"
375821,45600828,7859,22641,"Paralytic lagophthalmos left upper eyelid","Paralytic lagophthalmos"
441560,45596045,9884,22450,"Anterior synechiae (iris), left eye","Anterior synechiae"
372479,45592500,13933,22257,"Ocular laceration without prolapse or loss of intraocular tissue, unspecified eye, initial encounter","Laceration of eye"
434943,45552581,9245,22245,"Constant exophthalmos, left eye","Constant exophthalmos"
377272,45538270,12767,22130,"Secondary vitreoretinal degeneration, left eye","Secondary vitreoretinal degeneration"
45763774,45566999,7615,21915,"Keratoconus, unstable, left eye","Unstable keratoconus"
441712,45587559,15288,21912,"Unspecified open wound of left eyelid and periocular area, initial encounter","Open wound of ocular adnexa"
380097,37200051,3187,21904,"Diabetes mellitus due to underlying condition with proliferative diabetic retinopathy with macular edema, right eye","Macular edema due to diabetes mellitus"
195771,37200051,3187,21904,"Diabetes mellitus due to underlying condition with proliferative diabetic retinopathy with macular edema, right eye","Secondary diabetes mellitus"
37311952,45596094,4605,21885,"Glaucoma secondary to eye inflammation, left eye, mild stage","Glaucoma due to eye inflammation"
37116419,1326511,3640,21867,"Degenerative myopia with choroidal neovascularization, right eye","Myopic choroidal neovascularization"
3656854,45571848,7612,21865,"Cicatricial entropion of right upper eyelid","Cicatricial entropion of right upper eyelid"
4009186,45547831,12757,21852,"Arcus senilis, right eye","Arcus senilis"
441284,45596086,3977,21790,"Residual stage of open-angle glaucoma, right eye","Open-angle glaucoma"
37311952,45547894,4700,21755,"Glaucoma secondary to eye inflammation, right eye, mild stage","Glaucoma due to eye inflammation"
195771,37200031,6128,21704,"Diabetes mellitus due to underlying condition with mild nonproliferative diabetic retinopathy without macular edema, right eye","Secondary diabetes mellitus"
35626038,37200031,6128,21704,"Diabetes mellitus due to underlying condition with mild nonproliferative diabetic retinopathy without macular edema, right eye","Mild nonproliferative retinopathy of right eye due to diabetes mellitus"
376116,45605713,11655,21694,"Scotoma involving central area, unspecified eye","Central scotoma"
43530685,37200245,6020,21639,"Type 2 diabetes mellitus with stable proliferative diabetic retinopathy, unspecified eye","Proliferative retinopathy due to type 2 diabetes mellitus"
201826,37200245,6020,21639,"Type 2 diabetes mellitus with stable proliferative diabetic retinopathy, unspecified eye","Type 2 diabetes mellitus"
432312,45591346,8381,21617,"Chronic angle-closure glaucoma, left eye, stage unspecified","Chronic angle-closure glaucoma"
441712,45553784,15113,21607,"Unspecified open wound of right eyelid and periocular area, initial encounter","Open wound of ocular adnexa"
433207,45552601,10246,21603,"Nodular episcleritis, right eye","Nodular episcleritis"
37116419,1326512,3690,21570,"Degenerative myopia with choroidal neovascularization, left eye","Myopic choroidal neovascularization"
436701,45576782,10921,21423,"Drusen of optic disc, unspecified eye","Drusen of optic disc"
4317981,45552559,10699,21353,"Unspecified entropion of left upper eyelid","Upper eyelid entropion"
435262,37200446,8134,21339,"Primary open-angle glaucoma, unspecified eye, indeterminate stage","Primary open angle glaucoma"
36684693,45591258,8251,21283,"Recurrent pterygium of left eye","Recurrent pterygium of left eye"
372325,45557278,11783,21157,"Senile ectropion of right eye, unspecified eyelid","Senile ectropion"
375283,45571886,12901,21079,"Angular blepharoconjunctivitis, right eye","Angular blepharoconjunctivitis"
372479,45544239,7167,21046,"Ocular laceration without prolapse or loss of intraocular tissue, right eye, subsequent encounter","Laceration of eye"
436975,45571967,3993,20776,"Pigmentary glaucoma, right eye, severe stage","Pigmentary glaucoma"
439815,45586435,10248,20738,"Choroidal degeneration, unspecified, right eye","Choroidal degeneration"
45763774,45542993,7238,20597,"Keratoconus, unstable, right eye","Unstable keratoconus"
441284,45562240,3790,20528,"Residual stage of open-angle glaucoma, left eye","Open-angle glaucoma"
377272,45552677,11567,20519,"Secondary vitreoretinal degeneration, right eye","Secondary vitreoretinal degeneration"
4197154,45571935,4281,20468,"Posterior cyclitis, right eye","Posterior cyclitis"
381021,45600826,10628,20420,"Unspecified lagophthalmos right lower eyelid","Lagophthalmos"
434943,45581560,8403,20217,"Constant exophthalmos, right eye","Constant exophthalmos"
381033,45605652,10309,20191,"Aphakia, unspecified eye","Aphakia"
36684630,45542961,7784,20170,"Recurrent pterygium of right eye","Recurrent pterygium of right eye"
45763779,45600821,10067,20095,"Senile entropion of left upper eyelid","Senile entropion of upper eyelid"
1077019,45605581,9736,20053,"Mechanical lagophthalmos right upper eyelid","Mechanical lagophthalmos of right upper eyelid"
432312,45547890,5349,19999,"Chronic angle-closure glaucoma, right eye, indeterminate stage","Chronic angle-closure glaucoma"
432640,45552604,4429,19990,"Corneal ulcer with hypopyon, left eye","Hypopyon ulcer"
45772079,45557401,10534,19930,"Retinopathy of prematurity, stage 0, right eye","Retinopathy of prematurity stage 0"
433909,45604018,15144,19910,"Foreign body in other and multiple parts of external eye, right eye, initial encounter","Foreign body on external eye"
375283,45533221,12566,19900,"Angular blepharoconjunctivitis, left eye","Angular blepharoconjunctivitis"
4319604,45566918,11415,19863,"Unspecified ectropion of right upper eyelid","Upper eyelid ectropion"
433909,45608757,15010,19682,"Foreign body in other and multiple parts of external eye, left eye, initial encounter","Foreign body on external eye"
378743,37200034,3549,19641,"Diabetes mellitus due to underlying condition with mild nonproliferative diabetic retinopathy without macular edema, unspecified eye","Mild nonproliferative retinopathy due to diabetes mellitus"
195771,37200034,3549,19641,"Diabetes mellitus due to underlying condition with mild nonproliferative diabetic retinopathy without macular edema, unspecified eye","Secondary diabetes mellitus"
4318523,45547838,7371,19572,"Pupillary membranes, right eye","Persistent pupillary membranes"
380097,37200054,2599,19554,"Diabetes mellitus due to underlying condition with proliferative diabetic retinopathy with macular edema, unspecified eye","Macular edema due to diabetes mellitus"
195771,37200054,2599,19554,"Diabetes mellitus due to underlying condition with proliferative diabetic retinopathy with macular edema, unspecified eye","Secondary diabetes mellitus"
380096,37200054,2599,19554,"Diabetes mellitus due to underlying condition with proliferative diabetic retinopathy with macular edema, unspecified eye","Proliferative retinopathy due to diabetes mellitus"
379816,45533219,12797,19412,"Simple chronic conjunctivitis, left eye","Simple chronic conjunctivitis"
374643,45566975,10394,19410,"Unspecified superficial keratitis, unspecified eye","Superficial keratitis"
3656938,45586335,6524,19392,"Cicatricial entropion of left upper eyelid","Cicatricial entropion of left upper eyelid"
4152163,45534547,9969,19369,"Unspecified injury of left eye and orbit, subsequent encounter","Injury of eye region"
375266,45566957,14563,19306,"Serous conjunctivitis, except viral, unspecified eye","Serous conjunctivitis, except viral"
373204,45571892,6307,19196,"Conjunctival xerosis, unspecified, unspecified eye","Conjunctival xerosis"
436975,45571968,3888,19123,"Pigmentary glaucoma, left eye, severe stage","Pigmentary glaucoma"
4318523,45586420,7128,19074,"Pupillary membranes, left eye","Persistent pupillary membranes"
380097,37200144,2874,19009,"Type 1 diabetes mellitus with mild nonproliferative diabetic retinopathy with macular edema, unspecified eye","Macular edema due to diabetes mellitus"
37016179,37200144,2874,19009,"Type 1 diabetes mellitus with mild nonproliferative diabetic retinopathy with macular edema, unspecified eye","Mild nonproliferative retinopathy due to type 1 diabetes mellitus"
380397,45576674,10074,18994,"Unspecified keratoconjunctivitis, unspecified eye","Keratoconjunctivitis"
381021,45562129,10175,18930,"Unspecified lagophthalmos left lower eyelid","Lagophthalmos"
379816,45600845,12544,18909,"Simple chronic conjunctivitis, right eye","Simple chronic conjunctivitis"
4197154,45605659,4269,18894,"Posterior cyclitis, left eye","Posterior cyclitis"
374036,45552588,7303,18821,"Chronic giant papillary conjunctivitis, unspecified eye","Chronic conjunctivitis"
4334736,45552588,7303,18821,"Chronic giant papillary conjunctivitis, unspecified eye","Giant papillary conjunctivitis"
432312,45586456,5289,18708,"Chronic angle-closure glaucoma, left eye, indeterminate stage","Chronic angle-closure glaucoma"
37311952,45581672,3834,18606,"Glaucoma secondary to eye inflammation, bilateral, mild stage","Glaucoma due to eye inflammation"
437847,45552668,7968,18505,"Partial retinal artery occlusion, unspecified eye","Partial retinal artery occlusion"
435269,45576775,6707,18490,"Optic papillitis, right eye","Optic papillitis"
381569,45542936,9587,18449,"Myogenic ptosis of unspecified eyelid","Myogenic ptosis"
432640,45591272,4017,18421,"Corneal ulcer with hypopyon, right eye","Hypopyon ulcer"
374642,45605647,7214,18417,"Total traumatic cataract, right eye","Total traumatic cataract"
37311952,45576752,5221,18413,"Glaucoma secondary to eye inflammation, unspecified eye, stage unspecified","Glaucoma due to eye inflammation"
432768,45555706,13708,18368,"Foreign body in cornea, unspecified eye, initial encounter","Corneal foreign body"
380097,37200028,2659,18254,"Diabetes mellitus due to underlying condition with mild nonproliferative diabetic retinopathy with macular edema, left eye","Macular edema due to diabetes mellitus"
35626039,37200028,2659,18254,"Diabetes mellitus due to underlying condition with mild nonproliferative diabetic retinopathy with macular edema, left eye","Mild nonproliferative retinopathy of left eye due to diabetes mellitus"
195771,37200028,2659,18254,"Diabetes mellitus due to underlying condition with mild nonproliferative diabetic retinopathy with macular edema, left eye","Secondary diabetes mellitus"
375428,45563382,1609,18245,"Injury of optic nerve, unspecified eye, initial encounter","Traumatic optic nerve injury"
4338759,1595502,6979,18231,"Squamous cell carcinoma of skin of left lower eyelid, including canthus","Squamous cell carcinoma of eyelid"
439815,45567026,9044,18214,"Choroidal degeneration, unspecified, left eye","Choroidal degeneration"
374642,45533281,6866,18163,"Total traumatic cataract, left eye","Total traumatic cataract"
1077060,45595981,8853,18080,"Mechanical lagophthalmos left upper eyelid","Mechanical lagophthalmos of left upper eyelid"
440396,45605684,3895,18078,"Glaucoma secondary to eye trauma, left eye, moderate stage","Glaucoma due to ocular trauma"
4191001,45557425,2659,17968,"Residual stage of angle-closure glaucoma, right eye","Angle-closure glaucoma"
374351,45571895,7720,17818,"Scarring of conjunctiva, left eye","Conjunctival scar"
374351,45586372,7609,17800,"Scarring of conjunctiva, right eye","Conjunctival scar"
441669,35210762,10007,17789,"Congenital malformation of posterior segment of eye, unspecified","Congenital anomaly of posterior segment of eye"
4184626,45605584,8504,17756,"Eyelid retraction right eye, unspecified eyelid","Abnormal retraction of eyelid"
433195,45596068,8129,17675,"Transient retinal artery occlusion, right eye","Transient arterial retinal occlusion"
35626039,37200032,5150,17635,"Diabetes mellitus due to underlying condition with mild nonproliferative diabetic retinopathy without macular edema, left eye","Mild nonproliferative retinopathy of left eye due to diabetes mellitus"
195771,37200032,5150,17635,"Diabetes mellitus due to underlying condition with mild nonproliferative diabetic retinopathy without macular edema, left eye","Secondary diabetes mellitus"
201254,37200153,6426,17556,"Type 1 diabetes mellitus with moderate nonproliferative diabetic retinopathy without macular edema, right eye","Type 1 diabetes mellitus"
37016180,37200153,6426,17556,"Type 1 diabetes mellitus with moderate nonproliferative diabetic retinopathy without macular edema, right eye","Moderate nonproliferative retinopathy due to type 1 diabetes mellitus"
435269,45600943,6263,17530,"Optic papillitis, left eye","Optic papillitis"
433491,45586400,10280,17393,"Corneal edema secondary to contact lens, right eye","Corneal edema caused by wearing of contact lenses"
435993,45589508,12125,17301,"Foreign body in conjunctival sac, unspecified eye, initial encounter","Foreign body in conjunctival sac"
437269,45586459,8876,17258,"Intermittent angle-closure glaucoma, right eye","Intermittent angle-closure glaucoma"
376973,45586424,3749,17241,"Cataract secondary to ocular disorders (degenerative) (inflammatory), unspecified eye","Cataract due to ocular disease"
437273,45586453,5412,17145,"Capsular glaucoma with pseudoexfoliation of lens, left eye, indeterminate stage","Pseudoexfoliation glaucoma"
4180778,45567105,9925,17031,"Other disorders of the left eye following cataract surgery","Visual system complication of procedure"
37208010,45538234,7113,16982,"Degeneration of iris (pigmentary), right eye","Pigment dispersion syndrome of right eye"
372629,37200400,8973,16978,"Nonexudative age-related macular degeneration, unspecified eye, intermediate dry stage","Nonexudative age-related macular degeneration"
439018,45605638,5688,16978,"Hypopyon, right eye","Hypopyon"
4152163,45577889,9252,16901,"Unspecified injury of right eye and orbit, subsequent encounter","Injury of eye region"
4180778,45576800,9862,16894,"Other disorders of the right eye following cataract surgery","Visual system complication of procedure"
381570,45562132,9221,16830,"Mechanical ptosis of unspecified eyelid","Mechanical ptosis"
381296,45552623,6904,16811,"Nodular corneal degeneration, unspecified eye","Nodular degeneration of cornea"
438152,45552590,5291,16756,"Symblepharon, left eye","Symblepharon"
437860,45547854,4880,16644,"Unspecified choroidal detachment, right eye","Choroidal detachment"
45772079,45538262,7955,16640,"Retinopathy of prematurity, stage 0, unspecified eye","Retinopathy of prematurity stage 0"
40274883,45600934,5997,16634,"Atrophy of globe, unspecified eye","Phthisis bulbi"
437269,45586460,8326,16607,"Intermittent angle-closure glaucoma, left eye","Intermittent angle-closure glaucoma"
375250,45552671,7919,16596,"Retinopathy of prematurity, stage 1, right eye","Retinopathy of prematurity stage 1 - demarcation line"
433491,45547828,9689,16585,"Corneal edema secondary to contact lens, left eye","Corneal edema caused by wearing of contact lenses"
45763813,45576636,11988,16576,"Retained foreign body in right upper eyelid","Retained foreign body of upper eyelid"
4191001,45596090,2532,16562,"Residual stage of angle-closure glaucoma, left eye","Angle-closure glaucoma"
437867,45538254,4544,16548,"Unspecified choroidal hemorrhage, right eye","Choroidal hemorrhage"
439018,45581617,5447,16480,"Hypopyon, left eye","Hypopyon"
4338759,1595500,6310,16456,"Squamous cell carcinoma of skin of right lower eyelid, including canthus","Squamous cell carcinoma of eyelid"
441558,45542923,9722,16411,"Ulcerative blepharitis left eye, unspecified eyelid","Ulcerative blepharitis"
376411,45562160,8824,16372,"Central pterygium of eye, bilateral","Central pterygium"
4184626,45591226,7842,16335,"Eyelid retraction left eye, unspecified eyelid","Abnormal retraction of eyelid"
380097,37200030,1966,16307,"Diabetes mellitus due to underlying condition with mild nonproliferative diabetic retinopathy with macular edema, unspecified eye","Macular edema due to diabetes mellitus"
378743,37200030,1966,16307,"Diabetes mellitus due to underlying condition with mild nonproliferative diabetic retinopathy with macular edema, unspecified eye","Mild nonproliferative retinopathy due to diabetes mellitus"
195771,37200030,1966,16307,"Diabetes mellitus due to underlying condition with mild nonproliferative diabetic retinopathy with macular edema, unspecified eye","Secondary diabetes mellitus"
43530685,37200238,3293,16215,"Type 2 diabetes mellitus with proliferative diabetic retinopathy with combined traction retinal detachment and rhegmatogenous retinal detachment, left eye","Proliferative retinopathy due to type 2 diabetes mellitus"
4338897,37200238,3293,16215,"Type 2 diabetes mellitus with proliferative diabetic retinopathy with combined traction retinal detachment and rhegmatogenous retinal detachment, left eye","Combined traction and rhegmatogenous retinal detachment"
433195,45576728,7486,16168,"Transient retinal artery occlusion, left eye","Transient arterial retinal occlusion"
381281,1326531,3463,16045,"Degenerative myopia with other maculopathy, right eye","Degenerative progressive high myopia"
4208223,1326531,3463,16045,"Degenerative myopia with other maculopathy, right eye","Disorder of macula of retina"
440396,45581670,3512,16026,"Glaucoma secondary to eye trauma, right eye, moderate stage","Glaucoma due to ocular trauma"
439014,45576762,3879,16009,"Panuveitis, unspecified eye","Panuveitis"
4188581,45586363,8674,16003,"Acute toxic conjunctivitis, unspecified eye","Toxic conjunctivitis"
376707,45586363,8674,16003,"Acute toxic conjunctivitis, unspecified eye","Acute conjunctivitis"
373766,45538265,2623,15999,"Retrolental fibroplasia, unspecified eye","Retinopathy of prematurity"
437860,45543021,4760,15946,"Unspecified choroidal detachment, left eye","Choroidal detachment"
44784606,45584801,10705,15918,"Burn of cornea and conjunctival sac, right eye, initial encounter","Burn of cornea and conjunctival sac"
4319604,45591221,9691,15868,"Unspecified ectropion of left upper eyelid","Upper eyelid ectropion"
37208015,45586412,6724,15863,"Degeneration of iris (pigmentary), left eye","Pigment dispersion syndrome of left eye"
438152,45581586,5001,15815,"Symblepharon, right eye","Symblepharon"
4218083,45538209,7242,15813,"Unspecified episcleritis, unspecified eye","Episcleritis"
380117,45557328,9789,15812,"Conjunctival edema, unspecified eye","Conjunctival edema"
4180778,45605719,9081,15779,"Other disorders of the eye following cataract surgery, bilateral","Visual system complication of procedure"
45757721,1326580,6345,15770,"Blindness left eye category 4, normal vision right eye","Blind left eye, normal vision right eye"
4009186,45557355,9043,15738,"Arcus senilis, left eye","Arcus senilis"
375250,45562230,7870,15669,"Retinopathy of prematurity, stage 1, left eye","Retinopathy of prematurity stage 1 - demarcation line"
37311952,45591350,4544,15659,"Glaucoma secondary to eye inflammation, left eye, stage unspecified","Glaucoma due to eye inflammation"
44784606,45599350,10808,15579,"Corrosion of cornea and conjunctival sac, left eye, initial encounter","Burn of cornea and conjunctival sac"
437867,45557391,4520,15543,"Unspecified choroidal hemorrhage, left eye","Choroidal hemorrhage"
437273,45571972,4820,15543,"Capsular glaucoma with pseudoexfoliation of lens, right eye, indeterminate stage","Pseudoexfoliation glaucoma"
201254,37200154,5710,15524,"Type 1 diabetes mellitus with moderate nonproliferative diabetic retinopathy without macular edema, left eye","Type 1 diabetes mellitus"
37016180,37200154,5710,15524,"Type 1 diabetes mellitus with moderate nonproliferative diabetic retinopathy without macular edema, left eye","Moderate nonproliferative retinopathy due to type 1 diabetes mellitus"
40443516,45581544,8237,15498,"Xanthelasma of right eye, unspecified eyelid","Xanthelasma"
37311952,45605687,3905,15458,"Glaucoma secondary to eye inflammation, bilateral, stage unspecified","Glaucoma due to eye inflammation"
45763584,37200171,2680,15432,"Type 1 diabetes mellitus with proliferative diabetic retinopathy with traction retinal detachment involving the macula, left eye","Proliferative retinopathy due to type 1 diabetes mellitus"
4338896,37200171,2680,15432,"Type 1 diabetes mellitus with proliferative diabetic retinopathy with traction retinal detachment involving the macula, left eye","Traction retinal detachment involving macula"
44784606,45570316,10408,15411,"Burn of cornea and conjunctival sac, left eye, initial encounter","Burn of cornea and conjunctival sac"
439808,45605623,4758,15362,"Unspecified interstitial keratitis, left eye","Interstitial keratitis"
372318,45586364,8672,15350,"Chronic follicular conjunctivitis, left eye","Chronic follicular conjunctivitis"
381281,1326532,3390,15340,"Degenerative myopia with other maculopathy, left eye","Degenerative progressive high myopia"
4208223,1326532,3390,15340,"Degenerative myopia with other maculopathy, left eye","Disorder of macula of retina"
375393,45563356,7544,15275,"Laceration with foreign body of right eyelid and periocular area, initial encounter","Laceration of skin of eyelid AND periocular area"
37206800,45563356,7544,15275,"Laceration with foreign body of right eyelid and periocular area, initial encounter","Foreign body of eye region"
441561,45567052,6223,15275,"Low-tension glaucoma, right eye, stage unspecified","Low tension glaucoma"
436976,45533278,5477,15242,"Posterior subcapsular polar infantile and juvenile cataract, right eye","Posterior subcapsular polar cataract"
45770919,45533278,5477,15242,"Posterior subcapsular polar infantile and juvenile cataract, right eye","Infantile and/or juvenile cataract"
439808,45571904,4661,15239,"Unspecified interstitial keratitis, right eye","Interstitial keratitis"
37311952,45533319,4335,15215,"Glaucoma secondary to eye inflammation, right eye, stage unspecified","Glaucoma due to eye inflammation"
37118667,45557367,3015,15116,"Other vascular disorders of iris and ciliary body, unspecified eye","Disorder of anterior uveal tract"
443784,45557367,3015,15116,"Other vascular disorders of iris and ciliary body, unspecified eye","Vascular disorder"
43530685,37200237,3101,15090,"Type 2 diabetes mellitus with proliferative diabetic retinopathy with combined traction retinal detachment and rhegmatogenous retinal detachment, right eye","Proliferative retinopathy due to type 2 diabetes mellitus"
4338897,37200237,3101,15090,"Type 2 diabetes mellitus with proliferative diabetic retinopathy with combined traction retinal detachment and rhegmatogenous retinal detachment, right eye","Combined traction and rhegmatogenous retinal detachment"
439011,45533273,7017,15024,"Iris atrophy (essential) (progressive), right eye","Progressive iris atrophy"
45763813,45595985,10866,14994,"Retained foreign body in left upper eyelid","Retained foreign body of upper eyelid"
45763584,37200170,2732,14992,"Type 1 diabetes mellitus with proliferative diabetic retinopathy with traction retinal detachment involving the macula, right eye","Proliferative retinopathy due to type 1 diabetes mellitus"
4338896,37200170,2732,14992,"Type 1 diabetes mellitus with proliferative diabetic retinopathy with traction retinal detachment involving the macula, right eye","Traction retinal detachment involving macula"
372318,45600847,8350,14950,"Chronic follicular conjunctivitis, right eye","Chronic follicular conjunctivitis"
439011,45586415,6824,14892,"Iris atrophy (essential) (progressive), left eye","Progressive iris atrophy"
380097,37200052,2199,14881,"Diabetes mellitus due to underlying condition with proliferative diabetic retinopathy with macular edema, left eye","Macular edema due to diabetes mellitus"
195771,37200052,2199,14881,"Diabetes mellitus due to underlying condition with proliferative diabetic retinopathy with macular edema, left eye","Secondary diabetes mellitus"
44784606,45560616,10550,14846,"Corrosion of cornea and conjunctival sac, right eye, initial encounter","Burn of cornea and conjunctival sac"
604700,45543043,5563,14814,"Steroid responder, unspecified eye","Glaucoma suspect caused by corticosteroid"
377862,45591364,3904,14811,"Hypotony of left eye due to ocular fistula","Ocular fistula causing hypotony of eye"
37311952,45586465,2963,14799,"Glaucoma secondary to eye inflammation, bilateral, indeterminate stage","Glaucoma due to eye inflammation"
374338,45600909,5737,14686,"Other non-diabetic proliferative retinopathy, unspecified eye","Nondiabetic proliferative retinopathy"
435254,45571944,3472,14657,"Hemorrhagic choroidal detachment, right eye","Hemorrhagic choroidal detachment"
40443516,45600830,8381,14643,"Xanthelasma of left eye, unspecified eyelid","Xanthelasma"
377862,45533333,3982,14601,"Hypotony of right eye due to ocular fistula","Ocular fistula causing hypotony of eye"
37206800,45592450,11366,14594,"Superficial foreign body of right eyelid and periocular area, initial encounter","Foreign body of eye region"
435254,45552657,3369,14591,"Hemorrhagic choroidal detachment, left eye","Hemorrhagic choroidal detachment"
440396,45586462,3476,14518,"Glaucoma secondary to eye trauma, right eye, mild stage","Glaucoma due to ocular trauma"
433195,45591319,6679,14486,"Transient retinal artery occlusion, unspecified eye","Transient arterial retinal occlusion"
374956,45576705,5119,14486,"Anterior dislocation of lens, right eye","Anterior dislocation of lens"
4318691,45571982,3656,14475,"Glaucoma secondary to drugs, right eye, mild stage","Secondary glaucoma"
37206800,45597219,11143,14472,"Superficial foreign body of left eyelid and periocular area, initial encounter","Foreign body of eye region"
374956,45581634,5211,14471,"Anterior dislocation of lens, left eye","Anterior dislocation of lens"
380397,45566983,7849,14458,"Other keratoconjunctivitis, left eye","Keratoconjunctivitis"
436403,45586445,3560,14443,"Retinal vasculitis, right eye","Retinal vasculitis"
45757699,1326586,7865,14389,"Low vision left eye category 1, normal vision right eye","Low vision left eye, normal vision right eye"
377848,45600910,5900,14383,"Toxic maculopathy, unspecified eye","Toxic maculopathy"
436976,45533279,5264,14290,"Posterior subcapsular polar infantile and juvenile cataract, left eye","Posterior subcapsular polar cataract"
45770919,45533279,5264,14290,"Posterior subcapsular polar infantile and juvenile cataract, left eye","Infantile and/or juvenile cataract"
376973,45576703,6187,14272,"Cataract secondary to ocular disorders (degenerative) (inflammatory), left eye","Cataract due to ocular disease"
36715594,45582761,8585,14271,"Open bite of right eyelid and periocular area, initial encounter","Open bite of head"
4152163,45582761,8585,14271,"Open bite of right eyelid and periocular area, initial encounter","Injury of eye region"
375251,45538263,6834,14257,"Retinopathy of prematurity, stage 2, right eye","Retinopathy of prematurity stage 2 - intraretinal ridge"
435755,45585994,6270,14227,"Unspecified malignant neoplasm of skin of unspecified eyelid, including canthus","Primary malignant neoplasm of skin of eyelid"
36715594,45597236,8319,14218,"Open bite of left eyelid and periocular area, initial encounter","Open bite of head"
4152163,45597236,8319,14218,"Open bite of left eyelid and periocular area, initial encounter","Injury of eye region"
441283,45533267,5269,14216,"Recurrent acute iridocyclitis, unspecified eye","Recurrent iridocyclitis"
436403,45596069,3539,14203,"Retinal vasculitis, left eye","Retinal vasculitis"
438739,45538291,5202,14171,"Sympathetic uveitis, right eye","Sympathetic uveitis"
437268,45605640,5514,14141,"Iridodialysis, right eye","Iridodialysis"
375393,45553786,6685,14128,"Laceration with foreign body of left eyelid and periocular area, initial encounter","Laceration of skin of eyelid AND periocular area"
37206800,45553786,6685,14128,"Laceration with foreign body of left eyelid and periocular area, initial encounter","Foreign body of eye region"
195771,37200078,2814,14124,"Diabetes mellitus due to underlying condition with proliferative diabetic retinopathy without macular edema, unspecified eye","Secondary diabetes mellitus"
380096,37200078,2814,14124,"Diabetes mellitus due to underlying condition with proliferative diabetic retinopathy without macular edema, unspecified eye","Proliferative retinopathy due to diabetes mellitus"
440396,45576751,3396,14118,"Glaucoma secondary to eye trauma, left eye, mild stage","Glaucoma due to ocular trauma"
375263,45547938,8294,14080,"Paresis of accommodation, unspecified eye","Cycloplegia"
45757720,1326556,2310,14054,"Blindness right eye category 5, low vision left eye category 2","Blind right eye, low vision left eye"
4201531,45605677,6536,14035,"Primary angle closure without glaucoma damage, right eye","Disorder of anterior chamber of eye"
4143365,45586514,7920,14032,"Generalized contraction of visual field, unspecified eye","Generalized visual field constriction"
376699,45533185,4188,13996,"Cicatricial ectropion of unspecified eye, unspecified eyelid","Cicatricial ectropion"
45770919,45600890,4001,13848,"Infantile and juvenile nuclear cataract, unspecified eye","Infantile and/or juvenile cataract"
373769,45600890,4001,13848,"Infantile and juvenile nuclear cataract, unspecified eye","Nuclear cataract"
381252,45581301,5696,13842,"Benign neoplasm of unspecified part of unspecified eye","Benign neoplasm of eye"
45757708,1326583,7271,13821,"Low vision right eye category 1, normal vision left eye","Low vision right eye, normal vision left eye"
376973,45557383,6507,13683,"Cataract secondary to ocular disorders (degenerative) (inflammatory), right eye","Cataract due to ocular disease"
441289,45533275,4287,13636,"Recession of chamber angle, left eye","Angle recession"
441006,45567017,7835,13602,"Soemmering's ring, right eye","Soemmerring's ring"
372894,45543039,5339,13569,"Central serous chorioretinopathy, unspecified eye","Central serous chorioretinopathy"
437268,45591296,5284,13541,"Iridodialysis, left eye","Iridodialysis"
376107,45552703,3973,13521,"Hypotony of eye due to other ocular disorders, right eye","Hypotony of eye"
37311952,45567062,2976,13441,"Glaucoma secondary to eye inflammation, left eye, indeterminate stage","Glaucoma due to eye inflammation"
376698,45586505,5326,13407,"Internuclear ophthalmoplegia, right eye","Internuclear ophthalmoplegia"
438739,45596104,4907,13406,"Sympathetic uveitis, left eye","Sympathetic uveitis"
374946,45533264,6080,13347,"Recurrent erosion of cornea, unspecified eye","Recurrent erosion of cornea"
434590,45561797,3735,13294,"Malignant melanoma of unspecified eyelid, including canthus","Malignant melanoma of skin of eyelid"
434033,45567024,4515,13256,"Other chorioretinal inflammations, right eye","Chorioretinitis"
441006,45538245,7650,13242,"Soemmering's ring, left eye","Soemmerring's ring"
374350,45533228,6314,13219,"Conjunctival granuloma, left eye","Granuloma of conjunctiva"
372325,45547782,6905,13158,"Senile ectropion of left eye, unspecified eyelid","Senile ectropion"
4147891,45566929,8040,13146,"Madarosis of unspecified eye, unspecified eyelid and periocular area","Madarosis of eyelid"
4318691,45571983,3206,13091,"Glaucoma secondary to drugs, left eye, mild stage","Secondary glaucoma"
374350,45605614,6247,13040,"Conjunctival granuloma, right eye","Granuloma of conjunctiva"
373648,45568161,10441,12987,"Unspecified superficial injury of left eyelid and periocular area, initial encounter","Superficial injury of eyelid AND/OR periocular area"
4201531,45557415,6082,12986,"Primary angle closure without glaucoma damage, left eye","Disorder of anterior chamber of eye"
435279,45562291,6242,12935,"Tonic pupil, left eye","Tonic pupillary reaction"
45757719,1326575,5354,12931,"Blindness right eye category 4, normal vision left eye","Blind right eye, normal vision left eye"
441561,45591337,4104,12857,"Low-tension glaucoma, left eye, indeterminate stage","Low tension glaucoma"
435993,45541249,7750,12852,"Foreign body in conjunctival sac, left eye, subsequent encounter","Foreign body in conjunctival sac"
438767,45581588,5066,12821,"Staphyloma posticum, right eye","Staphyloma posticum"
380097,37200035,1859,12817,"Diabetes mellitus due to underlying condition with moderate nonproliferative diabetic retinopathy with macular edema, right eye","Macular edema due to diabetes mellitus"
35626041,37200035,1859,12817,"Diabetes mellitus due to underlying condition with moderate nonproliferative diabetic retinopathy with macular edema, right eye","Moderate nonproliferative diabetic retinopathy of right eye"
195771,37200035,1859,12817,"Diabetes mellitus due to underlying condition with moderate nonproliferative diabetic retinopathy with macular edema, right eye","Secondary diabetes mellitus"
316126,45586472,7343,12765,"Crystalline deposits in vitreous body, unspecified eye","Crystalline deposits in vitreous"
37311952,45596093,2816,12651,"Glaucoma secondary to eye inflammation, right eye, indeterminate stage","Glaucoma due to eye inflammation"
4107672,45546270,7998,12594,"Burn of right eyelid and periocular area, initial encounter","Eyelid burn"
380397,45538219,6967,12591,"Other keratoconjunctivitis, right eye","Keratoconjunctivitis"
377287,45566981,5619,12589,"Phlyctenular keratoconjunctivitis, left eye","Phlyctenular keratoconjunctivitis"
379818,45600944,4978,12567,"Retrobulbar neuritis, left eye","Retrobulbar neuritis"
433196,45533290,6997,12554,"Other chorioretinal scars, unspecified eye","Chorioretinal scar"
376698,45600957,5047,12518,"Internuclear ophthalmoplegia, left eye","Internuclear ophthalmoplegia"
441561,45576742,5376,12483,"Low-tension glaucoma, left eye, stage unspecified","Low tension glaucoma"
376107,45552704,3885,12385,"Hypotony of eye due to other ocular disorders, left eye","Hypotony of eye"
434033,45552652,4154,12381,"Other chorioretinal inflammations, left eye","Chorioretinitis"
4102049,45576711,1738,12369,"Disseminated chorioretinal inflammation, generalized, left eye","General disseminated chorioretinitis"
316127,45571985,8123,12333,"Vitreous membranes and strands, unspecified eye","Vitreous opacities"
373648,45553760,9999,12331,"Unspecified superficial injury of right eyelid and periocular area, initial encounter","Superficial injury of eyelid AND/OR periocular area"
44782821,45576798,6281,12301,"Cataract (lens) fragments in eye following cataract surgery, unspecified eye","Cataract fragments in the eye post cataract surgery"
36717601,45576797,4105,12265,"Keratopathy (bullous aphakic) following cataract surgery, left eye","Bullous aphakic keratopathy following cataract surgery"
381847,45562279,6554,12245,"Scotoma of blind spot area, right eye","Blind spot scotoma"
374355,45571908,4906,12183,"Peripheral corneal degeneration, left eye","Peripheral degeneration of cornea"
45772079,45557402,6568,12171,"Retinopathy of prematurity, stage 0, left eye","Retinopathy of prematurity stage 0"
36717601,45562294,4243,12100,"Keratopathy (bullous aphakic) following cataract surgery, right eye","Bullous aphakic keratopathy following cataract surgery"
434944,45596020,3483,12081,"Other scleritis, left eye","Scleritis"
441289,45605642,3790,12047,"Recession of chamber angle, right eye","Angle recession"
1077051,45595980,6088,12012,"Mechanical lagophthalmos right lower eyelid","Mechanical lagophthalmos of right lower eyelid"
45757695,45533293,5042,12003,"Total retinal detachment, unspecified eye","Total retinal detachment"
441561,45591336,3767,11975,"Low-tension glaucoma, right eye, indeterminate stage","Low tension glaucoma"
437273,45562239,3124,11950,"Capsular glaucoma with pseudoexfoliation of lens, unspecified eye, indeterminate stage","Pseudoexfoliation glaucoma"
376698,45586504,4710,11900,"Internuclear ophthalmoplegia, unspecified eye","Internuclear ophthalmoplegia"
4318691,45591354,2610,11883,"Glaucoma secondary to drugs, right eye, stage unspecified","Secondary glaucoma"
440396,45591349,3792,11872,"Glaucoma secondary to eye trauma, left eye, stage unspecified","Glaucoma due to ocular trauma"
441851,45552679,5091,11864,"Serous detachment of retinal pigment epithelium, unspecified eye","Serous detachment of retinal pigment epithelium"
4031757,45552336,8355,11864,"Melanocytic nevi of unspecified eyelid, including canthus","Melanocytic nevus of eyelid, including canthus"
379818,45552710,4694,11848,"Retrobulbar neuritis, right eye","Retrobulbar neuritis"
374355,45562181,4874,11838,"Peripheral corneal degeneration, right eye","Peripheral degeneration of cornea"
375251,45596070,5805,11834,"Retinopathy of prematurity, stage 2, left eye","Retinopathy of prematurity stage 2 - intraretinal ridge"
4103741,1326568,4352,11803,"Low vision right eye category 1, low vision left eye category 2","Low vision, both eyes"
435279,45567103,5854,11800,"Tonic pupil, right eye","Tonic pupillary reaction"
45763584,37200176,2180,11764,"Type 1 diabetes mellitus with proliferative diabetic retinopathy with traction retinal detachment not involving the macula, left eye","Proliferative retinopathy due to type 1 diabetes mellitus"
45769873,37200176,2180,11764,"Type 1 diabetes mellitus with proliferative diabetic retinopathy with traction retinal detachment not involving the macula, left eye","Traction detachment of retina due to type 1 diabetes mellitus"
378414,45576721,2325,11713,"Retinal detachment with retinal dialysis, left eye","Retinal detachment"
4335996,45576721,2325,11713,"Retinal detachment with retinal dialysis, left eye","Retinal dialysis"
440396,45543049,2876,11597,"Glaucoma secondary to eye trauma, unspecified eye, stage unspecified","Glaucoma due to ocular trauma"
36712704,45571987,6364,11574,"Vitreomacular adhesion, unspecified eye","Vitreomacular adhesion of bilateral eyes"
4107672,45584798,7317,11550,"Burn of left eyelid and periocular area, initial encounter","Eyelid burn"
379816,45600846,5850,11506,"Simple chronic conjunctivitis, unspecified eye","Simple chronic conjunctivitis"
201254,37200156,3021,11502,"Type 1 diabetes mellitus with moderate nonproliferative diabetic retinopathy without macular edema, unspecified eye","Type 1 diabetes mellitus"
37016180,37200156,3021,11502,"Type 1 diabetes mellitus with moderate nonproliferative diabetic retinopathy without macular edema, unspecified eye","Moderate nonproliferative retinopathy due to type 1 diabetes mellitus"
377287,45552607,5288,11490,"Phlyctenular keratoconjunctivitis, right eye","Phlyctenular keratoconjunctivitis"
381847,45562280,6388,11451,"Scotoma of blind spot area, left eye","Blind spot scotoma"
381281,1326521,1936,11431,"Degenerative myopia with retinal detachment, right eye","Degenerative progressive high myopia"
378414,1326521,1936,11431,"Degenerative myopia with retinal detachment, right eye","Retinal detachment"
42538748,45586479,2370,11408,"Retained (nonmagnetic) (old) foreign body in vitreous body, right eye","Retained nonmagnetic foreign body in right eye"
4271306,45586479,2370,11408,"Retained (nonmagnetic) (old) foreign body in vitreous body, right eye","Retained nonmagnetic foreign body in vitreous"
435993,45550905,7697,11379,"Foreign body in conjunctival sac, right eye, subsequent encounter","Foreign body in conjunctival sac"
441016,45591295,5062,11370,"Goniosynechiae, left eye","Peripheral anterior synechiae"
436398,45596095,3215,11347,"Glaucoma secondary to other eye disorders, unspecified eye, severe stage","Glaucoma associated with ocular disorder"
1077021,45600823,3622,11334,"Mechanical ectropion of right upper eyelid","Mechanical ectropion of right upper eyelid"
441016,45591294,5083,11274,"Goniosynechiae, right eye","Peripheral anterior synechiae"
436702,45547918,5769,11224,"Pseudopapilledema of optic disc, right eye","Pseudopapilledema"
436692,45591321,5006,11216,"Venous engorgement, left eye","Retinal venous engorgement"
372322,45571853,5290,11214,"Senile entropion of unspecified eye, unspecified eyelid","Senile entropion"
4102049,45547847,1729,11188,"Disseminated chorioretinal inflammation, generalized, right eye","General disseminated chorioretinitis"
436403,45552670,3012,11179,"Retinal vasculitis, unspecified eye","Retinal vasculitis"
374959,45571887,7368,11164,"Contact blepharoconjunctivitis, left eye","Contact blepharoconjunctivitis"
375815,45562175,4608,11131,"Bullous keratopathy, unspecified eye","Bullous keratopathy"
76122,45572010,4019,11117,"Brown's sheath syndrome, right eye","Brown's tendon sheath syndrome"
438422,45567003,5258,11077,"Primary iridocyclitis, unspecified eye","Primary iridocyclitis"
436692,45557397,4508,11069,"Venous engorgement, right eye","Retinal venous engorgement"
439815,45538252,5220,11051,"Choroidal degeneration, unspecified, unspecified eye","Choroidal degeneration"
45763584,37200175,2209,11036,"Type 1 diabetes mellitus with proliferative diabetic retinopathy with traction retinal detachment not involving the macula, right eye","Proliferative retinopathy due to type 1 diabetes mellitus"
45769873,37200175,2209,11036,"Type 1 diabetes mellitus with proliferative diabetic retinopathy with traction retinal detachment not involving the macula, right eye","Traction detachment of retina due to type 1 diabetes mellitus"
378743,37200262,4339,10959,"Other specified diabetes mellitus with mild nonproliferative diabetic retinopathy without macular edema, unspecified eye","Mild nonproliferative retinopathy due to diabetes mellitus"
201820,37200262,4339,10959,"Other specified diabetes mellitus with mild nonproliferative diabetic retinopathy without macular edema, unspecified eye","Diabetes mellitus"
434944,45571899,3324,10915,"Other scleritis, right eye","Scleritis"
438738,45543055,2526,10831,"Panophthalmitis (acute), right eye","Panophthalmitis"
1077094,45566923,5464,10803,"Mechanical lagophthalmos left lower eyelid","Mechanical lagophthalmos of left lower eyelid"
373193,45552676,6011,10750,"Secondary pigmentary degeneration, left eye","Secondary pigmentary retinal degeneration"
438767,45566969,4290,10718,"Staphyloma posticum, left eye","Staphyloma posticum"
374346,45552706,2939,10695,"Primary hypotony of right eye","Primary hypotony of eye"
4318691,45586468,2451,10652,"Glaucoma secondary to drugs, left eye, stage unspecified","Secondary glaucoma"
440396,45533316,3515,10614,"Glaucoma secondary to eye trauma, right eye, stage unspecified","Glaucoma due to ocular trauma"
375250,45533305,3886,10601,"Retinopathy of prematurity, stage 1, unspecified eye","Retinopathy of prematurity stage 1 - demarcation line"
373766,45571952,3759,10568,"Retinopathy of prematurity, unspecified, right eye","Retinopathy of prematurity"
4093427,45596122,734,10561,"Kearns-Sayre syndrome, unspecified eye","Kearns-Sayre syndrome"
4052225,45573110,5175,10512,"Contusion of eyeball and orbital tissues, left eye, sequela","Sequelae of injury of eye and orbit"
381281,1326516,1790,10488,"Degenerative myopia with macular hole, right eye","Degenerative progressive high myopia"
37109495,1326516,1790,10488,"Degenerative myopia with macular hole, right eye","Macular hole of right eye"
374346,45576770,2972,10449,"Primary hypotony of left eye","Primary hypotony of eye"
376981,37200451,6360,10407,"Amblyopia suspect, unspecified eye","Amblyopia"
381281,1326522,1743,10395,"Degenerative myopia with retinal detachment, left eye","Degenerative progressive high myopia"
378414,1326522,1743,10395,"Degenerative myopia with retinal detachment, left eye","Retinal detachment"
380725,45533262,4114,10392,"Corneal ectasia, left eye","Corneal ectasia"
434344,45567097,6279,10295,"Spasm of accommodation, unspecified eye","Ciliary muscle spasm"
373193,45567046,5830,10287,"Secondary pigmentary degeneration, right eye","Secondary pigmentary retinal degeneration"
45763583,37200161,2275,10283,"Type 1 diabetes mellitus with severe nonproliferative diabetic retinopathy without macular edema, right eye","Nonproliferative diabetic retinopathy due to type 1 diabetes mellitus"
376114,37200161,2275,10283,"Type 1 diabetes mellitus with severe nonproliferative diabetic retinopathy without macular edema, right eye","Severe nonproliferative retinopathy due to diabetes mellitus"
4338759,1595501,3955,10259,"Squamous cell carcinoma of skin of left upper eyelid, including canthus","Squamous cell carcinoma of eyelid"
437295,45596047,6079,10251,"Pupillary abnormality, unspecified eye","Abnormal pupillary function"
44782821,45562295,4252,10242,"Cataract (lens) fragments in eye following cataract surgery, bilateral","Cataract fragments in the eye post cataract surgery"
4052225,45573116,5553,10233,"Unspecified injury of left eye and orbit, sequela","Sequelae of injury of eye and orbit"
381445,45568221,4167,10230,"Avulsion of left eye, initial encounter","Avulsion of eye"
374959,45566961,6649,10212,"Contact blepharoconjunctivitis, right eye","Contact blepharoconjunctivitis"
40480179,45552628,6890,10193,"Corneal disorder due to contact lens, unspecified eye","Disorder of cornea associated with contact lens"
4196227,45557447,4063,10172,"Coloboma of optic disc, right eye","Congenital coloboma of optic disc"
4318691,45567066,2302,10166,"Glaucoma secondary to drugs, left eye, moderate stage","Secondary glaucoma"
440705,45571920,5134,10159,"Unspecified adhesions of iris, left eye","Adhesions of iris"
4271306,45552709,2294,10151,"Retained (nonmagnetic) (old) foreign body in vitreous body, left eye","Retained nonmagnetic foreign body in vitreous"
42538747,45552709,2294,10151,"Retained (nonmagnetic) (old) foreign body in vitreous body, left eye","Retained nonmagnetic foreign body in left eye"
375817,45557331,5844,10133,"Conjunctivochalasis, unspecified eye","Conjunctivochalasis"
436407,45566985,4092,10089,"Diffuse interstitial keratitis, left eye","Diffuse interstitial keratitis"
380397,45571903,3896,10060,"Other keratoconjunctivitis, unspecified eye","Keratoconjunctivitis"
4052225,45534546,5193,10048,"Unspecified injury of right eye and orbit, sequela","Sequelae of injury of eye and orbit"
381281,1326517,1806,10044,"Degenerative myopia with macular hole, left eye","Degenerative progressive high myopia"
37109493,1326517,1806,10044,"Degenerative myopia with macular hole, left eye","Macular hole of left eye"
375821,45571856,4058,10042,"Paralytic lagophthalmos left lower eyelid","Paralytic lagophthalmos"
440705,45562201,5188,10042,"Unspecified adhesions of iris, right eye","Adhesions of iris"
4103741,1326570,3701,10018,"Low vision right eye category 2, low vision left eye category 1","Low vision, both eyes"
4120318,45581647,5800,10001,"Round hole, unspecified eye","Retinal round hole"
380725,45533261,4017,9989,"Corneal ectasia, right eye","Corneal ectasia"
4031757,1595524,6901,9929,"Melanocytic nevi of right lower eyelid, including canthus","Melanocytic nevus of eyelid, including canthus"
4318691,45581673,2988,9922,"Glaucoma secondary to drugs, unspecified eye, stage unspecified","Secondary glaucoma"
4031757,1595523,7107,9915,"Melanocytic nevi of right upper eyelid, including canthus","Melanocytic nevus of eyelid, including canthus"
4318691,45533327,2352,9910,"Glaucoma secondary to drugs, right eye, moderate stage","Secondary glaucoma"
436702,45547919,5060,9904,"Pseudopapilledema of optic disc, left eye","Pseudopapilledema"
436407,45566984,4004,9863,"Diffuse interstitial keratitis, right eye","Diffuse interstitial keratitis"
374941,45552569,6077,9862,"Retained foreign body in right lower eyelid","Retained foreign body of eyelid"
372891,45600911,5366,9848,"Microcystoid degeneration of retina, left eye","Peripheral cystoid retinal degeneration"
438738,45576758,2108,9842,"Panophthalmitis (acute), left eye","Panophthalmitis"
436695,45538227,3889,9816,"Band keratopathy, unspecified eye","Band-shaped keratopathy"
440105,45591357,2388,9791,"Aqueous misdirection, right eye","Aqueous humor misdirect"
379009,45600908,3087,9784,"Retinopathy of prematurity, stage 3, right eye","Retinopathy of prematurity stage 3 - ridge with extraretinal fibrovascular proliferation"
1077062,45542930,2997,9757,"Mechanical ectropion of left upper eyelid","Mechanical ectropion of left upper eyelid"
201254,37200185,3226,9742,"Type 1 diabetes mellitus with stable proliferative diabetic retinopathy, right eye","Type 1 diabetes mellitus"
45763584,37200185,3226,9742,"Type 1 diabetes mellitus with stable proliferative diabetic retinopathy, right eye","Proliferative retinopathy due to type 1 diabetes mellitus"
443740,725327,5830,9741,"Endothelial corneal dystrophy, right eye","Corneal endothelial dystrophy"
380097,37200308,2493,9676,"Other specified diabetes mellitus with diabetic macular edema, resolved following treatment, right eye","Macular edema due to diabetes mellitus"
201820,37200308,2493,9676,"Other specified diabetes mellitus with diabetic macular edema, resolved following treatment, right eye","Diabetes mellitus"
4152163,45582803,5137,9671,"Other injuries of left eye and orbit, subsequent encounter","Injury of eye region"
378414,45562224,2228,9669,"Retinal detachment with retinal dialysis, right eye","Retinal detachment"
4335996,45562224,2228,9669,"Retinal detachment with retinal dialysis, right eye","Retinal dialysis"
37207864,45557285,5537,9627,"Xanthelasma of right lower eyelid","Xanthoma of right lower eyelid"
375821,45547783,3978,9619,"Paralytic lagophthalmos right lower eyelid","Paralytic lagophthalmos"
4338759,1595499,3637,9613,"Squamous cell carcinoma of skin of right upper eyelid, including canthus","Squamous cell carcinoma of eyelid"
436975,45571971,3314,9599,"Pigmentary glaucoma, unspecified eye, stage unspecified","Pigmentary glaucoma"
375249,45596067,4298,9596,"Traction detachment of retina, unspecified eye","Traction detachment of retina"
381445,45606901,4060,9596,"Avulsion of right eye, initial encounter","Avulsion of eye"
372891,45557407,5053,9594,"Microcystoid degeneration of retina, right eye","Peripheral cystoid retinal degeneration"
76122,45543076,3486,9582,"Brown's sheath syndrome, left eye","Brown's tendon sheath syndrome"
440105,45547898,2269,9579,"Aqueous misdirection, left eye","Aqueous humor misdirect"
4196227,45591379,3884,9576,"Coloboma of optic disc, left eye","Congenital coloboma of optic disc"
381014,45538205,5652,9542,"Conjunctival pigmentations, unspecified eye","Conjunctival pigmentation"
374226,45570320,6721,9522,"Corrosion of left eye and adnexa, part unspecified, initial encounter","Burn of eye region"
372646,45547810,4358,9495,"Peripheral pterygium, stationary, unspecified eye","Peripheral pterygium, stationary"
432890,45605670,4761,9493,"Retinal micro-aneurysms, unspecified, unspecified eye","Microaneurysm of retinal artery"
4189719,45538235,4550,9487,"Degeneration of iris (pigmentary), unspecified eye","Pigment dispersion syndrome"
4152163,45558576,4870,9482,"Other injuries of right eye and orbit, subsequent encounter","Injury of eye region"
439303,45605666,5297,9477,"Horseshoe tear of retina without detachment, unspecified eye","Horseshoe retinal tear without detachment"
372322,45571852,4928,9455,"Senile entropion of right eye, unspecified eyelid","Senile entropion"
45763583,37200162,2070,9418,"Type 1 diabetes mellitus with severe nonproliferative diabetic retinopathy without macular edema, left eye","Nonproliferative diabetic retinopathy due to type 1 diabetes mellitus"
376114,37200162,2070,9418,"Type 1 diabetes mellitus with severe nonproliferative diabetic retinopathy without macular edema, left eye","Severe nonproliferative retinopathy due to diabetes mellitus"
443545,45539377,7153,9387,"Insect bite (nonvenomous) of unspecified eyelid and periocular area, initial encounter","Nonvenomous insect bite"
4147020,45539377,7153,9387,"Insect bite (nonvenomous) of unspecified eyelid and periocular area, initial encounter","Insect bite of eyelids and periocular area"
37207924,45586343,5442,9386,"Xanthelasma of left lower eyelid","Xanthoma of left lower eyelid"
375549,45596012,4608,9364,"Double pterygium of eye, bilateral","Double pterygium"
438739,45586476,3085,9361,"Sympathetic uveitis, unspecified eye","Sympathetic uveitis"
4031757,1595526,6629,9349,"Melanocytic nevi of left lower eyelid, including canthus","Melanocytic nevus of eyelid, including canthus"
4108968,45596040,1083,9316,"Vogt-Koyanagi syndrome, unspecified eye","Vogt-Koyanagi-Harada disease"
45757720,1326555,2501,9277,"Blindness right eye category 5, low vision left eye category 1","Blind right eye, low vision left eye"
374941,45605587,5675,9266,"Retained foreign body in left lower eyelid","Retained foreign body of eyelid"
375404,45602085,2570,9255,"Ocular laceration and rupture with prolapse or loss of intraocular tissue, left eye, subsequent encounter","Ocular laceration with prolapse AND/OR exposure of intraocular tissue"
4052225,45534543,4736,9226,"Contusion of eyeball and orbital tissues, right eye, sequela","Sequelae of injury of eye and orbit"
4339010,37200364,3781,9108,"Central retinal vein occlusion, unspecified eye, with macular edema","Central retinal vein occlusion with macular edema"
441712,45582758,6782,9106,"Unspecified open wound of unspecified eyelid and periocular area, initial encounter","Open wound of ocular adnexa"
375256,45562204,4360,9045,"Anterior subcapsular polar age-related cataract, unspecified eye","Anterior subcapsular polar senile cataract"
375251,45533306,2989,9036,"Retinopathy of prematurity, stage 2, unspecified eye","Retinopathy of prematurity stage 2 - intraretinal ridge"
381444,45592497,5017,9033,"Contusion of eyeball and orbital tissues, unspecified eye, subsequent encounter","Contusion of eye"
37207879,45591256,3704,8978,"Double pterygium of right eye","Double pterygium of right eye"
379009,45557404,2786,8969,"Retinopathy of prematurity, stage 3, left eye","Retinopathy of prematurity stage 3 - ridge with extraretinal fibrovascular proliferation"
201254,37200186,2927,8958,"Type 1 diabetes mellitus with stable proliferative diabetic retinopathy, left eye","Type 1 diabetes mellitus"
45763584,37200186,2927,8958,"Type 1 diabetes mellitus with stable proliferative diabetic retinopathy, left eye","Proliferative retinopathy due to type 1 diabetes mellitus"
376121,45571891,4114,8946,"Recurrent pterygium of eye, bilateral","Recurrent pterygium"
45757722,1326564,2117,8931,"Low vision right eye category 2, blindness left eye category 5","Blind left eye, low vision right eye"
374226,45560620,6312,8923,"Corrosion of right eye and adnexa, part unspecified, initial encounter","Burn of eye region"
4338896,37200056,1259,8894,"Diabetes mellitus due to underlying condition with proliferative diabetic retinopathy with traction retinal detachment involving the macula, right eye","Traction retinal detachment involving macula"
195771,37200056,1259,8894,"Diabetes mellitus due to underlying condition with proliferative diabetic retinopathy with traction retinal detachment involving the macula, right eye","Secondary diabetes mellitus"
438759,45538226,4383,8892,"Folds in Descemet's membrane, right eye","Descemet's membrane fold"
441561,45538277,3178,8834,"Low-tension glaucoma, unspecified eye, moderate stage","Low tension glaucoma"
45757722,1326560,2387,8824,"Low vision right eye category 1, blindness left eye category 5","Blind left eye, low vision right eye"
440716,45562190,3091,8806,"Secondary infectious iridocyclitis, right eye","Infectious secondary iridocyclitis"
432919,45562120,3311,8741,"Discoid lupus erythematosus of unspecified eye, unspecified eyelid","Discoid lupus erythematosus of eyelid"
380097,37200036,1444,8733,"Diabetes mellitus due to underlying condition with moderate nonproliferative diabetic retinopathy with macular edema, left eye","Macular edema due to diabetes mellitus"
35626042,37200036,1444,8733,"Diabetes mellitus due to underlying condition with moderate nonproliferative diabetic retinopathy with macular edema, left eye","Moderate nonproliferative diabetic retinopathy of left eye"
195771,37200036,1444,8733,"Diabetes mellitus due to underlying condition with moderate nonproliferative diabetic retinopathy with macular edema, left eye","Secondary diabetes mellitus"
4243456,45552654,3927,8731,"Age-related choroidal atrophy, right eye","Senile atrophy of choroid"
45757720,1326550,2081,8684,"Blindness right eye category 3, low vision left eye category 2","Blind right eye, low vision left eye"
440999,45571943,3131,8661,"Choroidal rupture, left eye","Choroidal rupture"
4031757,1595525,6211,8653,"Melanocytic nevi of left upper eyelid, including canthus","Melanocytic nevus of eyelid, including canthus"
380728,45533244,3222,8609,"Filamentary keratitis, unspecified eye","Filamentary keratitis"
380411,45547927,4516,8587,"Monocular exotropia with V pattern, right eye","Monocular exotropia with V-pattern strabismus"
46273347,45602089,4809,8529,"Penetrating wound with foreign body of right eyeball, initial encounter","Eyeball wound due to penetrating foreign body"
46273347,45534545,4549,8520,"Penetrating wound with foreign body of left eyeball, initial encounter","Eyeball wound due to penetrating foreign body"
440716,45542995,3009,8466,"Secondary infectious iridocyclitis, left eye","Infectious secondary iridocyclitis"
378423,45533295,3934,8440,"Other retinoschisis and retinal cysts, unspecified eye","Retinoschisis and retinal cysts"
379009,45547867,1747,8418,"Retinopathy of prematurity, stage 3, unspecified eye","Retinopathy of prematurity stage 3 - ridge with extraretinal fibrovascular proliferation"
372318,45547807,4753,8414,"Chronic follicular conjunctivitis, unspecified eye","Chronic follicular conjunctivitis"
372641,45581603,3317,8399,"Localized vascularization of cornea, right eye","Localized vascularization of cornea"
372641,45533248,3265,8227,"Localized vascularization of cornea, left eye","Localized vascularization of cornea"
441561,45605680,3131,8225,"Low-tension glaucoma, unspecified eye, mild stage","Low tension glaucoma"
45763583,37200164,1105,8152,"Type 1 diabetes mellitus with severe nonproliferative diabetic retinopathy without macular edema, unspecified eye","Nonproliferative diabetic retinopathy due to type 1 diabetes mellitus"
376114,37200164,1105,8152,"Type 1 diabetes mellitus with severe nonproliferative diabetic retinopathy without macular edema, unspecified eye","Severe nonproliferative retinopathy due to diabetes mellitus"
438748,45552675,4016,8151,"Paving stone degeneration of retina, unspecified eye","Paving stone retinal degeneration"
434033,45552653,2888,8120,"Other chorioretinal inflammations, unspecified eye","Chorioretinitis"
437553,45586470,678,8117,"Hypersecretion glaucoma, unspecified eye","Hypersecretion glaucoma"
443740,725328,4510,8093,"Endothelial corneal dystrophy, left eye","Corneal endothelial dystrophy"
440396,45547891,2232,8070,"Glaucoma secondary to eye trauma, left eye, indeterminate stage","Glaucoma due to ocular trauma"
37207939,45581577,3288,8051,"Double pterygium of left eye","Double pterygium of left eye"
380720,45586401,4124,8042,"Secondary corneal edema, unspecified eye","Secondary corneal edema"
438759,45557354,3959,8015,"Folds in Descemet's membrane, left eye","Descemet's membrane fold"
375404,45539437,2344,7951,"Ocular laceration and rupture with prolapse or loss of intraocular tissue, right eye, subsequent encounter","Ocular laceration with prolapse AND/OR exposure of intraocular tissue"
373756,45576732,2367,7935,"Exudative retinopathy, unspecified eye","Exudative retinopathy"
432904,45586411,4364,7914,"Hyphema, unspecified eye","Hyphema"
434883,45566659,3804,7891,"Carcinoma in situ of skin of unspecified eyelid, including canthus","Carcinoma in situ of skin of eyelid including canthus"
45763764,45600827,3649,7887,"Cicatricial lagophthalmos right upper eyelid","Cicatricial lagophthalmos of upper eyelid"
4243456,45552655,3401,7869,"Age-related choroidal atrophy, left eye","Senile atrophy of choroid"
45757720,1326552,2824,7844,"Blindness right eye category 4, low vision left eye category 1","Blind right eye, low vision left eye"
440396,45557428,2153,7811,"Glaucoma secondary to eye trauma, right eye, indeterminate stage","Glaucoma due to ocular trauma"
433768,45581674,3599,7785,"Glaucoma with increased episcleral venous pressure, right eye","Glaucoma with increased episcleral venous pressure"
45763764,45538165,3407,7751,"Cicatricial lagophthalmos left upper eyelid","Cicatricial lagophthalmos of upper eyelid"
436986,45566952,3537,7733,"Unspecified enophthalmos, left eye","Enophthalmos"
440999,45547853,2896,7710,"Choroidal rupture, right eye","Choroidal rupture"
4152163,45563392,5451,7643,"Other injuries of unspecified eye and orbit, initial encounter","Injury of eye region"
45757722,1326559,2926,7627,"Low vision right eye category 1, blindness left eye category 4","Blind left eye, low vision right eye"
4318691,45586467,1683,7616,"Glaucoma secondary to drugs, right eye, severe stage","Secondary glaucoma"
4108644,45592448,5870,7594,"Abrasion of unspecified eyelid and periocular area, initial encounter","Abrasion of eye region"
46273180,45596064,3840,7589,"Retinal detachment with single break, unspecified eye","Retinal detachment with single break"
374043,725350,5799,7523,"Other hereditary corneal dystrophies, unspecified eye","Hereditary corneal dystrophy"
436702,45576783,3752,7434,"Pseudopapilledema of optic disc, unspecified eye","Pseudopapilledema"
4318691,45547896,1552,7335,"Glaucoma secondary to drugs, left eye, severe stage","Secondary glaucoma"
377288,45591278,3576,7307,"Unspecified corneal deposit, right eye","Corneal deposit"
432919,45547777,5780,7270,"Discoid lupus erythematosus of right eye, unspecified eyelid","Discoid lupus erythematosus of eyelid"
374226,45589658,5066,7227,"Burn of right eye and adnexa, part unspecified, initial encounter","Burn of eye region"
45757708,1326584,2605,7216,"Low vision right eye category 2, normal vision left eye","Low vision right eye, normal vision left eye"
36674199,37200075,1609,7178,"Diabetes mellitus due to underlying condition with proliferative diabetic retinopathy without macular edema, right eye","Proliferative retinopathy of right eye with diabetes mellitus"
195771,37200075,1609,7178,"Diabetes mellitus due to underlying condition with proliferative diabetic retinopathy without macular edema, right eye","Secondary diabetes mellitus"
434932,45567005,2239,7172,"Fuchs' heterochromic cyclitis, right eye","Fuchs' heterochromic cyclitis"
380411,45581697,3339,7041,"Monocular exotropia with V pattern, left eye","Monocular exotropia with V-pattern strabismus"
380097,37200152,1359,7036,"Type 1 diabetes mellitus with moderate nonproliferative diabetic retinopathy with macular edema, unspecified eye","Macular edema due to diabetes mellitus"
37016180,37200152,1359,7036,"Type 1 diabetes mellitus with moderate nonproliferative diabetic retinopathy with macular edema, unspecified eye","Moderate nonproliferative retinopathy due to type 1 diabetes mellitus"
374226,45584802,5001,7015,"Burn of left eye and adnexa, part unspecified, initial encounter","Burn of eye region"
433768,45591356,1631,6997,"Glaucoma with increased episcleral venous pressure, unspecified eye","Glaucoma with increased episcleral venous pressure"
436986,45547805,3075,6922,"Unspecified enophthalmos, right eye","Enophthalmos"
434932,45596038,2266,6917,"Fuchs' heterochromic cyclitis, left eye","Fuchs' heterochromic cyclitis"
45773204,45542933,3158,6916,"Cicatricial lagophthalmos left lower eyelid","Cicatricial lagophthalmos of lower eyelid"
381291,45557346,1789,6913,"Neurotrophic keratoconjunctivitis, unspecified eye","Neurotrophic keratoconjunctivitis"
381020,45566963,4126,6880,"Conjunctival concretions, unspecified eye","Conjunctival concretion"
372322,45552560,3309,6877,"Senile entropion of left eye, unspecified eyelid","Senile entropion"
381860,45566965,4507,6875,"Vascular abnormalities of conjunctiva, right eye","Vascular abnormality of conjunctiva"
374941,45533194,5310,6854,"Retained foreign body in right eye, unspecified eyelid","Retained foreign body of eyelid"
373203,45533251,3596,6849,"Central corneal opacity, unspecified eye","Central opacity of cornea"
377288,45542983,3352,6847,"Unspecified corneal deposit, left eye","Corneal deposit"
4201531,45552681,2090,6840,"Primary angle closure without glaucoma damage, unspecified eye","Disorder of anterior chamber of eye"
195771,37200074,1207,6829,"Diabetes mellitus due to underlying condition with stable proliferative diabetic retinopathy, unspecified eye","Secondary diabetes mellitus"
380096,37200074,1207,6829,"Diabetes mellitus due to underlying condition with stable proliferative diabetic retinopathy, unspecified eye","Proliferative retinopathy due to diabetes mellitus"
4147891,45566928,4539,6829,"Madarosis of right upper eyelid and periocular area","Madarosis of eyelid"
4219836,45592447,3921,6747,"Contusion of unspecified eyelid and periocular area, subsequent encounter","Contusion of ocular adnexa and periocular tissues"
436975,45600918,3689,6728,"Pigmentary glaucoma, right eye, stage unspecified","Pigmentary glaucoma"
433768,45543052,2811,6723,"Glaucoma with increased episcleral venous pressure, left eye","Glaucoma with increased episcleral venous pressure"
379027,45557454,2226,6719,"Progressive external ophthalmoplegia, unspecified eye","Progressive external ophthalmoplegia"
436398,45543051,2123,6717,"Glaucoma secondary to other eye disorders, unspecified eye, mild stage","Glaucoma associated with ocular disorder"
432312,45591347,1674,6715,"Chronic angle-closure glaucoma, unspecified eye, indeterminate stage","Chronic angle-closure glaucoma"
379813,45605580,4683,6705,"Mechanical ectropion of right eye, unspecified eyelid","Mechanical ectropion"
376688,45600892,1123,6670,"Glaucomatous flecks (subcapsular), unspecified eye","Glaukomflecken"
45757719,1326538,1564,6645,"Blindness right eye category 3, blindness left eye category 4","Blind right eye, normal vision left eye"
380110,45552626,3017,6637,"Keratoconus, stable, unspecified eye","Keratoconus, stable condition"
4180778,45543092,2582,6635,"Other disorders of unspecified eye following cataract surgery","Visual system complication of procedure"
381862,45586498,3473,6628,"Other paralytic strabismus, left eye","Paralytic strabismus"
375404,45592499,3611,6616,"Ocular laceration and rupture with prolapse or loss of intraocular tissue, unspecified eye, initial encounter","Ocular laceration with prolapse AND/OR exposure of intraocular tissue"
45773204,45581535,3152,6565,"Cicatricial lagophthalmos right lower eyelid","Cicatricial lagophthalmos of lower eyelid"
381862,45562264,3257,6551,"Other paralytic strabismus, right eye","Paralytic strabismus"
434883,1595522,3487,6530,"Carcinoma in situ of skin of left lower eyelid, including canthus","Carcinoma in situ of skin of eyelid including canthus"
380402,45566971,3154,6522,"Central corneal ulcer, unspecified eye","Central corneal ulcer"
4275433,45571916,2267,6500,"Idiopathic cysts of iris, ciliary body or anterior chamber, right eye","Idiopathic cyst of anterior chamber of eye"
45770919,45543006,2572,6489,"Infantile and juvenile nuclear cataract, right eye","Infantile and/or juvenile cataract"
373769,45543006,2572,6489,"Infantile and juvenile nuclear cataract, right eye","Nuclear cataract"
375821,45533186,2429,6458,"Paralytic lagophthalmos right eye, unspecified eyelid","Paralytic lagophthalmos"
438744,45543016,2601,6437,"Acute posterior multifocal placoid pigment epitheliopathy, left eye","Acute posterior multifocal placoid pigment epitheliopathy"
436398,45571979,1705,6420,"Glaucoma secondary to other eye disorders, unspecified eye, indeterminate stage","Glaucoma associated with ocular disorder"
45757719,1326539,1146,6417,"Blindness right eye category 3, blindness left eye category 5","Blind right eye, normal vision left eye"
440732,45605616,1292,6413,"Posterior scleritis, right eye","Posterior scleritis"
45770919,45591301,2520,6387,"Infantile and juvenile nuclear cataract, left eye","Infantile and/or juvenile cataract"
373769,45591301,2520,6387,"Infantile and juvenile nuclear cataract, left eye","Nuclear cataract"
438744,45576712,2504,6379,"Acute posterior multifocal placoid pigment epitheliopathy, right eye","Acute posterior multifocal placoid pigment epitheliopathy"
376984,45557330,4036,6378,"Conjunctival cysts, unspecified eye","Conjunctival cyst"
373732,45576375,1986,6367,"Carcinoma in situ of right eye","Carcinoma in situ of eye"
381860,45547811,4161,6340,"Vascular abnormalities of conjunctiva, left eye","Vascular abnormality of conjunctiva"
440732,45566968,1275,6310,"Posterior scleritis, left eye","Posterior scleritis"
45770919,45543005,3417,6244,"Unspecified infantile and juvenile cataract, right eye","Infantile and/or juvenile cataract"
4318691,45586469,1413,6241,"Glaucoma secondary to drugs, left eye, indeterminate stage","Secondary glaucoma"
372315,45562209,2494,6230,"Anterior subcapsular polar infantile and juvenile cataract, left eye","Anterior subcapsular polar cataract"
45770919,45562209,2494,6230,"Anterior subcapsular polar infantile and juvenile cataract, left eye","Infantile and/or juvenile cataract"
375821,45571857,2323,6224,"Paralytic lagophthalmos left eye, unspecified eyelid","Paralytic lagophthalmos"
380097,37200160,706,6211,"Type 1 diabetes mellitus with severe nonproliferative diabetic retinopathy with macular edema, unspecified eye","Macular edema due to diabetes mellitus"
45763583,37200160,706,6211,"Type 1 diabetes mellitus with severe nonproliferative diabetic retinopathy with macular edema, unspecified eye","Nonproliferative diabetic retinopathy due to type 1 diabetes mellitus"
376114,37200160,706,6211,"Type 1 diabetes mellitus with severe nonproliferative diabetic retinopathy with macular edema, unspecified eye","Severe nonproliferative retinopathy due to diabetes mellitus"
377848,45596074,3395,6206,"Toxic maculopathy, right eye","Toxic maculopathy"
436398,45533323,2036,6185,"Glaucoma secondary to other eye disorders, unspecified eye, moderate stage","Glaucoma associated with ocular disorder"
380722,45571927,3120,6153,"Localized traumatic opacities, right eye","Localized traumatic opacity"
438751,45567004,2431,6147,"Lens-induced iridocyclitis, left eye","Lens-induced iridocyclitis"
45763788,45552563,3143,6126,"Cicatricial ectropion of right upper eyelid","Cicatricial ectropion of upper eyelid"
4227153,45542944,3231,6112,"Vitiligo of unspecified eye, unspecified eyelid and periocular area","Vitiligo of eyelid"
377291,45591257,3056,6097,"Peripheral pterygium, progressive, unspecified eye","Peripheral pterygium, progressive"
4318691,45596099,1431,6090,"Glaucoma secondary to drugs, right eye, indeterminate stage","Secondary glaucoma"
4147891,45538172,4135,6087,"Madarosis of left upper eyelid and periocular area","Madarosis of eyelid"
436986,45586361,2675,6041,"Enophthalmos due to trauma or surgery, left eye","Enophthalmos"
373732,45566661,2016,6032,"Carcinoma in situ of left eye","Carcinoma in situ of eye"
436407,45557348,928,6031,"Diffuse interstitial keratitis, unspecified eye","Diffuse interstitial keratitis"
45757722,1326562,2034,6025,"Low vision right eye category 2, blindness left eye category 3","Blind left eye, low vision right eye"
45757804,45557470,3254,6008,"Sector or arcuate defects, unspecified eye","Sector and/or arcuate visual field defect"
435269,45533338,2534,5986,"Optic papillitis, unspecified eye","Optic papillitis"
432312,45596089,1594,5970,"Chronic angle-closure glaucoma, unspecified eye, moderate stage","Chronic angle-closure glaucoma"
4275433,45586416,2083,5954,"Idiopathic cysts of iris, ciliary body or anterior chamber, left eye","Idiopathic cyst of anterior chamber of eye"
4334734,45592502,3462,5944,"Penetrating wound of orbit with or without foreign body, unspecified eye, initial encounter","Penetrating wound of orbit"
441561,45562237,1979,5930,"Low-tension glaucoma, unspecified eye, severe stage","Low tension glaucoma"
375283,45576656,2941,5922,"Angular blepharoconjunctivitis, unspecified eye","Angular blepharoconjunctivitis"
376966,37200420,2833,5889,"Exudative age-related macular degeneration, unspecified eye, with active choroidal neovascularization","Exudative age-related macular degeneration"
377848,45543035,3208,5861,"Toxic maculopathy, left eye","Toxic maculopathy"
373766,45605672,2723,5844,"Retinopathy of prematurity, unspecified, left eye","Retinopathy of prematurity"
432632,45576687,2597,5823,"Secondary noninfectious iridocyclitis, unspecified eye","Secondary noninfectious iridocyclitis"
434944,45542969,1365,5693,"Other scleritis, unspecified eye","Scleritis"
372315,45576701,2323,5692,"Anterior subcapsular polar infantile and juvenile cataract, right eye","Anterior subcapsular polar cataract"
45770919,45576701,2323,5692,"Anterior subcapsular polar infantile and juvenile cataract, right eye","Infantile and/or juvenile cataract"
441284,45567055,1841,5678,"Residual stage of open-angle glaucoma, unspecified eye","Open-angle glaucoma"
45770919,45538242,3084,5670,"Infantile and juvenile cortical, lamellar, or zonular cataract, right eye","Infantile and/or juvenile cataract"
434883,1595520,3012,5662,"Carcinoma in situ of skin of right lower eyelid, including canthus","Carcinoma in situ of skin of eyelid including canthus"
438751,45600884,2301,5647,"Lens-induced iridocyclitis, right eye","Lens-induced iridocyclitis"
378429,1595590,2507,5642,"Rosacea conjunctivitis, unspecified eye","Rosacea conjunctivitis"
432312,45581666,1809,5641,"Chronic angle-closure glaucoma, unspecified eye, mild stage","Chronic angle-closure glaucoma"
380097,37200038,943,5625,"Diabetes mellitus due to underlying condition with moderate nonproliferative diabetic retinopathy with macular edema, unspecified eye","Macular edema due to diabetes mellitus"
37016358,37200038,943,5625,"Diabetes mellitus due to underlying condition with moderate nonproliferative diabetic retinopathy with macular edema, unspecified eye","Moderate nonproliferative retinopathy due to secondary diabetes mellitus"
4052225,45563354,3601,5612,"Laceration without foreign body of left eyelid and periocular area, sequela","Sequelae of injury of eye and orbit"
374931,45571901,2837,5607,"Marginal corneal ulcer, unspecified eye","Marginal corneal ulcer"
45757699,1326587,2949,5602,"Low vision left eye category 2, normal vision right eye","Low vision left eye, normal vision right eye"
438141,45600912,2624,5601,"Age-related reticular degeneration of retina, unspecified eye","Senile reticular retinal degeneration"
372906,1326543,1307,5593,"Blindness right eye category 4, blindness left eye category 5","Blindness - both eyes"
3662369,1595558,2062,5586,"Paralytic ectropion of right lower eyelid","Paralytic ectropion of right lower eyelid"
4196227,45591381,898,5581,"Coloboma of optic disc, unspecified eye","Congenital coloboma of optic disc"
381281,1326526,753,5581,"Degenerative myopia with foveoschisis, right eye","Degenerative progressive high myopia"
438767,1326526,753,5581,"Degenerative myopia with foveoschisis, right eye","Staphyloma posticum"
4162094,1326526,753,5581,"Degenerative myopia with foveoschisis, right eye","Retinal thickening"
45770919,45547844,2943,5578,"Infantile and juvenile cortical, lamellar, or zonular cataract, left eye","Infantile and/or juvenile cataract"
4247597,45586481,3279,5568,"Hemophthalmos, right eye","Intraocular hemorrhage"
435397,45594360,3743,5568,"Foreign body in cornea, right eye, sequela","Late effect of foreign body in orifice"
374941,45586345,4406,5556,"Retained foreign body in unspecified eye, unspecified eyelid","Retained foreign body of eyelid"
45757720,1326553,1783,5550,"Blindness right eye category 4, low vision left eye category 2","Blind right eye, low vision left eye"
440408,725334,3820,5534,"Epithelial (juvenile) corneal dystrophy, unspecified eye","Meesman's corneal dystrophy"
432312,45533315,1675,5527,"Chronic angle-closure glaucoma, unspecified eye, severe stage","Chronic angle-closure glaucoma"
435397,45541248,3536,5519,"Foreign body in cornea, left eye, sequela","Late effect of foreign body in orifice"
380097,37200044,629,5517,"Diabetes mellitus due to underlying condition with severe nonproliferative diabetic retinopathy with macular edema, left eye","Macular edema due to diabetes mellitus"
35626044,37200044,629,5517,"Diabetes mellitus due to underlying condition with severe nonproliferative diabetic retinopathy with macular edema, left eye","Severe nonproliferative retinopathy of left eye due to diabetes mellitus"
195771,37200044,629,5517,"Diabetes mellitus due to underlying condition with severe nonproliferative diabetic retinopathy with macular edema, left eye","Secondary diabetes mellitus"
376408,45547835,1265,5485,"Descemetocele, right eye","Descemetocele"
376408,45538230,1293,5484,"Descemetocele, left eye","Descemetocele"
4247597,45600941,3212,5481,"Hemophthalmos, left eye","Intraocular hemorrhage"
372906,1326546,1310,5459,"Blindness right eye category 5, blindness left eye category 4","Blindness - both eyes"
380096,37200306,2155,5445,"Other specified diabetes mellitus with proliferative diabetic retinopathy without macular edema, unspecified eye","Proliferative retinopathy due to diabetes mellitus"
201820,37200306,2155,5445,"Other specified diabetes mellitus with proliferative diabetic retinopathy without macular edema, unspecified eye","Diabetes mellitus"
380722,45557382,2649,5440,"Localized traumatic opacities, left eye","Localized traumatic opacity"
4339013,37200376,2404,5410,"Tributary (branch) retinal vein occlusion, unspecified eye, with macular edema","Branch retinal vein occlusion with macular edema"
437850,45586430,1635,5405,"Unspecified focal chorioretinal inflammation, left eye","Focal chorioretinitis"
3657889,1595561,2106,5402,"Paralytic ectropion of left lower eyelid","Paralytic ectropion of left lower eyelid"
4052225,45592501,2046,5376,"Ocular laceration without prolapse or loss of intraocular tissue, right eye, sequela","Sequelae of injury of eye and orbit"
441555,45543029,2469,5365,"Retinal telangiectasis, unspecified eye","Retinal telangiectasia"
35626041,37200039,1491,5345,"Diabetes mellitus due to underlying condition with moderate nonproliferative diabetic retinopathy without macular edema, right eye","Moderate nonproliferative diabetic retinopathy of right eye"
195771,37200039,1491,5345,"Diabetes mellitus due to underlying condition with moderate nonproliferative diabetic retinopathy without macular edema, right eye","Secondary diabetes mellitus"
37311300,45605649,2820,5325,"Cataract with neovascularization, right eye","Cataract of right eye"
37168677,45605649,2820,5325,"Cataract with neovascularization, right eye","Neovascularization of eye"
375258,45533245,3639,5325,"Photokeratitis, left eye","Photokeratitis"
4052225,45577884,2113,5320,"Ocular laceration without prolapse or loss of intraocular tissue, left eye, sequela","Sequelae of injury of eye and orbit"
376401,45567015,1916,5294,"Unspecified traumatic cataract, unspecified eye","Traumatic cataract"
4052225,45549014,3375,5266,"Laceration without foreign body of right eyelid and periocular area, sequela","Sequelae of injury of eye and orbit"
4162559,45586432,1463,5244,"Focal chorioretinal inflammation of posterior pole, right eye","Focal chorioretinitis of posterior pole of eye"
436986,45566955,2367,5238,"Enophthalmos due to trauma or surgery, right eye","Enophthalmos"
37395818,45571860,2658,5234,"Blepharophimosis unspecified eye, unspecified lid","Blepharophimosis epicanthus inversus ptosis syndrome"
436133,45547819,2018,5218,"Scleral ectasia, right eye","Scleral staphyloma"
4162559,45543013,1489,5189,"Focal chorioretinal inflammation of posterior pole, left eye","Focal chorioretinitis of posterior pole of eye"
45763788,45542929,2663,5171,"Cicatricial ectropion of left upper eyelid","Cicatricial ectropion of upper eyelid"
375258,45581592,3459,5160,"Photokeratitis, right eye","Photokeratitis"
381445,45602091,1938,5130,"Avulsion of left eye, subsequent encounter","Avulsion of eye"
373479,45562172,2499,5123,"Peripheral opacity of cornea, unspecified eye","Peripheral opacity of cornea"
373194,45581539,2309,5117,"Paralytic ptosis unspecified eyelid","Paralytic ptosis"
132321,45581529,2294,5115,"Xeroderma of unspecified eye, unspecified eyelid","Xeroderma of eyelid"
380097,37200309,1238,5111,"Other specified diabetes mellitus with diabetic macular edema, resolved following treatment, left eye","Macular edema due to diabetes mellitus"
201820,37200309,1238,5111,"Other specified diabetes mellitus with diabetic macular edema, resolved following treatment, left eye","Diabetes mellitus"
376699,45538163,2625,5107,"Cicatricial ectropion of right eye, unspecified eyelid","Cicatricial ectropion"
381281,1326527,735,5092,"Degenerative myopia with foveoschisis, left eye","Degenerative progressive high myopia"
438767,1326527,735,5092,"Degenerative myopia with foveoschisis, left eye","Staphyloma posticum"
4162094,1326527,735,5092,"Degenerative myopia with foveoschisis, left eye","Retinal thickening"
380097,37200279,1310,5076,"Other specified diabetes mellitus with proliferative diabetic retinopathy with macular edema, right eye","Macular edema due to diabetes mellitus"
380096,37200279,1310,5076,"Other specified diabetes mellitus with proliferative diabetic retinopathy with macular edema, right eye","Proliferative retinopathy due to diabetes mellitus"
45763773,45586477,2292,5075,"Flat anterior chamber hypotony of right eye","Flat anterior chamber of eye with hypotony"
36674200,37200076,1251,5050,"Diabetes mellitus due to underlying condition with proliferative diabetic retinopathy without macular edema, left eye","Proliferative retinopathy of left eye due to diabetes mellitus"
195771,37200076,1251,5050,"Diabetes mellitus due to underlying condition with proliferative diabetic retinopathy without macular edema, left eye","Secondary diabetes mellitus"
380097,37200043,765,5049,"Diabetes mellitus due to underlying condition with severe nonproliferative diabetic retinopathy with macular edema, right eye","Macular edema due to diabetes mellitus"
35626043,37200043,765,5049,"Diabetes mellitus due to underlying condition with severe nonproliferative diabetic retinopathy with macular edema, right eye","Severe nonproliferative retinopathy of right eye due to diabetes mellitus"
195771,37200043,765,5049,"Diabetes mellitus due to underlying condition with severe nonproliferative diabetic retinopathy with macular edema, right eye","Secondary diabetes mellitus"
375428,45539427,2230,5043,"Injury of optic nerve, left eye, initial encounter","Traumatic optic nerve injury"
372906,1326545,1184,5041,"Blindness right eye category 5, blindness left eye category 3","Blindness - both eyes"
45773201,45552564,2808,5039,"Spastic ectropion of left lower eyelid","Spastic ectropion of lower eyelid"
441712,45544190,3212,5035,"Unspecified open wound of left eyelid and periocular area, subsequent encounter","Open wound of ocular adnexa"
374941,45566931,3779,4998,"Retained foreign body in left eye, unspecified eyelid","Retained foreign body of eyelid"
375428,45587588,2259,4973,"Injury of optic nerve, right eye, initial encounter","Traumatic optic nerve injury"
45773201,45562128,2746,4965,"Spastic ectropion of right lower eyelid","Spastic ectropion of lower eyelid"
441712,45563353,3083,4956,"Unspecified open wound of right eyelid and periocular area, subsequent encounter","Open wound of ocular adnexa"
435279,45600971,2851,4943,"Tonic pupil, unspecified eye","Tonic pupillary reaction"
375393,45563355,3149,4938,"Laceration without foreign body of unspecified eyelid and periocular area, subsequent encounter","Laceration of skin of eyelid AND periocular area"
380097,37200255,1490,4906,"Other specified diabetes mellitus with mild nonproliferative diabetic retinopathy with macular edema, right eye","Macular edema due to diabetes mellitus"
378743,37200255,1490,4906,"Other specified diabetes mellitus with mild nonproliferative diabetic retinopathy with macular edema, right eye","Mild nonproliferative retinopathy due to diabetes mellitus"
4208200,45576799,2414,4887,"Cystoid macular edema following cataract surgery, unspecified eye","Postoperative cystoid macular edema"
437850,45586429,1994,4885,"Unspecified focal chorioretinal inflammation, right eye","Focal chorioretinitis"
4180778,45572023,2004,4863,"Accidental puncture and laceration of right eye and adnexa during an ophthalmic procedure","Visual system complication of procedure"
4055231,45572023,2004,4863,"Accidental puncture and laceration of right eye and adnexa during an ophthalmic procedure","Accidental laceration during a procedure"
45770919,45557380,2647,4843,"Unspecified infantile and juvenile cataract, left eye","Infantile and/or juvenile cataract"
377875,45566995,3020,4840,"Idiopathic corneal edema, unspecified eye","Idiopathic corneal edema"
434932,45581618,1899,4831,"Fuchs' heterochromic cyclitis, unspecified eye","Fuchs' heterochromic cyclitis"
4302329,45567079,2052,4819,"Retained (nonmagnetic) (old) foreign body in lens, left eye","Retained nonmagnetic foreign body in lens"
45757722,1326563,1690,4813,"Low vision right eye category 2, blindness left eye category 4","Blind left eye, low vision right eye"
433633,45573109,2987,4791,"Injury of conjunctiva and corneal abrasion without foreign body, unspecified eye, sequela","Late effect of superficial injury"
434638,45562216,1620,4790,"Focal chorioretinal inflammation, macular or paramacular, right eye","Paramacular focal retinitis AND retinochoroiditis"
379813,45600824,2543,4784,"Mechanical ectropion of unspecified eye, unspecified eyelid","Mechanical ectropion"
37395818,45581541,2488,4756,"Blepharophimosis right upper eyelid","Blepharophimosis epicanthus inversus ptosis syndrome"
4302329,45538299,2012,4737,"Retained (nonmagnetic) (old) foreign body in lens, right eye","Retained nonmagnetic foreign body in lens"
4318656,45600977,2286,4719,"Chorioretinal scars after surgery for detachment, unspecified eye","Postsurgical chorioretinal scar"
4180778,45562297,1961,4709,"Accidental puncture and laceration of left eye and adnexa during an ophthalmic procedure","Visual system complication of procedure"
4055231,45562297,1961,4709,"Accidental puncture and laceration of left eye and adnexa during an ophthalmic procedure","Accidental laceration during a procedure"
376699,45562125,2230,4706,"Cicatricial ectropion of left eye, unspecified eyelid","Cicatricial ectropion"
380097,37200280,1225,4701,"Other specified diabetes mellitus with proliferative diabetic retinopathy with macular edema, left eye","Macular edema due to diabetes mellitus"
380096,37200280,1225,4701,"Other specified diabetes mellitus with proliferative diabetic retinopathy with macular edema, left eye","Proliferative retinopathy due to diabetes mellitus"
376123,45586427,2285,4696,"Subluxation of lens, unspecified eye","Subluxation of lens"
36717300,1595566,2724,4692,"Unspecified lagophthalmos, bilateral, upper and lower eyelids","Lagophthalmos of bilateral eyelids"
4197154,45600896,1319,4691,"Posterior cyclitis, unspecified eye","Posterior cyclitis"
438767,45533239,2174,4662,"Staphyloma posticum, unspecified eye","Staphyloma posticum"
441582,45566967,1650,4651,"Anterior scleritis, unspecified eye","Anterior scleritis"
377288,45576680,2293,4647,"Unspecified corneal deposit, unspecified eye","Corneal deposit"
372906,1326541,1446,4625,"Blindness right eye category 4, blindness left eye category 3","Blindness - both eyes"
374349,45576684,2275,4618,"Other corneal deformities, left eye","Corneal deformity"
381019,45576679,1636,4560,"Deep vascularization of cornea, left eye","Deep vascularization of cornea"
434638,45543014,1617,4560,"Focal chorioretinal inflammation, macular or paramacular, left eye","Paramacular focal retinitis AND retinochoroiditis"
45763773,45576768,2053,4553,"Flat anterior chamber hypotony of left eye","Flat anterior chamber of eye with hypotony"
3656988,45586392,1378,4552,"Other interstitial and deep keratitis, left eye","Interstitial keratitis of left eye"
435755,1595514,1203,4498,"Other specified malignant neoplasm of skin of left lower eyelid, including canthus","Primary malignant neoplasm of skin of eyelid"
4197475,1595514,1203,4498,"Other specified malignant neoplasm of skin of left lower eyelid, including canthus","Malignant neoplasm of lower eyelid"
440112,45542942,2705,4489,"Chloasma of unspecified eye, unspecified eyelid and periocular area","Hyperpigmentation of eyelid"
3656903,45566987,1355,4475,"Other interstitial and deep keratitis, right eye","Interstitial keratitis of right eye"
376413,45596014,2021,4469,"Conjunctival adhesions and strands (localized), right eye","Localized adhesions AND/OR strands of conjunctiva"
201254,37200188,1402,4460,"Type 1 diabetes mellitus with stable proliferative diabetic retinopathy, unspecified eye","Type 1 diabetes mellitus"
45763584,37200188,1402,4460,"Type 1 diabetes mellitus with stable proliferative diabetic retinopathy, unspecified eye","Proliferative retinopathy due to type 1 diabetes mellitus"
377555,45605661,2080,4420,"Solar retinopathy, right eye","Solar retinopathy"
372629,37200401,2459,4409,"Nonexudative age-related macular degeneration, unspecified eye, advanced atrophic without subfoveal involvement","Nonexudative age-related macular degeneration"
381019,45591275,1531,4365,"Deep vascularization of cornea, right eye","Deep vascularization of cornea"
378743,37200259,2556,4363,"Other specified diabetes mellitus with mild nonproliferative diabetic retinopathy without macular edema, right eye","Mild nonproliferative retinopathy due to diabetes mellitus"
201820,37200259,2556,4363,"Other specified diabetes mellitus with mild nonproliferative diabetic retinopathy without macular edema, right eye","Diabetes mellitus"
377868,45600872,2320,4361,"Pannus (corneal), unspecified eye","Corneal pannus"
380097,37200256,1260,4347,"Other specified diabetes mellitus with mild nonproliferative diabetic retinopathy with macular edema, left eye","Macular edema due to diabetes mellitus"
378743,37200256,1260,4347,"Other specified diabetes mellitus with mild nonproliferative diabetic retinopathy with macular edema, left eye","Mild nonproliferative retinopathy due to diabetes mellitus"
374355,45552624,2193,4336,"Peripheral corneal degeneration, unspecified eye","Peripheral degeneration of cornea"
4081488,45605626,2150,4336,"Unspecified corneal neovascularization, unspecified eye","Vascularization of cornea"
432645,45586378,1032,4332,"Scleromalacia perforans, left eye","Scleromalacia perforans"
381847,45533366,1920,4314,"Scotoma of blind spot area, unspecified eye","Blind spot scotoma"
381862,45557455,1726,4281,"Other paralytic strabismus, unspecified eye","Paralytic strabismus"
375821,45557282,1753,4264,"Paralytic lagophthalmos unspecified eye, unspecified eyelid","Paralytic lagophthalmos"
376413,45576660,1828,4258,"Conjunctival adhesions and strands (localized), left eye","Localized adhesions AND/OR strands of conjunctiva"
436133,45576669,1811,4246,"Scleral ectasia, left eye","Scleral staphyloma"
4152163,45587600,2575,4243,"Unspecified injury of unspecified eye and orbit, subsequent encounter","Injury of eye region"
37395818,45576632,2266,4229,"Blepharophimosis left upper eyelid","Blepharophimosis epicanthus inversus ptosis syndrome"
37311301,45552642,2564,4209,"Cataract with neovascularization, left eye","Cataract of left eye"
37168677,45552642,2564,4209,"Cataract with neovascularization, left eye","Neovascularization of eye"
381445,45549059,1315,4206,"Avulsion of unspecified eye, initial encounter","Avulsion of eye"
374349,45533263,2009,4201,"Other corneal deformities, right eye","Corneal deformity"
378763,45596125,2152,4175,"Monocular esotropia with V pattern, left eye","Monocular esotropia with V pattern"
436976,45562210,1487,4162,"Posterior subcapsular polar infantile and juvenile cataract, unspecified eye","Posterior subcapsular polar cataract"
45770919,45562210,1487,4162,"Posterior subcapsular polar infantile and juvenile cataract, unspecified eye","Infantile and/or juvenile cataract"
378763,45538306,2045,4156,"Monocular esotropia with V pattern, right eye","Monocular esotropia with V pattern"
378414,45571948,618,4122,"Retinal detachment with retinal dialysis, unspecified eye","Retinal detachment"
4335996,45571948,618,4122,"Retinal detachment with retinal dialysis, unspecified eye","Retinal dialysis"
380097,37200194,768,4118,"Type 1 diabetes mellitus with diabetic macular edema, resolved following treatment, right eye","Macular edema due to diabetes mellitus"
42538169,37200194,768,4118,"Type 1 diabetes mellitus with diabetic macular edema, resolved following treatment, right eye","Disorder of eye due to type 1 diabetes mellitus"
373766,45533307,1065,4092,"Retrolental fibroplasia, right eye","Retinopathy of prematurity"
37016358,37200042,1246,4088,"Diabetes mellitus due to underlying condition with moderate nonproliferative diabetic retinopathy without macular edema, unspecified eye","Moderate nonproliferative retinopathy due to secondary diabetes mellitus"
195771,37200042,1246,4088,"Diabetes mellitus due to underlying condition with moderate nonproliferative diabetic retinopathy without macular edema, unspecified eye","Secondary diabetes mellitus"
374270,45595579,943,4087,"Tuberculosis of eye, unspecified","Tuberculosis of eye"
381568,45533215,2409,4071,"Pseudomembranous conjunctivitis, left eye","Pseudomembranous conjunctivitis"
433490,45547827,2170,4068,"Posterior corneal pigmentations, right eye","Posterior corneal pigmentation"
434344,45596130,2521,4052,"Spasm of accommodation, right eye","Ciliary muscle spasm"
4033836,1595516,627,4032,"Melanoma in situ of right lower eyelid, including canthus","Melanoma in situ of eyelid, including canthus"
381445,45568219,1807,4025,"Avulsion of right eye, subsequent encounter","Avulsion of eye"
374202,45568218,2345,4002,"Penetrating wound without foreign body of right eyeball, initial encounter","Penetrating wound of eye"
35626042,37200040,1117,4002,"Diabetes mellitus due to underlying condition with moderate nonproliferative diabetic retinopathy without macular edema, left eye","Moderate nonproliferative diabetic retinopathy of left eye"
195771,37200040,1117,4002,"Diabetes mellitus due to underlying condition with moderate nonproliferative diabetic retinopathy without macular edema, left eye","Secondary diabetes mellitus"
432645,45533234,1024,3988,"Scleromalacia perforans, right eye","Scleromalacia perforans"
372315,45586422,713,3972,"Anterior subcapsular polar infantile and juvenile cataract, unspecified eye","Anterior subcapsular polar cataract"
45770919,45586422,713,3972,"Anterior subcapsular polar infantile and juvenile cataract, unspecified eye","Infantile and/or juvenile cataract"
42538748,45605701,2420,3948,"Unspecified retained (old) intraocular foreign body, nonmagnetic, right eye","Retained nonmagnetic foreign body in right eye"
437269,45586461,1688,3934,"Intermittent angle-closure glaucoma, unspecified eye","Intermittent angle-closure glaucoma"
374939,45542976,2024,3924,"Macular keratitis, left eye","Macular keratitis"
4135964,45596111,3132,3918,"Unspecified retained (old) intraocular foreign body, nonmagnetic, unspecified eye","Retained nonmagnetic intraocular foreign body"
372896,45533357,2180,3918,"Deprivation amblyopia, unspecified eye","Stimulus deprivation amblyopia"
374202,45577887,2232,3903,"Penetrating wound without foreign body of left eyeball, initial encounter","Penetrating wound of eye"
435814,45596042,1906,3894,"Degeneration of ciliary body, right eye","Degenerative changes of ciliary body"
440396,45567061,1051,3890,"Glaucoma secondary to eye trauma, bilateral, severe stage","Glaucoma due to ocular trauma"
37311833,37200071,804,3857,"Diabetes mellitus due to underlying condition with stable proliferative diabetic retinopathy, right eye","Stable treated proliferative retinopathy of right eye due to diabetes mellitus"
195771,37200071,804,3857,"Diabetes mellitus due to underlying condition with stable proliferative diabetic retinopathy, right eye","Secondary diabetes mellitus"
4108644,45577832,2488,3852,"Abrasion of right eyelid and periocular area, subsequent encounter","Abrasion of eye region"
374939,45557345,1961,3848,"Macular keratitis, right eye","Macular keratitis"
381568,45591247,2187,3846,"Pseudomembranous conjunctivitis, right eye","Pseudomembranous conjunctivitis"
435814,45596043,1919,3835,"Degeneration of ciliary body, left eye","Degenerative changes of ciliary body"
374226,45594536,2687,3812,"Burn of unspecified eye and adnexa, part unspecified, initial encounter","Burn of eye region"
440396,45567060,1113,3805,"Glaucoma secondary to eye trauma, bilateral, moderate stage","Glaucoma due to ocular trauma"
45763773,45552702,2036,3801,"Flat anterior chamber hypotony of eye, bilateral","Flat anterior chamber of eye with hypotony"
379818,45543063,1715,3791,"Retrobulbar neuritis, unspecified eye","Retrobulbar neuritis"
374226,45570319,2672,3787,"Corrosion of unspecified eye and adnexa, part unspecified, initial encounter","Burn of eye region"
4147891,45538171,2421,3784,"Madarosis of right lower eyelid and periocular area","Madarosis of eyelid"
35626068,37200081,186,3782,"Diabetes mellitus due to underlying condition with diabetic macular edema, resolved following treatment, left eye","Macular edema of left eye due to diabetes mellitus"
4153217,37200081,186,3782,"Diabetes mellitus due to underlying condition with diabetic macular edema, resolved following treatment, left eye","Patient condition resolved"
195771,37200081,186,3782,"Diabetes mellitus due to underlying condition with diabetic macular edema, resolved following treatment, left eye","Secondary diabetes mellitus"
436975,45591338,1790,3772,"Pigmentary glaucoma, left eye, stage unspecified","Pigmentary glaucoma"
435755,1595494,1982,3765,"Unspecified malignant neoplasm of skin of left lower eyelid, including canthus","Primary malignant neoplasm of skin of eyelid"
4153690,45539402,2661,3755,"Puncture wound without foreign body of left eyelid and periocular area, initial encounter","Puncture wound of eye region"
372629,37200402,1915,3727,"Nonexudative age-related macular degeneration, unspecified eye, advanced atrophic with subfoveal involvement","Nonexudative age-related macular degeneration"
42538747,45543060,2245,3726,"Unspecified retained (old) intraocular foreign body, nonmagnetic, left eye","Retained nonmagnetic foreign body in left eye"
441561,45586450,1277,3719,"Low-tension glaucoma, unspecified eye, indeterminate stage","Low tension glaucoma"
435755,1595512,968,3717,"Other specified malignant neoplasm of skin of right lower eyelid, including canthus","Primary malignant neoplasm of skin of eyelid"
4197475,1595512,968,3717,"Other specified malignant neoplasm of skin of right lower eyelid, including canthus","Malignant neoplasm of lower eyelid"
433762,45591307,964,3716,"Unspecified disseminated chorioretinal inflammation, left eye","Disseminated chorioretinitis"
375268,45557281,2059,3696,"Mechanical lagophthalmos right eye, unspecified eyelid","Mechanical lagophthalmos"
4195813,45599814,1860,3670,"Other mechanical complication of prosthetic orbit of left eye, initial encounter","Disorders of prostheses and implants of the eye"
436986,45605603,1318,3669,"Unspecified enophthalmos, unspecified eye","Enophthalmos"
376424,45557456,2229,3668,"Monocular esotropia with A pattern, right eye","Monocular esotropia with A pattern"
437312,45600976,1208,3664,"Postprocedural hemorrhage of left eye and adnexa following an ophthalmic procedure","Bleeding"
4180778,45600976,1208,3664,"Postprocedural hemorrhage of left eye and adnexa following an ophthalmic procedure","Visual system complication of procedure"
374959,45581576,2040,3664,"Contact blepharoconjunctivitis, unspecified eye","Contact blepharoconjunctivitis"
37311952,45533317,982,3648,"Glaucoma secondary to eye inflammation, unspecified eye, severe stage","Glaucoma due to eye inflammation"
1077068,45576704,602,3641,"Glaucomatous flecks (subcapsular), left eye","Left glaukomflecken"
433762,45557387,1072,3626,"Unspecified disseminated chorioretinal inflammation, right eye","Disseminated chorioretinitis"
433909,45604020,2086,3610,"Foreign body on external eye, part unspecified, left eye, subsequent encounter","Foreign body on external eye"
437312,45572025,1222,3608,"Postprocedural hemorrhage of right eye and adnexa following an ophthalmic procedure","Bleeding"
4180778,45572025,1222,3608,"Postprocedural hemorrhage of right eye and adnexa following an ophthalmic procedure","Visual system complication of procedure"
380405,45576650,1916,3603,"Displacement (lateral) of globe, right eye","Lateral displacement of eye"
377555,45586433,1811,3602,"Solar retinopathy, left eye","Solar retinopathy"
433491,45538224,2373,3601,"Corneal edema secondary to contact lens, unspecified eye","Corneal edema caused by wearing of contact lenses"
435755,45605272,1844,3589,"Other specified malignant neoplasm of skin of unspecified eyelid, including canthus","Primary malignant neoplasm of skin of eyelid"
44784606,45551087,1595,3579,"Corrosion of cornea and conjunctival sac, left eye, subsequent encounter","Burn of cornea and conjunctival sac"
43530685,37200230,835,3523,"Type 2 diabetes mellitus with proliferative diabetic retinopathy with traction retinal detachment involving the macula, unspecified eye","Proliferative retinopathy due to type 2 diabetes mellitus"
4338896,37200230,835,3523,"Type 2 diabetes mellitus with proliferative diabetic retinopathy with traction retinal detachment involving the macula, unspecified eye","Traction retinal detachment involving macula"
37209482,725614,1480,3507,"Corneal transplant failure, right eye","Transplant failure of cornea of right eye"
433909,45565292,1972,3499,"Foreign body on external eye, part unspecified, right eye, subsequent encounter","Foreign body on external eye"
4052225,45582804,1859,3475,"Other injuries of left eye and orbit, sequela","Sequelae of injury of eye and orbit"
376424,45572005,2007,3469,"Monocular esotropia with A pattern, left eye","Monocular esotropia with A pattern"
439017,45567022,1107,3434,"Focal chorioretinal inflammation, peripheral, left eye","Peripheral focal choroiditis AND chorioretinitis"
4147891,45576635,2242,3430,"Madarosis of left lower eyelid and periocular area","Madarosis of eyelid"
44784606,45570318,1595,3425,"Corrosion of cornea and conjunctival sac, right eye, subsequent encounter","Burn of cornea and conjunctival sac"
436805,35210756,1588,3420,"Congenital malformation of anterior segment of eye, unspecified","Congenital anomaly of anterior segment of eye"
37209484,725615,1418,3417,"Corneal transplant failure, left eye","Transplant failure of cornea of left eye"
4338896,37200057,607,3413,"Diabetes mellitus due to underlying condition with proliferative diabetic retinopathy with traction retinal detachment involving the macula, left eye","Traction retinal detachment involving macula"
195771,37200057,607,3413,"Diabetes mellitus due to underlying condition with proliferative diabetic retinopathy with traction retinal detachment involving the macula, left eye","Secondary diabetes mellitus"
4108644,45553761,2383,3408,"Abrasion of left eyelid and periocular area, subsequent encounter","Abrasion of eye region"
440713,45547839,1697,3406,"Posterior synechiae (iris), unspecified eye","Posterior synechiae"
375807,45547906,226,3392,"Other degenerative disorders of globe, unspecified eye","Degenerative disorder of eye"
4033836,45581272,1436,3388,"Melanoma in situ of unspecified eyelid, including canthus","Melanoma in situ of eyelid, including canthus"
436988,45566953,1378,3378,"Enophthalmos due to atrophy of orbital tissue, left eye","Enophthalmos due to orbital tissue atrophy"
4052225,45544244,1810,3366,"Other injuries of right eye and orbit, sequela","Sequelae of injury of eye and orbit"
44784606,45608934,2381,3359,"Corrosion of cornea and conjunctival sac, unspecified eye, initial encounter","Burn of cornea and conjunctival sac"
372917,45543072,1803,3355,"Monocular exotropia with A pattern, left eye","Monocular exotropia with A pattern"
4195813,45580460,1704,3349,"Other mechanical complication of prosthetic orbit of right eye, initial encounter","Disorders of prostheses and implants of the eye"
436988,45562154,1239,3346,"Enophthalmos due to atrophy of orbital tissue, right eye","Enophthalmos due to orbital tissue atrophy"
439011,45542999,1261,3339,"Iris atrophy (essential) (progressive), unspecified eye","Progressive iris atrophy"
46273347,45553831,2160,3327,"Penetrating wound with foreign body of unspecified eyeball, initial encounter","Eyeball wound due to penetrating foreign body"
437872,45552619,1258,3322,"Rupture in Descemet's membrane, right eye","Rupture in Descemet's membrane"
433909,45594361,2721,3317,"Foreign body in other and multiple parts of external eye, unspecified eye, initial encounter","Foreign body on external eye"
374043,725347,2536,3306,"Other hereditary corneal dystrophies, right eye","Hereditary corneal dystrophy"
4153690,45592469,2406,3295,"Puncture wound without foreign body of right eyelid and periocular area, initial encounter","Puncture wound of eye region"
435755,1595492,1819,3280,"Unspecified malignant neoplasm of skin of right lower eyelid, including canthus","Primary malignant neoplasm of skin of eyelid"
4338760,1595483,861,3247,"Malignant melanoma of right upper eyelid, including canthus","Malignant melanoma of eyelid"
372917,45572006,1651,3206,"Monocular exotropia with A pattern, right eye","Monocular exotropia with A pattern"
4338760,1595484,847,3189,"Malignant melanoma of right lower eyelid, including canthus","Malignant melanoma of eyelid"
439385,45567001,925,3188,"Anesthesia and hypoesthesia of cornea, left eye","Corneal hypoesthesia"
4338760,1595486,880,3183,"Malignant melanoma of left lower eyelid, including canthus","Malignant melanoma of eyelid"
37311832,37200072,715,3181,"Diabetes mellitus due to underlying condition with stable proliferative diabetic retinopathy, left eye","Stable treated proliferative retinopathy of left eye due to diabetes mellitus"
195771,37200072,715,3181,"Diabetes mellitus due to underlying condition with stable proliferative diabetic retinopathy, left eye","Secondary diabetes mellitus"
435755,1595513,734,3170,"Other specified malignant neoplasm of skin of left upper eyelid, including canthus","Primary malignant neoplasm of skin of eyelid"
4197474,1595513,734,3170,"Other specified malignant neoplasm of skin of left upper eyelid, including canthus","Malignant neoplasm of upper eyelid"
45763584,37200180,606,3166,"Type 1 diabetes mellitus with proliferative diabetic retinopathy with combined traction retinal detachment and rhegmatogenous retinal detachment, right eye","Proliferative retinopathy due to type 1 diabetes mellitus"
4338897,37200180,606,3166,"Type 1 diabetes mellitus with proliferative diabetic retinopathy with combined traction retinal detachment and rhegmatogenous retinal detachment, right eye","Combined traction and rhegmatogenous retinal detachment"
44784606,45608931,1618,3162,"Burn of cornea and conjunctival sac, right eye, subsequent encounter","Burn of cornea and conjunctival sac"
376966,37200421,1625,3161,"Exudative age-related macular degeneration, unspecified eye, with inactive choroidal neovascularization","Exudative age-related macular degeneration"
380405,45591240,1737,3150,"Displacement (lateral) of globe, left eye","Lateral displacement of eye"
434203,45573050,2149,3130,"Contusion of left eyelid and periocular area, sequela","Late effect of contusion"
433490,45566993,1667,3117,"Posterior corneal pigmentations, left eye","Posterior corneal pigmentation"
437872,45547830,1181,3106,"Rupture in Descemet's membrane, left eye","Rupture in Descemet's membrane"
44784606,45589657,2251,3088,"Burn of cornea and conjunctival sac, unspecified eye, initial encounter","Burn of cornea and conjunctival sac"
378743,37200260,1835,3086,"Other specified diabetes mellitus with mild nonproliferative diabetic retinopathy without macular edema, left eye","Mild nonproliferative retinopathy due to diabetes mellitus"
201820,37200260,1835,3086,"Other specified diabetes mellitus with mild nonproliferative diabetic retinopathy without macular edema, left eye","Diabetes mellitus"
37311952,45538284,917,3073,"Glaucoma secondary to eye inflammation, unspecified eye, moderate stage","Glaucoma due to eye inflammation"
434883,1595521,1785,3069,"Carcinoma in situ of skin of left upper eyelid, including canthus","Carcinoma in situ of skin of eyelid including canthus"
374650,45533181,1391,3056,"Cicatricial entropion of unspecified eye, unspecified eyelid","Cicatricial entropion"
372647,45557460,1292,3051,"Cyclotropia, right eye","Cyclotropia"
432637,45533232,846,3024,"Scleritis with corneal involvement, right eye","Scleritis with corneal involvement"
376697,45562169,1412,3006,"Corneal abscess, left eye","Corneal abscess"
4052225,45568220,1157,2997,"Avulsion of right eye, sequela","Sequelae of injury of eye and orbit"
375268,1595572,1724,2991,"Mechanical lagophthalmos, bilateral, upper and lower eyelids","Mechanical lagophthalmos"
380097,37200083,200,2989,"Diabetes mellitus due to underlying condition with diabetic macular edema, resolved following treatment, unspecified eye","Macular edema due to diabetes mellitus"
439017,45552648,1070,2989,"Focal chorioretinal inflammation, peripheral, right eye","Peripheral focal choroiditis AND chorioretinitis"
4153217,37200083,200,2989,"Diabetes mellitus due to underlying condition with diabetic macular edema, resolved following treatment, unspecified eye","Patient condition resolved"
195771,37200083,200,2989,"Diabetes mellitus due to underlying condition with diabetic macular edema, resolved following treatment, unspecified eye","Secondary diabetes mellitus"
45770919,45581630,1579,2980,"Infantile and juvenile cortical, lamellar, or zonular cataract, unspecified eye","Infantile and/or juvenile cataract"
434203,45534487,2025,2979,"Contusion of right eyelid and periocular area, sequela","Late effect of contusion"
4108968,45552651,325,2970,"Harada's disease, unspecified eye","Vogt-Koyanagi-Harada disease"
375272,45547781,1463,2969,"Spastic entropion of right eye, unspecified eyelid","Spastic entropion"
4247597,45562257,1767,2958,"Hemophthalmos, unspecified eye","Intraocular hemorrhage"
4199331,45566982,1415,2948,"Vernal keratoconjunctivitis, with limbar and corneal involvement, right eye","Vernal keratoconjunctivitis"
377869,45600852,1800,2948,"Conjunctival deposits, left eye","Conjunctival deposit"
195771,37200069,104,2937,"Diabetes mellitus due to underlying condition with proliferative diabetic retinopathy with combined traction retinal detachment and rhegmatogenous retinal detachment, unspecified eye","Secondary diabetes mellitus"
380096,37200069,104,2937,"Diabetes mellitus due to underlying condition with proliferative diabetic retinopathy with combined traction retinal detachment and rhegmatogenous retinal detachment, unspecified eye","Proliferative retinopathy due to diabetes mellitus"
4338897,37200069,104,2937,"Diabetes mellitus due to underlying condition with proliferative diabetic retinopathy with combined traction retinal detachment and rhegmatogenous retinal detachment, unspecified eye","Combined traction and rhegmatogenous retinal detachment"
372647,45572009,1147,2932,"Cyclotropia, left eye","Cyclotropia"
379027,45591384,1181,2927,"Progressive external ophthalmoplegia, left eye","Progressive external ophthalmoplegia"
434883,1595519,1767,2921,"Carcinoma in situ of skin of right upper eyelid, including canthus","Carcinoma in situ of skin of eyelid including canthus"
374650,45542928,1354,2919,"Cicatricial entropion of right eye, unspecified eyelid","Cicatricial entropion"
44784606,45536626,1539,2901,"Burn of cornea and conjunctival sac, left eye, subsequent encounter","Burn of cornea and conjunctival sac"
379027,45543070,1233,2899,"Progressive external ophthalmoplegia, right eye","Progressive external ophthalmoplegia"
443875,45581698,1262,2898,"Monocular exotropia with other noncomitancies, left eye","Monocular exotropia with noncommitance other than A OR V pattern"
440396,45581671,945,2896,"Glaucoma secondary to eye trauma, bilateral, mild stage","Glaucoma due to ocular trauma"
375268,45605582,1481,2888,"Mechanical lagophthalmos unspecified eye, unspecified eyelid","Mechanical lagophthalmos"
374346,45538294,181,2878,"Primary hypotony of unspecified eye","Primary hypotony of eye"
4218083,45552600,1652,2867,"Episcleritis periodica fugax, unspecified eye","Episcleritis"
4052225,45558575,1260,2862,"Avulsion of left eye, sequela","Sequelae of injury of eye and orbit"
434344,45538315,1755,2856,"Spasm of accommodation, left eye","Ciliary muscle spasm"
380096,37200302,785,2850,"Other specified diabetes mellitus with stable proliferative diabetic retinopathy, unspecified eye","Proliferative retinopathy due to diabetes mellitus"
201820,37200302,785,2850,"Other specified diabetes mellitus with stable proliferative diabetic retinopathy, unspecified eye","Diabetes mellitus"
435755,1595511,706,2847,"Other specified malignant neoplasm of skin of right upper eyelid, including canthus","Primary malignant neoplasm of skin of eyelid"
4197474,1595511,706,2847,"Other specified malignant neoplasm of skin of right upper eyelid, including canthus","Malignant neoplasm of upper eyelid"
376697,45605624,1303,2845,"Corneal abscess, right eye","Corneal abscess"
376423,45591223,384,2842,"Spastic ectropion of unspecified eye, unspecified eyelid","Spastic ectropion"
377869,45542962,1728,2840,"Conjunctival deposits, right eye","Conjunctival deposit"
439808,45596028,1130,2832,"Unspecified interstitial keratitis, unspecified eye","Interstitial keratitis"
380097,37200264,663,2830,"Other specified diabetes mellitus with moderate nonproliferative diabetic retinopathy with macular edema, left eye","Macular edema due to diabetes mellitus"
377552,37200264,663,2830,"Other specified diabetes mellitus with moderate nonproliferative diabetic retinopathy with macular edema, left eye","Moderate nonproliferative retinopathy due to diabetes mellitus"
439385,45562187,948,2830,"Anesthesia and hypoesthesia of cornea, right eye","Corneal hypoesthesia"
377563,45542972,1347,2829,"Ring corneal ulcer, left eye","Ring corneal ulcer"
4199331,45538218,1407,2828,"Vernal keratoconjunctivitis, with limbar and corneal involvement, left eye","Vernal keratoconjunctivitis"
4052225,45577883,1033,2812,"Ocular laceration and rupture with prolapse or loss of intraocular tissue, left eye, sequela","Sequelae of injury of eye and orbit"
438095,45605285,799,2793,"Malignant neoplasm of overlapping sites of left eye and adnexa","Overlapping malignant neoplasm of eye and adnexa (primary)"
43530685,37200235,776,2792,"Type 2 diabetes mellitus with proliferative diabetic retinopathy with traction retinal detachment not involving the macula, unspecified eye","Proliferative retinopathy due to type 2 diabetes mellitus"
45773064,37200235,776,2792,"Type 2 diabetes mellitus with proliferative diabetic retinopathy with traction retinal detachment not involving the macula, unspecified eye","Traction detachment of retina due to type 2 diabetes mellitus"
432637,45586377,870,2792,"Scleritis with corneal involvement, left eye","Scleritis with corneal involvement"
432625,45557392,1371,2792,"Expulsive choroidal hemorrhage, right eye","Expulsive choroidal hemorrhage"
4052225,45558577,1648,2781,"Unspecified injury of unspecified eye and orbit, sequela","Sequelae of injury of eye and orbit"
373461,45562253,1366,2768,"Leucocoria, left eye","Leukocoria"
374043,725348,2044,2760,"Other hereditary corneal dystrophies, left eye","Hereditary corneal dystrophy"
380097,37200263,695,2756,"Other specified diabetes mellitus with moderate nonproliferative diabetic retinopathy with macular edema, right eye","Macular edema due to diabetes mellitus"
377552,37200263,695,2756,"Other specified diabetes mellitus with moderate nonproliferative diabetic retinopathy with macular edema, right eye","Moderate nonproliferative retinopathy due to diabetes mellitus"
380097,37200258,608,2736,"Other specified diabetes mellitus with mild nonproliferative diabetic retinopathy with macular edema, unspecified eye","Macular edema due to diabetes mellitus"
378743,37200258,608,2736,"Other specified diabetes mellitus with mild nonproliferative diabetic retinopathy with macular edema, unspecified eye","Mild nonproliferative retinopathy due to diabetes mellitus"
4338760,1595485,685,2735,"Malignant melanoma of left upper eyelid, including canthus","Malignant melanoma of eyelid"
377272,45576737,1743,2731,"Secondary vitreoretinal degeneration, unspecified eye","Secondary vitreoretinal degeneration"
373483,45600861,597,2731,"Mycotic corneal ulcer, right eye","Mycotic corneal ulcer"
444068,45562196,1807,2727,"Miotic pupillary cyst, right eye","Miotic cyst of pupillary margin"
434943,45581561,1388,2721,"Constant exophthalmos, unspecified eye","Constant exophthalmos"
434929,45600959,1407,2713,"Internal ophthalmoplegia (complete) (total), right eye","Total internal ophthalmoplegia"
4147891,45542943,1682,2707,"Madarosis of right eye, unspecified eyelid and periocular area","Madarosis of eyelid"
375272,45600822,1116,2690,"Spastic entropion of unspecified eye, unspecified eyelid","Spastic entropion"
437727,45573101,399,2674,"Injury of optic nerve, unspecified eye, sequela","Disorder due to and following injury of cranial nerve"
442184,45557457,1313,2670,"Monocular esotropia with other noncomitancies, left eye","Monocular esotropia with noncommitance other than A OR V pattern"
375428,45582787,1114,2658,"Injury of optic nerve, left eye, subsequent encounter","Traumatic optic nerve injury"
375263,45552721,983,2651,"Paresis of accommodation, right eye","Cycloplegia"
373483,45566974,539,2642,"Mycotic corneal ulcer, left eye","Mycotic corneal ulcer"
376966,37200422,1428,2639,"Exudative age-related macular degeneration, unspecified eye, with inactive scar","Exudative age-related macular degeneration"
444068,45538237,1736,2632,"Miotic pupillary cyst, left eye","Miotic cyst of pupillary margin"
377563,45591270,1383,2630,"Ring corneal ulcer, right eye","Ring corneal ulcer"
46273990,45552660,1298,2627,"Retinal detachment with multiple breaks, unspecified eye","Retinal detachment with multiple breaks"
375821,1595574,967,2626,"Paralytic lagophthalmos left eye, upper and lower eyelids","Paralytic lagophthalmos"
45763584,37200181,576,2621,"Type 1 diabetes mellitus with proliferative diabetic retinopathy with combined traction retinal detachment and rhegmatogenous retinal detachment, left eye","Proliferative retinopathy due to type 1 diabetes mellitus"
4338897,37200181,576,2621,"Type 1 diabetes mellitus with proliferative diabetic retinopathy with combined traction retinal detachment and rhegmatogenous retinal detachment, left eye","Combined traction and rhegmatogenous retinal detachment"
443875,45543073,1170,2618,"Monocular exotropia with other noncomitancies, right eye","Monocular exotropia with noncommitance other than A OR V pattern"
377874,45533253,1578,2607,"Corneal deposits in metabolic disorders, unspecified eye","Corneal deposit associated with metabolic disorder"
373461,45562252,1208,2598,"Leucocoria, right eye","Leukocoria"
376411,45591255,803,2598,"Central pterygium of unspecified eye","Central pterygium"
380097,37200282,515,2572,"Other specified diabetes mellitus with proliferative diabetic retinopathy with macular edema, unspecified eye","Macular edema due to diabetes mellitus"
380096,37200282,515,2572,"Other specified diabetes mellitus with proliferative diabetic retinopathy with macular edema, unspecified eye","Proliferative retinopathy due to diabetes mellitus"
318766,45547900,1716,2568,"Vitreous prolapse, unspecified eye","Vitreous prolapse"
437727,45539428,1102,2564,"Injury of optic nerve, left eye, sequela","Disorder due to and following injury of cranial nerve"
4153217,37200080,258,2561,"Diabetes mellitus due to underlying condition with diabetic macular edema, resolved following treatment, right eye","Patient condition resolved"
35626067,37200080,258,2561,"Diabetes mellitus due to underlying condition with diabetic macular edema, resolved following treatment, right eye","Macular edema of right eye due to diabetes mellitus"
195771,37200080,258,2561,"Diabetes mellitus due to underlying condition with diabetic macular edema, resolved following treatment, right eye","Secondary diabetes mellitus"
380118,45566937,1287,2540,"Vascular anomalies of right lower eyelid","Vascular anomaly of eyelid"
380097,37200195,467,2540,"Type 1 diabetes mellitus with diabetic macular edema, resolved following treatment, left eye","Macular edema due to diabetes mellitus"
42538169,37200195,467,2540,"Type 1 diabetes mellitus with diabetic macular edema, resolved following treatment, left eye","Disorder of eye due to type 1 diabetes mellitus"
436975,45605681,854,2527,"Pigmentary glaucoma, right eye, indeterminate stage","Pigmentary glaucoma"
380113,45581687,1381,2525,"Hemorrhage in optic nerve sheath, unspecified eye","Hemorrhage in optic nerve sheaths"
4109410,45562217,683,2519,"Disseminated chorioretinal inflammation of posterior pole, right eye","Disseminated posterior pole chorioretinitis"
380096,37200303,1351,2512,"Other specified diabetes mellitus with proliferative diabetic retinopathy without macular edema, right eye","Proliferative retinopathy due to diabetes mellitus"
201820,37200303,1351,2512,"Other specified diabetes mellitus with proliferative diabetic retinopathy without macular edema, right eye","Diabetes mellitus"
374283,45566513,997,2510,"Gonococcal infection of eye, unspecified","Gonococcal infection of eye"
4334734,45573112,1379,2508,"Penetrating wound of orbit with or without foreign body, left eye, subsequent encounter","Penetrating wound of orbit"
436692,45581650,1346,2508,"Venous engorgement, unspecified eye","Retinal venous engorgement"
4147891,45533193,1452,2506,"Madarosis of left eye, unspecified eyelid and periocular area","Madarosis of eyelid"
442113,45586339,1231,2504,"Cicatricial lagophthalmos right eye, unspecified eyelid","Cicatricial lagophthalmos"
434354,45576681,1417,2502,"Anterior corneal pigmentations, right eye","Anterior corneal pigmentation"
380097,37200087,333,2496,"Drug or chemical induced diabetes mellitus with mild nonproliferative diabetic retinopathy with macular edema, unspecified eye","Macular edema due to diabetes mellitus"
37311952,45586464,835,2496,"Glaucoma secondary to eye inflammation, unspecified eye, mild stage","Glaucoma due to eye inflammation"
4202383,37200087,333,2496,"Drug or chemical induced diabetes mellitus with mild nonproliferative diabetic retinopathy with macular edema, unspecified eye","Drug-induced diabetes mellitus"
37016356,37200087,333,2496,"Drug or chemical induced diabetes mellitus with mild nonproliferative diabetic retinopathy with macular edema, unspecified eye","Mild nonproliferative retinopathy due to secondary diabetes mellitus"
45763787,45591219,1422,2486,"Spastic entropion of right upper eyelid","Spastic entropion of upper eyelid"
373732,45532970,911,2484,"Carcinoma in situ of unspecified eye","Carcinoma in situ of eye"
377862,45600932,813,2470,"Hypotony of eye due to ocular fistula, bilateral","Ocular fistula causing hypotony of eye"
45770919,45552641,1361,2469,"Combined forms of infantile and juvenile cataract, right eye","Infantile and/or juvenile cataract"
4052225,45602083,1342,2452,"Contusion of eyeball and orbital tissues, unspecified eye, sequela","Sequelae of injury of eye and orbit"
4059565,45594537,1819,2443,"Corrosion of right eyelid and periocular area, initial encounter","Chemical burn of eyelid region"
4059565,45541420,1808,2441,"Corrosion of left eyelid and periocular area, initial encounter","Chemical burn of eyelid region"
4266637,37200047,418,2429,"Diabetes mellitus due to underlying condition with severe nonproliferative diabetic retinopathy without macular edema, right eye","Severe nonproliferative retinopathy without macular edema due to diabetes mellitus"
35626043,37200047,418,2429,"Diabetes mellitus due to underlying condition with severe nonproliferative diabetic retinopathy without macular edema, right eye","Severe nonproliferative retinopathy of right eye due to diabetes mellitus"
195771,37200047,418,2429,"Diabetes mellitus due to underlying condition with severe nonproliferative diabetic retinopathy without macular edema, right eye","Secondary diabetes mellitus"
375821,1595573,898,2422,"Paralytic lagophthalmos right eye, upper and lower eyelids","Paralytic lagophthalmos"
438412,45533336,1338,2418,"Retained (nonmagnetic) (old) foreign body in anterior chamber, right eye","Foreign body in anterior chamber"
376107,45576769,761,2399,"Hypotony of eye due to other ocular disorders, bilateral","Hypotony of eye"
380118,45600833,1312,2395,"Vascular anomalies of right upper eyelid","Vascular anomaly of eyelid"
4109548,45562214,1145,2393,"Drug-induced cataract, right eye","Drug-induced cataract"
45770919,45596051,1300,2381,"Combined forms of infantile and juvenile cataract, left eye","Infantile and/or juvenile cataract"
442184,45600953,1133,2371,"Monocular esotropia with other noncomitancies, right eye","Monocular esotropia with noncommitance other than A OR V pattern"
45770919,45596052,651,2356,"Combined forms of infantile and juvenile cataract, unspecified eye","Infantile and/or juvenile cataract"
4109548,45596055,1099,2353,"Drug-induced cataract, left eye","Drug-induced cataract"
4052225,45602084,878,2353,"Ocular laceration and rupture with prolapse or loss of intraocular tissue, right eye, sequela","Sequelae of injury of eye and orbit"
434354,45562173,1312,2350,"Anterior corneal pigmentations, left eye","Anterior corneal pigmentation"
377552,37200270,978,2348,"Other specified diabetes mellitus with moderate nonproliferative diabetic retinopathy without macular edema, unspecified eye","Moderate nonproliferative retinopathy due to diabetes mellitus"
201820,37200270,978,2348,"Other specified diabetes mellitus with moderate nonproliferative diabetic retinopathy without macular edema, unspecified eye","Diabetes mellitus"
374945,45586396,1239,2346,"Adherent leukoma, right eye","Adherent leukoma"
440396,45605685,1091,2338,"Glaucoma secondary to eye trauma, bilateral, stage unspecified","Glaucoma due to ocular trauma"
438095,45561826,754,2334,"Malignant neoplasm of overlapping sites of right eye and adnexa","Overlapping malignant neoplasm of eye and adnexa (primary)"
441016,45552637,620,2316,"Goniosynechiae, unspecified eye","Peripheral anterior synechiae"
4266637,37200050,444,2306,"Diabetes mellitus due to underlying condition with severe nonproliferative diabetic retinopathy without macular edema, unspecified eye","Severe nonproliferative retinopathy without macular edema due to diabetes mellitus"
195771,37200050,444,2306,"Diabetes mellitus due to underlying condition with severe nonproliferative diabetic retinopathy without macular edema, unspecified eye","Secondary diabetes mellitus"
4147020,45573055,1771,2301,"Other superficial bite of right eyelid and periocular area, initial encounter","Insect bite of eyelids and periocular area"
376121,45600851,901,2291,"Recurrent pterygium of unspecified eye","Recurrent pterygium"
381860,45552594,791,2290,"Vascular abnormalities of conjunctiva, unspecified eye","Vascular abnormality of conjunctiva"
375393,45539400,1057,2273,"Laceration with foreign body of unspecified eyelid and periocular area, initial encounter","Laceration of skin of eyelid AND periocular area"
37206800,45539400,1057,2273,"Laceration with foreign body of unspecified eyelid and periocular area, initial encounter","Foreign body of eye region"
375268,45566924,1141,2273,"Mechanical lagophthalmos left eye, unspecified eyelid","Mechanical lagophthalmos"
432625,45543020,830,2272,"Expulsive choroidal hemorrhage, left eye","Expulsive choroidal hemorrhage"
4109410,45562218,640,2270,"Disseminated chorioretinal inflammation of posterior pole, left eye","Disseminated posterior pole chorioretinitis"
37168130,45591318,1312,2270,"Multiple defects of retina without detachment, unspecified eye","Multiple lesions of retina without detachment"
4102047,45586431,1014,2269,"Focal chorioretinal inflammation, juxtapapillary, right eye","Juxtapapillary focal chorioretinitis"
374363,45557385,1076,2241,"Posterior dislocation of lens, unspecified eye","Posterior dislocation of lens"
379813,45581533,1225,2240,"Mechanical ectropion of left eye, unspecified eyelid","Mechanical ectropion"
4147020,45582743,1702,2238,"Other superficial bite of left eyelid and periocular area, initial encounter","Insect bite of eyelids and periocular area"
380097,37200266,508,2233,"Other specified diabetes mellitus with moderate nonproliferative diabetic retinopathy with macular edema, unspecified eye","Macular edema due to diabetes mellitus"
377552,37200266,508,2233,"Other specified diabetes mellitus with moderate nonproliferative diabetic retinopathy with macular edema, unspecified eye","Moderate nonproliferative retinopathy due to diabetes mellitus"
374945,45586397,1156,2213,"Adherent leukoma, left eye","Adherent leukoma"
436975,45571969,783,2210,"Pigmentary glaucoma, left eye, indeterminate stage","Pigmentary glaucoma"
195771,37200067,356,2210,"Diabetes mellitus due to underlying condition with proliferative diabetic retinopathy with combined traction retinal detachment and rhegmatogenous retinal detachment, left eye","Secondary diabetes mellitus"
4338897,37200067,356,2210,"Diabetes mellitus due to underlying condition with proliferative diabetic retinopathy with combined traction retinal detachment and rhegmatogenous retinal detachment, left eye","Combined traction and rhegmatogenous retinal detachment"
435755,1595491,1143,2210,"Unspecified malignant neoplasm of skin of right upper eyelid, including canthus","Primary malignant neoplasm of skin of eyelid"
375428,45577878,1016,2205,"Injury of optic nerve, right eye, subsequent encounter","Traumatic optic nerve injury"
380118,45571863,1180,2204,"Vascular anomalies of left lower eyelid","Vascular anomaly of eyelid"
373461,45571990,1391,2203,"Leucocoria, unspecified eye","Leukocoria"
437727,45539426,1017,2193,"Injury of optic nerve, right eye, sequela","Disorder due to and following injury of cranial nerve"
37395818,45533191,1179,2191,"Blepharophimosis right eye, unspecified eyelid","Blepharophimosis epicanthus inversus ptosis syndrome"
42537744,725613,504,2188,"Corneal transplant rejection, unspecified eye","Transplanted cornea present"
201461,725613,504,2188,"Corneal transplant rejection, unspecified eye","Disorder affecting transplanted structure"
377280,725613,504,2188,"Corneal transplant rejection, unspecified eye","Disorder of cornea"
195771,37200046,466,2186,"Diabetes mellitus due to underlying condition with severe nonproliferative diabetic retinopathy with macular edema, unspecified eye","Secondary diabetes mellitus"
4290822,37200046,466,2186,"Diabetes mellitus due to underlying condition with severe nonproliferative diabetic retinopathy with macular edema, unspecified eye","Severe nonproliferative retinopathy with clinically significant macular edema due to diabetes mellitus"
380118,45591230,1230,2184,"Vascular anomalies of left upper eyelid","Vascular anomaly of eyelid"
372891,45596077,1443,2156,"Microcystoid degeneration of retina, unspecified eye","Peripheral cystoid retinal degeneration"
374650,45576623,877,2151,"Cicatricial entropion of left eye, unspecified eyelid","Cicatricial entropion"
442113,45557280,932,2144,"Cicatricial lagophthalmos left eye, unspecified eyelid","Cicatricial lagophthalmos"
435397,45536468,1552,2144,"Foreign body in conjunctival sac, right eye, sequela","Late effect of foreign body in orifice"
4338893,45547858,822,2125,"Retinal detachment with giant retinal tear, unspecified eye","Giant retinal tear"
380412,45596121,822,2116,"Total (external) ophthalmoplegia, unspecified eye","Total ophthalmoplegia"
435397,45584648,1578,2101,"Foreign body in conjunctival sac, left eye, sequela","Late effect of foreign body in orifice"
373193,45562232,1120,2093,"Secondary pigmentary degeneration, unspecified eye","Secondary pigmentary retinal degeneration"
435755,1595493,1090,2091,"Unspecified malignant neoplasm of skin of left upper eyelid, including canthus","Primary malignant neoplasm of skin of eyelid"
440119,45586360,1038,2089,"Intermittent exophthalmos, left eye","Intermittent exophthalmos"
380118,45605591,1166,2084,"Vascular anomalies of right eye, unspecified eyelid","Vascular anomaly of eyelid"
4102047,45571933,828,2058,"Focal chorioretinal inflammation, juxtapapillary, left eye","Juxtapapillary focal chorioretinitis"
4334734,45544241,1223,2051,"Penetrating wound of orbit with or without foreign body, right eye, subsequent encounter","Penetrating wound of orbit"
4033836,1595518,642,2040,"Melanoma in situ of left lower eyelid, including canthus","Melanoma in situ of eyelid, including canthus"
375263,45547937,882,2040,"Paresis of accommodation, left eye","Cycloplegia"
443545,45539376,1340,2039,"Insect bite (nonvenomous) of right eyelid and periocular area, subsequent encounter","Nonvenomous insect bite"
4147020,45539376,1340,2039,"Insect bite (nonvenomous) of right eyelid and periocular area, subsequent encounter","Insect bite of eyelids and periocular area"
377564,45586375,944,2026,"Pseudopterygium of conjunctiva, right eye","Pseudopterygium"
37395818,45581542,1074,2022,"Blepharophimosis left eye, unspecified eyelid","Blepharophimosis epicanthus inversus ptosis syndrome"
438412,45571991,1128,2006,"Retained (nonmagnetic) (old) foreign body in anterior chamber, left eye","Foreign body in anterior chamber"
377287,45600870,1111,2001,"Phlyctenular keratoconjunctivitis, unspecified eye","Phlyctenular keratoconjunctivitis"
437850,45576706,903,1998,"Unspecified focal chorioretinal inflammation, unspecified eye","Focal chorioretinitis"
45757373,45571889,1301,1984,"Pingueculitis, unspecified eye","Pingueculitis"
376119,45533241,724,1972,"Perforated corneal ulcer, unspecified eye","Perforated corneal ulcer"
438744,45547848,587,1956,"Acute posterior multifocal placoid pigment epitheliopathy, unspecified eye","Acute posterior multifocal placoid pigment epitheliopathy"
4296491,45591252,1399,1956,"Ligneous conjunctivitis, left eye","Ligneous conjunctivitis"
434929,45538314,872,1930,"Internal ophthalmoplegia (complete) (total), left eye","Total internal ophthalmoplegia"
380118,45581548,1089,1929,"Vascular anomalies of left eye, unspecified eyelid","Vascular anomaly of eyelid"
4109548,45552643,959,1928,"Drug-induced cataract, unspecified eye","Drug-induced cataract"
375545,45600891,955,1922,"Cataract with neovascularization, unspecified eye","Cataract"
37168677,45600891,955,1922,"Cataract with neovascularization, unspecified eye","Neovascularization of eye"
4107672,45608930,1351,1913,"Burn of unspecified eyelid and periocular area, initial encounter","Eyelid burn"
380097,37200197,318,1909,"Type 1 diabetes mellitus with diabetic macular edema, resolved following treatment, unspecified eye","Macular edema due to diabetes mellitus"
42538169,37200197,318,1909,"Type 1 diabetes mellitus with diabetic macular edema, resolved following treatment, unspecified eye","Disorder of eye due to type 1 diabetes mellitus"
443545,45587543,1337,1906,"Insect bite (nonvenomous) of left eyelid and periocular area, subsequent encounter","Nonvenomous insect bite"
4147020,45587543,1337,1906,"Insect bite (nonvenomous) of left eyelid and periocular area, subsequent encounter","Insect bite of eyelids and periocular area"
1077026,45591304,709,1892,"Glaucomatous flecks (subcapsular), right eye","Right glaukomflecken"
37118667,45562202,1021,1886,"Unspecified adhesions of iris and ciliary body, unspecified eye","Disorder of anterior uveal tract"
4296491,45591251,1320,1881,"Ligneous conjunctivitis, right eye","Ligneous conjunctivitis"
372479,45602086,830,1877,"Ocular laceration without prolapse or loss of intraocular tissue, unspecified eye, subsequent encounter","Laceration of eye"
4275433,45576693,965,1868,"Idiopathic cysts of iris, ciliary body or anterior chamber, unspecified eye","Idiopathic cyst of anterior chamber of eye"
381552,45552708,1350,1867,"Unspecified retained (old) intraocular foreign body, magnetic, unspecified eye","Retained magnetic intraocular foreign body"
377564,45591261,842,1867,"Pseudopterygium of conjunctiva, left eye","Pseudopterygium"
442113,45571854,836,1844,"Cicatricial lagophthalmos unspecified eye, unspecified eyelid","Cicatricial lagophthalmos"
37311952,45533318,578,1839,"Glaucoma secondary to eye inflammation, unspecified eye, indeterminate stage","Glaucoma due to eye inflammation"
4197474,1595487,89,1838,"Merkel cell carcinoma of right upper eyelid, including canthus","Malignant neoplasm of upper eyelid"
4100425,1595487,89,1838,"Merkel cell carcinoma of right upper eyelid, including canthus","Merkel cell carcinoma"
432768,45575017,1299,1834,"Foreign body in cornea, unspecified eye, subsequent encounter","Corneal foreign body"
4191001,45591348,784,1828,"Residual stage of angle-closure glaucoma, unspecified eye","Angle-closure glaucoma"
375393,45606853,831,1826,"Laceration with foreign body of right eyelid and periocular area, subsequent encounter","Laceration of skin of eyelid AND periocular area"
37206800,45606853,831,1826,"Laceration with foreign body of right eyelid and periocular area, subsequent encounter","Foreign body of eye region"
380096,37200304,926,1808,"Other specified diabetes mellitus with proliferative diabetic retinopathy without macular edema, left eye","Proliferative retinopathy due to diabetes mellitus"
201820,37200304,926,1808,"Other specified diabetes mellitus with proliferative diabetic retinopathy without macular edema, left eye","Diabetes mellitus"
375272,45557274,815,1801,"Spastic entropion of left eye, unspecified eyelid","Spastic entropion"
375393,45544193,807,1788,"Laceration with foreign body of left eyelid and periocular area, subsequent encounter","Laceration of skin of eyelid AND periocular area"
37206800,45544193,807,1788,"Laceration with foreign body of left eyelid and periocular area, subsequent encounter","Foreign body of eye region"
440119,45581563,896,1783,"Intermittent exophthalmos, right eye","Intermittent exophthalmos"
376418,45600820,1132,1783,"Mechanical entropion of unspecified eye, unspecified eyelid","Mechanical entropion"
195771,37200066,335,1772,"Diabetes mellitus due to underlying condition with proliferative diabetic retinopathy with combined traction retinal detachment and rhegmatogenous retinal detachment, right eye","Secondary diabetes mellitus"
4338897,37200066,335,1772,"Diabetes mellitus due to underlying condition with proliferative diabetic retinopathy with combined traction retinal detachment and rhegmatogenous retinal detachment, right eye","Combined traction and rhegmatogenous retinal detachment"
374346,45567075,627,1747,"Primary hypotony of eye, bilateral","Primary hypotony of eye"
375549,45538203,870,1740,"Double pterygium of unspecified eye","Double pterygium"
37395818,45542938,1049,1736,"Blepharophimosis right lower eyelid","Blepharophimosis epicanthus inversus ptosis syndrome"
4318523,45557372,1004,1735,"Pupillary membranes, unspecified eye","Persistent pupillary membranes"
4195813,45590115,895,1731,"Displacement of prosthetic orbit of left eye, initial encounter","Disorders of prostheses and implants of the eye"
4266637,37200048,320,1726,"Diabetes mellitus due to underlying condition with severe nonproliferative diabetic retinopathy without macular edema, left eye","Severe nonproliferative retinopathy without macular edema due to diabetes mellitus"
35626044,37200048,320,1726,"Diabetes mellitus due to underlying condition with severe nonproliferative diabetic retinopathy without macular edema, left eye","Severe nonproliferative retinopathy of left eye due to diabetes mellitus"
195771,37200048,320,1726,"Diabetes mellitus due to underlying condition with severe nonproliferative diabetic retinopathy without macular edema, left eye","Secondary diabetes mellitus"
373648,45582741,1357,1717,"Unspecified superficial injury of unspecified eyelid and periocular area, initial encounter","Superficial injury of eyelid AND/OR periocular area"
4197474,1595489,88,1716,"Merkel cell carcinoma of left upper eyelid, including canthus","Malignant neoplasm of upper eyelid"
4100425,1595489,88,1716,"Merkel cell carcinoma of left upper eyelid, including canthus","Merkel cell carcinoma"
37395818,45600829,992,1712,"Blepharophimosis left lower eyelid","Blepharophimosis epicanthus inversus ptosis syndrome"
4335884,1595506,304,1711,"Sebaceous cell carcinoma of skin of right upper eyelid, including canthus","Sebaceous adenocarcinoma of eyelid"
376418,45581532,1035,1706,"Mechanical entropion of right eye, unspecified eyelid","Mechanical entropion"
380725,45547834,867,1685,"Corneal ectasia, unspecified eye","Corneal ectasia"
373464,45567069,824,1683,"Vitreous abscess (chronic), left eye","Vitreous abscess"
4197114,45576631,780,1683,"Abnormal innervation syndrome unspecified eye, unspecified eyelid","Jaw-winking syndrome"
380714,45566989,987,1677,"Minor opacity of cornea, unspecified eye","Minor opacity of cornea"
376694,45600874,896,1669,"Stromal corneal pigmentations, left eye","Stromal corneal pigmentation"
374351,45586373,921,1664,"Scarring of conjunctiva, unspecified eye","Conjunctival scar"
45757704,45552662,1044,1663,"Cyst of ora serrata, right eye","Cyst of ora serrata of retina"
45763774,45571909,903,1662,"Keratoconus, unstable, unspecified eye","Unstable keratoconus"
45763584,37200178,389,1657,"Type 1 diabetes mellitus with proliferative diabetic retinopathy with traction retinal detachment not involving the macula, unspecified eye","Proliferative retinopathy due to type 1 diabetes mellitus"
45769873,37200178,389,1657,"Type 1 diabetes mellitus with proliferative diabetic retinopathy with traction retinal detachment not involving the macula, unspecified eye","Traction detachment of retina due to type 1 diabetes mellitus"
381568,45571883,1006,1642,"Pseudomembranous conjunctivitis, unspecified eye","Pseudomembranous conjunctivitis"
374352,45566935,438,1633,"Elephantiasis of unspecified eye, unspecified eyelid","Elephantiasis of eyelid"
438152,45542964,651,1632,"Symblepharon, unspecified eye","Symblepharon"
375821,1595575,422,1630,"Paralytic lagophthalmos, bilateral, upper and lower eyelids","Paralytic lagophthalmos"
36717300,1595575,422,1630,"Paralytic lagophthalmos, bilateral, upper and lower eyelids","Lagophthalmos of bilateral eyelids"
45763789,45605589,890,1628,"Hypertrichosis of right upper eyelid","Hypertrichosis of upper eyelid"
433207,45586381,788,1628,"Nodular episcleritis, unspecified eye","Nodular episcleritis"
4197114,45547785,698,1626,"Abnormal innervation syndrome left eye, unspecified eyelid","Jaw-winking syndrome"
380097,37200311,528,1617,"Other specified diabetes mellitus with diabetic macular edema, resolved following treatment, unspecified eye","Macular edema due to diabetes mellitus"
201820,37200311,528,1617,"Other specified diabetes mellitus with diabetic macular edema, resolved following treatment, unspecified eye","Diabetes mellitus"
435271,45576672,395,1591,"Mooren's corneal ulcer, left eye","Mooren's ulcer"
4153690,45577850,892,1586,"Puncture wound with foreign body of left eyelid and periocular area, initial encounter","Puncture wound of eye region"
37206800,45577850,892,1586,"Puncture wound with foreign body of left eyelid and periocular area, initial encounter","Foreign body of eye region"
4100425,45590906,318,1577,"Merkel cell carcinoma of unspecified eyelid, including canthus","Merkel cell carcinoma"
440396,45547893,450,1560,"Glaucoma secondary to eye trauma, bilateral, indeterminate stage","Glaucoma due to ocular trauma"
4318691,45605690,593,1558,"Glaucoma secondary to drugs, unspecified eye, mild stage","Secondary glaucoma"
4227153,45605586,816,1557,"Vitiligo of left eye, unspecified eyelid and periocular area","Vitiligo of eyelid"
434883,45547571,1236,1555,"Carcinoma in situ of skin of left eyelid, including canthus","Carcinoma in situ of skin of eyelid including canthus"
4102049,45581636,532,1536,"Disseminated chorioretinal inflammation, generalized, unspecified eye","General disseminated chorioretinitis"
4153690,45602059,866,1517,"Puncture wound with foreign body of right eyelid and periocular area, initial encounter","Puncture wound of eye region"
37206800,45602059,866,1517,"Puncture wound with foreign body of right eyelid and periocular area, initial encounter","Foreign body of eye region"
374226,45551085,1057,1509,"Burns of other specified parts of right eye and adnexa, initial encounter","Burn of eye region"
374043,725326,1135,1509,"Unspecified hereditary corneal dystrophies, unspecified eye","Hereditary corneal dystrophy"
376694,45533255,837,1502,"Stromal corneal pigmentations, right eye","Stromal corneal pigmentation"
375552,45533224,546,1499,"Amyloid pterygium of unspecified eye","Pterygium"
4220669,45533224,546,1499,"Amyloid pterygium of unspecified eye","Ocular amyloid deposit"
376107,45552705,611,1497,"Hypotony of eye due to other ocular disorders, unspecified eye","Hypotony of eye"
4195813,45561089,769,1494,"Displacement of prosthetic orbit of right eye, initial encounter","Disorders of prostheses and implants of the eye"
436975,45576745,550,1477,"Pigmentary glaucoma, unspecified eye, mild stage","Pigmentary glaucoma"
440396,45562243,515,1472,"Glaucoma secondary to eye trauma, unspecified eye, severe stage","Glaucoma due to ocular trauma"
435271,45562166,404,1467,"Mooren's corneal ulcer, right eye","Mooren's ulcer"
3656848,45586344,912,1457,"Vitiligo of right upper eyelid and periocular area","Vitiligo of skin of right upper eyelid and periocular area"
377280,725617,509,1457,"Corneal transplant failure, unspecified eye","Disorder of cornea"
4151240,725617,509,1457,"Corneal transplant failure, unspecified eye","Transplanted organ failure"
374226,45608932,1028,1456,"Burns of other specified parts of left eye and adnexa, initial encounter","Burn of eye region"
4108968,45567006,315,1449,"Vogt-Koyanagi syndrome, left eye","Vogt-Koyanagi-Harada disease"
1244557,45567006,315,1449,"Vogt-Koyanagi syndrome, left eye","Disorder of left eye proper"
4335884,1595509,275,1442,"Sebaceous cell carcinoma of skin of left upper eyelid, including canthus","Sebaceous adenocarcinoma of eyelid"
4184281,45542997,830,1439,"Degeneration of chamber angle, right eye","Degenerative changes of anterior chamber angle"
4227153,45538173,815,1436,"Vitiligo of right eye, unspecified eyelid and periocular area","Vitiligo of eyelid"
45763767,45605590,669,1431,"Hypertrichosis of right lower eyelid","Hypertrichosis of lower eyelid"
373464,45547903,530,1426,"Vitreous abscess (chronic), right eye","Vitreous abscess"
437312,45557481,552,1418,"Postprocedural hemorrhage of right eye and adnexa following other procedure","Bleeding"
4180778,45557481,552,1418,"Postprocedural hemorrhage of right eye and adnexa following other procedure","Visual system complication of procedure"
37209483,725610,704,1417,"Corneal transplant rejection, right eye","Transplant rejection of cornea of right eye"
4197114,45586342,743,1410,"Abnormal innervation syndrome right eye, unspecified eyelid","Jaw-winking syndrome"
441856,45538236,593,1399,"Degeneration of pupillary margin, right eye","Degeneration of pupillary margin"
43530685,37200240,351,1396,"Type 2 diabetes mellitus with proliferative diabetic retinopathy with combined traction retinal detachment and rhegmatogenous retinal detachment, unspecified eye","Proliferative retinopathy due to type 2 diabetes mellitus"
4338897,37200240,351,1396,"Type 2 diabetes mellitus with proliferative diabetic retinopathy with combined traction retinal detachment and rhegmatogenous retinal detachment, unspecified eye","Combined traction and rhegmatogenous retinal detachment"
380118,45557289,899,1387,"Vascular anomalies of unspecified eye, unspecified eyelid","Vascular anomaly of eyelid"
381021,1595564,724,1387,"Unspecified lagophthalmos right eye, upper and lower eyelids","Lagophthalmos"
373766,45591327,668,1384,"Retrolental fibroplasia, left eye","Retinopathy of prematurity"
37209481,725611,693,1381,"Corneal transplant rejection, left eye","Transplant rejection of cornea of left eye"
45763787,45586336,743,1380,"Spastic entropion of left upper eyelid","Spastic entropion of upper eyelid"
45763767,45542947,689,1379,"Hypertrichosis of left lower eyelid","Hypertrichosis of lower eyelid"
4338901,37200062,284,1378,"Diabetes mellitus due to underlying condition with proliferative diabetic retinopathy with traction retinal detachment not involving the macula, left eye","Traction detachment of retina due to diabetes mellitus"
195771,37200062,284,1378,"Diabetes mellitus due to underlying condition with proliferative diabetic retinopathy with traction retinal detachment not involving the macula, left eye","Secondary diabetes mellitus"
441560,45543004,652,1378,"Anterior synechiae (iris), unspecified eye","Anterior synechiae"
434203,45597217,852,1377,"Contusion of unspecified eyelid and periocular area, sequela","Late effect of contusion"
4199331,45586390,602,1372,"Vernal keratoconjunctivitis, with limbar and corneal involvement, unspecified eye","Vernal keratoconjunctivitis"
4338901,37200061,280,1351,"Diabetes mellitus due to underlying condition with proliferative diabetic retinopathy with traction retinal detachment not involving the macula, right eye","Traction detachment of retina due to diabetes mellitus"
195771,37200061,280,1351,"Diabetes mellitus due to underlying condition with proliferative diabetic retinopathy with traction retinal detachment not involving the macula, right eye","Secondary diabetes mellitus"
4335884,1595510,393,1346,"Sebaceous cell carcinoma of skin of left lower eyelid, including canthus","Sebaceous adenocarcinoma of eyelid"
437867,45600897,644,1341,"Unspecified choroidal hemorrhage, unspecified eye","Choroidal hemorrhage"
374939,45566977,610,1340,"Macular keratitis, unspecified eye","Macular keratitis"
4335884,1595504,329,1325,"Sebaceous cell carcinoma of skin of unspecified eyelid, including canthus","Sebaceous adenocarcinoma of eyelid"
45763818,45591216,907,1325,"Discoid lupus erythematosus of right upper eyelid","Discoid lupus erythematosus of upper eyelid"
4308716,45552727,433,1325,"Intraoperative hemorrhage and hematoma of right eye and adnexa complicating an ophthalmic procedure","Intraoperative hemorrhage"
4180778,45552727,433,1325,"Intraoperative hemorrhage and hematoma of right eye and adnexa complicating an ophthalmic procedure","Visual system complication of procedure"
441289,45533276,614,1303,"Recession of chamber angle, unspecified eye","Angle recession"
381021,1595565,700,1299,"Unspecified lagophthalmos left eye, upper and lower eyelids","Lagophthalmos"
4033836,1595515,281,1294,"Melanoma in situ of right upper eyelid, including canthus","Melanoma in situ of eyelid, including canthus"
4184281,45591290,97,1288,"Degeneration of chamber angle, unspecified eye","Degenerative changes of anterior chamber angle"
434638,45557386,272,1286,"Focal chorioretinal inflammation, macular or paramacular, unspecified eye","Paramacular focal retinitis AND retinochoroiditis"
373204,45562162,627,1286,"Conjunctival xerosis, unspecified, left eye","Conjunctival xerosis"
435808,45571942,530,1279,"Diffuse secondary atrophy of choroid, right eye","Diffuse secondary choroid atrophy"
440112,45562133,814,1277,"Chloasma of right eye, unspecified eyelid and periocular area","Hyperpigmentation of eyelid"
433762,45538250,499,1269,"Unspecified disseminated chorioretinal inflammation, unspecified eye","Disseminated chorioretinitis"
380101,45596053,709,1267,"Partially resolved traumatic cataract, right eye","Partially resolved traumatic cataract"
381281,1326519,281,1265,"Degenerative myopia with macular hole, unspecified eye","Degenerative progressive high myopia"
4338894,1326519,281,1265,"Degenerative myopia with macular hole, unspecified eye","Macular hole"
435808,45547850,567,1260,"Diffuse secondary atrophy of choroid, left eye","Diffuse secondary choroid atrophy"
380101,45562212,703,1260,"Partially resolved traumatic cataract, left eye","Partially resolved traumatic cataract"
443519,45576734,464,1257,"Retinopathy of prematurity, stage 4, right eye","Retinopathy of prematurity stage 4 - subtotal retinal detachment"
4334246,37200365,647,1255,"Central retinal vein occlusion, unspecified eye, with retinal neovascularization","Central retinal vein occlusion with neovascularization"
440105,45567067,507,1255,"Aqueous misdirection, unspecified eye","Aqueous humor misdirect"
377552,37200267,708,1250,"Other specified diabetes mellitus with moderate nonproliferative diabetic retinopathy without macular edema, right eye","Moderate nonproliferative retinopathy due to diabetes mellitus"
201820,37200267,708,1250,"Other specified diabetes mellitus with moderate nonproliferative diabetic retinopathy without macular edema, right eye","Diabetes mellitus"
373648,45568162,855,1250,"Unspecified superficial injury of left eyelid and periocular area, subsequent encounter","Superficial injury of eyelid AND/OR periocular area"
376418,45576624,628,1247,"Mechanical entropion of left eye, unspecified eyelid","Mechanical entropion"
437312,45543095,506,1245,"Postprocedural hemorrhage of left eye and adnexa following other procedure","Bleeding"
4180778,45543095,506,1245,"Postprocedural hemorrhage of left eye and adnexa following other procedure","Visual system complication of procedure"
4108968,45538233,347,1245,"Vogt-Koyanagi syndrome, right eye","Vogt-Koyanagi-Harada disease"
4197114,45576629,782,1243,"Abnormal innervation syndrome right upper eyelid","Jaw-winking syndrome"
4195813,45546753,595,1238,"Breakdown (mechanical) of prosthetic orbit of right eye, initial encounter","Disorders of prostheses and implants of the eye"
4335884,1595507,243,1236,"Sebaceous cell carcinoma of skin of right lower eyelid, including canthus","Sebaceous adenocarcinoma of eyelid"
3656850,45557286,691,1231,"Vitiligo of left upper eyelid and periocular area","Vitiligo of skin of left upper eyelid and periocular area"
4104213,45533288,379,1226,"Disseminated chorioretinal inflammation, peripheral, left eye","Disseminated peripheral chorioretinitis"
380412,45567087,611,1224,"Total (external) ophthalmoplegia, left eye","Total ophthalmoplegia"
433909,45536471,900,1223,"Foreign body on external eye, part unspecified, unspecified eye, subsequent encounter","Foreign body on external eye"
434929,45586509,782,1221,"Internal ophthalmoplegia (complete) (total), unspecified eye","Total internal ophthalmoplegia"
441856,45586414,554,1220,"Degeneration of pupillary margin, left eye","Degeneration of pupillary margin"
377552,37200268,719,1214,"Other specified diabetes mellitus with moderate nonproliferative diabetic retinopathy without macular edema, left eye","Moderate nonproliferative retinopathy due to diabetes mellitus"
201820,37200268,719,1214,"Other specified diabetes mellitus with moderate nonproliferative diabetic retinopathy without macular edema, left eye","Diabetes mellitus"
45763789,45566936,741,1203,"Hypertrichosis of left upper eyelid","Hypertrichosis of upper eyelid"
435993,45589509,760,1199,"Foreign body in conjunctival sac, unspecified eye, subsequent encounter","Foreign body in conjunctival sac"
373204,45566964,721,1197,"Conjunctival xerosis, unspecified, right eye","Conjunctival xerosis"
373497,45547916,260,1196,"Foster-Kennedy syndrome, unspecified eye","Foster-Kennedy syndrome"
45757704,45567032,662,1196,"Cyst of ora serrata, left eye","Cyst of ora serrata of retina"
440396,45538282,483,1195,"Glaucoma secondary to eye trauma, unspecified eye, moderate stage","Glaucoma due to ocular trauma"
4104213,45581635,348,1195,"Disseminated chorioretinal inflammation, peripheral right eye","Disseminated peripheral chorioretinitis"
441011,45533311,521,1189,"Hemorrhagic detachment of retinal pigment epithelium, unspecified eye","Hemorrhagic detachment of retinal pigment epithelium"
437860,45600898,518,1188,"Unspecified choroidal detachment, unspecified eye","Choroidal detachment"
438095,45571531,358,1181,"Malignant neoplasm of overlapping sites of unspecified eye and adnexa","Overlapping malignant neoplasm of eye and adnexa (primary)"
433909,45565291,750,1179,"Foreign body in other and multiple parts of external eye, left eye, subsequent encounter","Foreign body on external eye"
436975,45538279,446,1174,"Pigmentary glaucoma, unspecified eye, moderate stage","Pigmentary glaucoma"
433490,45581609,745,1174,"Posterior corneal pigmentations, unspecified eye","Posterior corneal pigmentation"
373648,45544174,799,1170,"Unspecified superficial injury of right eyelid and periocular area, subsequent encounter","Superficial injury of eyelid AND/OR periocular area"
440396,45557426,435,1166,"Glaucoma secondary to eye trauma, unspecified eye, mild stage","Glaucoma due to ocular trauma"
46273347,45587599,473,1165,"Penetrating wound with foreign body of right eyeball, subsequent encounter","Eyeball wound due to penetrating foreign body"
443520,45581653,140,1161,"Retinopathy of prematurity, stage 5, unspecified eye","Retinopathy of prematurity stage 5 - total retinal detachment"
380412,45572003,516,1157,"Total (external) ophthalmoplegia, right eye","Total ophthalmoplegia"
4308716,45572022,351,1151,"Intraoperative hemorrhage and hematoma of left eye and adnexa complicating an ophthalmic procedure","Intraoperative hemorrhage"
4180778,45572022,351,1151,"Intraoperative hemorrhage and hematoma of left eye and adnexa complicating an ophthalmic procedure","Visual system complication of procedure"
4149689,45573051,800,1143,"Blister (nonthermal) of left eyelid and periocular area, initial encounter","Traumatic blister of eyelids and periocular area"
46273347,45582801,488,1138,"Penetrating wound with foreign body of left eyeball, subsequent encounter","Eyeball wound due to penetrating foreign body"
375404,45582800,534,1136,"Ocular laceration and rupture with prolapse or loss of intraocular tissue, unspecified eye, subsequent encounter","Ocular laceration with prolapse AND/OR exposure of intraocular tissue"
4195813,45546754,547,1133,"Breakdown (mechanical) of prosthetic orbit of left eye, initial encounter","Disorders of prostheses and implants of the eye"
36715594,45597237,723,1132,"Open bite of unspecified eyelid and periocular area, initial encounter","Open bite of head"
4152163,45597237,723,1132,"Open bite of unspecified eyelid and periocular area, initial encounter","Injury of eye region"
439018,45571913,555,1130,"Hypopyon, unspecified eye","Hypopyon"
37206800,45534490,941,1127,"Superficial foreign body of unspecified eyelid and periocular area, initial encounter","Foreign body of eye region"
4338896,37200059,180,1127,"Diabetes mellitus due to underlying condition with proliferative diabetic retinopathy with traction retinal detachment involving the macula, unspecified eye","Traction retinal detachment involving macula"
195771,37200059,180,1127,"Diabetes mellitus due to underlying condition with proliferative diabetic retinopathy with traction retinal detachment involving the macula, unspecified eye","Secondary diabetes mellitus"
380096,37200059,180,1127,"Diabetes mellitus due to underlying condition with proliferative diabetic retinopathy with traction retinal detachment involving the macula, unspecified eye","Proliferative retinopathy due to diabetes mellitus"
443519,45567042,380,1118,"Retinopathy of prematurity, stage 4, left eye","Retinopathy of prematurity stage 4 - subtotal retinal detachment"
4149689,45568164,777,1114,"Blister (nonthermal) of right eyelid and periocular area, initial encounter","Traumatic blister of eyelids and periocular area"
4107672,45536625,643,1107,"Burn of right eyelid and periocular area, subsequent encounter","Eyelid burn"
4243456,45576716,523,1095,"Age-related choroidal atrophy, unspecified eye","Senile atrophy of choroid"
4107672,45584799,598,1089,"Burn of left eyelid and periocular area, subsequent encounter","Eyelid burn"
433909,45579831,720,1074,"Foreign body in other and multiple parts of external eye, right eye, subsequent encounter","Foreign body on external eye"
4184281,45567008,641,1063,"Degeneration of chamber angle, left eye","Degenerative changes of anterior chamber angle"
4318691,45600923,382,1052,"Glaucoma secondary to drugs, unspecified eye, moderate stage","Secondary glaucoma"
4346048,45532884,356,1050,"Onchocerciasis with eye involvement, unspecified","Ocular onchocerciasis"
443519,45543030,278,1039,"Retinopathy of prematurity, stage 4, unspecified eye","Retinopathy of prematurity stage 4 - subtotal retinal detachment"
374202,45577886,685,1037,"Penetrating wound without foreign body of unspecified eyeball, initial encounter","Penetrating wound of eye"
45763830,45581534,600,1036,"Spastic ectropion of right upper eyelid","Spastic ectropion of upper eyelid"
377869,45586369,638,1035,"Conjunctival deposits, unspecified eye","Conjunctival deposit"
380724,45600871,678,1023,"Ghost vessels (corneal), left eye","Corneal ghost vessels"
4266637,37200278,299,1018,"Other specified diabetes mellitus with severe nonproliferative diabetic retinopathy without macular edema, unspecified eye","Severe nonproliferative retinopathy without macular edema due to diabetes mellitus"
201820,37200278,299,1018,"Other specified diabetes mellitus with severe nonproliferative diabetic retinopathy without macular edema, unspecified eye","Diabetes mellitus"
4059565,45599347,709,1015,"Corrosion of unspecified eyelid and periocular area, initial encounter","Chemical burn of eyelid region"
440112,45538170,697,1014,"Chloasma of left eye, unspecified eyelid and periocular area","Hyperpigmentation of eyelid"
374956,45567019,455,1011,"Anterior dislocation of lens, unspecified eye","Anterior dislocation of lens"
4197475,1595490,60,1005,"Merkel cell carcinoma of left lower eyelid, including canthus","Malignant neoplasm of lower eyelid"
4100425,1595490,60,1005,"Merkel cell carcinoma of left lower eyelid, including canthus","Merkel cell carcinoma"
375428,45558561,417,1004,"Injury of optic nerve, unspecified eye, subsequent encounter","Traumatic optic nerve injury"
440716,45605637,458,1002,"Secondary infectious iridocyclitis, unspecified eye","Infectious secondary iridocyclitis"
432637,45600858,207,993,"Scleritis with corneal involvement, unspecified eye","Scleritis with corneal involvement"
440732,45596019,363,985,"Posterior scleritis, unspecified eye","Posterior scleritis"
433776,45581611,560,973,"Folds and rupture in Bowman's membrane, right eye","Folds AND/OR rupture of Bowman's membrane"
377555,45571941,444,964,"Solar retinopathy, unspecified eye","Solar retinopathy"
36715594,45577851,571,952,"Open bite of right eyelid and periocular area, subsequent encounter","Open bite of head"
4152163,45577851,571,952,"Open bite of right eyelid and periocular area, subsequent encounter","Injury of eye region"
437268,45600887,387,948,"Iridodialysis, unspecified eye","Iridodialysis"
444400,45586483,458,943,"Luxation of globe, left eye","Luxation of eye"
441012,45576695,455,942,"Primary cyst of pars plana, left eye","Primary cyst of pars plana"
4290822,37200274,194,942,"Other specified diabetes mellitus with severe nonproliferative diabetic retinopathy with macular edema, unspecified eye","Severe nonproliferative retinopathy with clinically significant macular edema due to diabetes mellitus"
201820,37200274,194,942,"Other specified diabetes mellitus with severe nonproliferative diabetic retinopathy with macular edema, unspecified eye","Diabetes mellitus"
442113,1595569,436,937,"Cicatricial lagophthalmos, bilateral, upper and lower eyelids","Cicatricial lagophthalmos"
441172,45555859,577,932,"Burn of cornea and conjunctival sac, left eye, sequela","Disorder due to and following burn"
432920,45591268,451,931,"Localized anterior staphyloma, right eye","Localized anterior staphyloma"
4195813,45546756,419,929,"Other mechanical complication of prosthetic orbit of left eye, subsequent encounter","Disorders of prostheses and implants of the eye"
374202,45592504,397,926,"Penetrating wound without foreign body of right eyeball, subsequent encounter","Penetrating wound of eye"
4306301,45591291,333,922,"Implantation cysts of iris, ciliary body or anterior chamber, right eye","Implantation cyst of anterior chamber of eye"
438751,45552632,616,920,"Lens-induced iridocyclitis, unspecified eye","Lens-induced iridocyclitis"
374202,45539439,396,913,"Penetrating wound without foreign body of left eyeball, subsequent encounter","Penetrating wound of eye"
4306301,45533274,251,913,"Implantation cysts of iris, ciliary body or anterior chamber, left eye","Implantation cyst of anterior chamber of eye"
441012,45547837,416,912,"Primary cyst of pars plana, right eye","Primary cyst of pars plana"
42538748,45543061,636,910,"Retained (old) intraocular foreign body, nonmagnetic, in other or multiple sites, right eye","Retained nonmagnetic foreign body in right eye"
42538746,45557439,573,909,"Unspecified retained (old) intraocular foreign body, magnetic, right eye","Retained magnetic foreign body in right eye"
4162559,45538249,322,907,"Focal chorioretinal inflammation of posterior pole, unspecified eye","Focal chorioretinitis of posterior pole of eye"
433776,45552617,479,894,"Folds and rupture in Bowman's membrane, left eye","Folds AND/OR rupture of Bowman's membrane"
444254,45557336,245,887,"Equatorial staphyloma, unspecified eye","Equatorial staphyloma"
432920,45596023,470,885,"Localized anterior staphyloma, left eye","Localized anterior staphyloma"
373476,45562180,220,884,"Keratomalacia, right eye","Keratomalacia"
373476,45596035,255,884,"Keratomalacia, left eye","Keratomalacia"
436975,45576746,322,874,"Pigmentary glaucoma, unspecified eye, severe stage","Pigmentary glaucoma"
436986,45581567,409,869,"Enophthalmos due to trauma or surgery, unspecified eye","Enophthalmos"
440408,725331,657,868,"Epithelial (juvenile) corneal dystrophy, right eye","Meesman's corneal dystrophy"
440112,45547787,350,861,"Chloasma of left lower eyelid and periocular area","Hyperpigmentation of eyelid"
45763830,45566920,456,858,"Spastic ectropion of left upper eyelid","Spastic ectropion of upper eyelid"
1077070,45557349,394,854,"Sclerosing keratitis, left eye","Left sclerosing keratitis"
42538747,45586480,603,854,"Retained (old) intraocular foreign body, nonmagnetic, in other or multiple sites, left eye","Retained nonmagnetic foreign body in left eye"
444400,45596113,376,848,"Luxation of globe, right eye","Luxation of eye"
4052225,45597234,557,847,"Laceration without foreign body of unspecified eyelid and periocular area, sequela","Sequelae of injury of eye and orbit"
36717601,45605718,381,846,"Keratopathy (bullous aphakic) following cataract surgery, unspecified eye","Bullous aphakic keratopathy following cataract surgery"
438738,45591362,297,836,"Panophthalmitis (acute), unspecified eye","Panophthalmitis"
42537744,725622,276,836,"Other complications of corneal transplant, right eye","Transplanted cornea present"
201461,725622,276,836,"Other complications of corneal transplant, right eye","Disorder affecting transplanted structure"
42537744,725623,277,830,"Other complications of corneal transplant, left eye","Transplanted cornea present"
201461,725623,277,830,"Other complications of corneal transplant, left eye","Disorder affecting transplanted structure"
1077030,45547868,303,826,"Retinopathy of prematurity, stage 5, right eye","Right retinopathy of prematurity stage 5"
436133,45591269,538,825,"Scleral ectasia, unspecified eye","Scleral staphyloma"
435397,45541251,559,812,"Foreign body on external eye, part unspecified, left eye, sequela","Late effect of foreign body in orifice"
441006,45562215,583,808,"Soemmering's ring, unspecified eye","Soemmerring's ring"
435397,45541250,599,808,"Foreign body on external eye, part unspecified, unspecified eye, sequela","Late effect of foreign body in orifice"
36715594,45602060,528,807,"Open bite of left eyelid and periocular area, subsequent encounter","Open bite of head"
4152163,45602060,528,807,"Open bite of left eyelid and periocular area, subsequent encounter","Injury of eye region"
376423,45600825,581,807,"Spastic ectropion of right eye, unspecified eyelid","Spastic ectropion"
4059565,45608935,657,800,"Corrosions of other specified parts of left eye and adnexa, initial encounter","Chemical burn of eyelid region"
377862,45591365,294,798,"Hypotony of unspecified eye due to ocular fistula","Ocular fistula causing hypotony of eye"
440119,45542955,333,794,"Intermittent exophthalmos, unspecified eye","Intermittent exophthalmos"
439808,45557350,248,784,"Other interstitial and deep keratitis, unspecified eye","Interstitial keratitis"
4197114,45557283,509,784,"Abnormal innervation syndrome left upper eyelid","Jaw-winking syndrome"
441172,45555864,332,783,"Corrosion of cornea and conjunctival sac, left eye, sequela","Disorder due to and following burn"
44784606,45555863,418,779,"Corrosion of cornea and conjunctival sac, unspecified eye, subsequent encounter","Burn of cornea and conjunctival sac"
432640,45552605,327,777,"Corneal ulcer with hypopyon, unspecified eye","Hypopyon ulcer"
4195813,45590116,313,776,"Other mechanical complication of prosthetic orbit of right eye, subsequent encounter","Disorders of prostheses and implants of the eye"
380097,37200135,140,773,"Drug or chemical induced diabetes mellitus with proliferative diabetic retinopathy without macular edema, unspecified eye","Macular edema due to diabetes mellitus"
4318691,45562245,269,773,"Glaucoma secondary to drugs, unspecified eye, indeterminate stage","Secondary glaucoma"
380096,37200135,140,773,"Drug or chemical induced diabetes mellitus with proliferative diabetic retinopathy without macular edema, unspecified eye","Proliferative retinopathy due to diabetes mellitus"
4202383,37200135,140,773,"Drug or chemical induced diabetes mellitus with proliferative diabetic retinopathy without macular edema, unspecified eye","Drug-induced diabetes mellitus"
441172,45589660,330,772,"Corrosion of cornea and conjunctival sac, right eye, sequela","Disorder due to and following burn"
4334248,37200377,434,770,"Tributary (branch) retinal vein occlusion, unspecified eye, with retinal neovascularization","Branch retinal vein occlusion with neovascularization"
378429,1595588,542,766,"Rosacea conjunctivitis, left eye","Rosacea conjunctivitis"
437312,45543094,321,766,"Postprocedural hemorrhage of unspecified eye and adnexa following an ophthalmic procedure","Bleeding"
4180778,45543094,321,766,"Postprocedural hemorrhage of unspecified eye and adnexa following an ophthalmic procedure","Visual system complication of procedure"
4052225,45606899,354,758,"Penetrating wound without foreign body of right eyeball, sequela","Sequelae of injury of eye and orbit"
42539563,45567076,462,758,"Unspecified retained (old) intraocular foreign body, magnetic, left eye","Retained magnetic foreign body in left eye"
45763765,45547776,565,750,"Discoid lupus erythematosus of right lower eyelid","Discoid lupus erythematosus of lower eyelid"
4180778,45562298,286,750,"Accidental puncture and laceration of unspecified eye and adnexa during an ophthalmic procedure","Visual system complication of procedure"
4055231,45562298,286,750,"Accidental puncture and laceration of unspecified eye and adnexa during an ophthalmic procedure","Accidental laceration during a procedure"
437553,45596101,362,749,"Hypersecretion glaucoma, left eye","Hypersecretion glaucoma"
437553,45596100,276,747,"Hypersecretion glaucoma, right eye","Hypersecretion glaucoma"
372641,45557351,358,747,"Localized vascularization of cornea, unspecified eye","Localized vascularization of cornea"
372642,45562184,332,746,"Corneal staphyloma, right eye","Corneal staphyloma"
4197475,1595488,63,742,"Merkel cell carcinoma of right lower eyelid, including canthus","Malignant neoplasm of lower eyelid"
4100425,1595488,63,742,"Merkel cell carcinoma of right lower eyelid, including canthus","Merkel cell carcinoma"
4338896,37200284,149,739,"Other specified diabetes mellitus with proliferative diabetic retinopathy with traction retinal detachment involving the macula, right eye","Traction retinal detachment involving macula"
380096,37200284,149,739,"Other specified diabetes mellitus with proliferative diabetic retinopathy with traction retinal detachment involving the macula, right eye","Proliferative retinopathy due to diabetes mellitus"
441172,45580014,261,731,"Burn of unspecified eye and adnexa, part unspecified, sequela","Disorder due to and following burn"
434354,45566991,450,731,"Anterior corneal pigmentations, unspecified eye","Anterior corneal pigmentation"
374226,45546273,337,725,"Corrosion of right eye and adnexa, part unspecified, subsequent encounter","Burn of eye region"
4052225,45558573,337,714,"Penetrating wound without foreign body of left eyeball, sequela","Sequelae of injury of eye and orbit"
380724,45586393,458,712,"Ghost vessels (corneal), right eye","Corneal ghost vessels"
4152163,45573114,443,712,"Other injuries of unspecified eye and orbit, subsequent encounter","Injury of eye region"
435397,45575019,541,711,"Foreign body on external eye, part unspecified, right eye, sequela","Late effect of foreign body in orifice"
4059565,45565448,553,697,"Corrosions of other specified parts of right eye and adnexa, initial encounter","Chemical burn of eyelid region"
441712,45602057,435,690,"Unspecified open wound of unspecified eyelid and periocular area, subsequent encounter","Open wound of ocular adnexa"
441172,45604166,388,685,"Burn of cornea and conjunctival sac, right eye, sequela","Disorder due to and following burn"
443545,45597220,477,684,"Insect bite (nonvenomous) of unspecified eyelid and periocular area, subsequent encounter","Nonvenomous insect bite"
4147020,45597220,477,684,"Insect bite (nonvenomous) of unspecified eyelid and periocular area, subsequent encounter","Insect bite of eyelids and periocular area"
376697,45576677,421,683,"Corneal abscess, unspecified eye","Corneal abscess"
440408,725332,490,680,"Epithelial (juvenile) corneal dystrophy, left eye","Meesman's corneal dystrophy"
439017,45576709,207,680,"Focal chorioretinal inflammation, peripheral, unspecified eye","Peripheral focal choroiditis AND chorioretinitis"
4033836,1595517,290,678,"Melanoma in situ of left upper eyelid, including canthus","Melanoma in situ of eyelid, including canthus"
4052225,45539399,431,676,"Unspecified open wound of right eyelid and periocular area, sequela","Sequelae of injury of eye and orbit"
438150,45538256,297,670,"Serous choroidal detachment, unspecified eye","Serous choroidal detachment"
1077072,45571953,267,670,"Retinopathy of prematurity, stage 5, left eye","Left retinopathy of prematurity stage 5"
381281,1326534,152,657,"Degenerative myopia with other maculopathy, unspecified eye","Degenerative progressive high myopia"
4208223,1326534,152,657,"Degenerative myopia with other maculopathy, unspecified eye","Disorder of macula of retina"
373483,45557343,358,657,"Mycotic corneal ulcer, unspecified eye","Mycotic corneal ulcer"
432645,45600859,245,652,"Scleromalacia perforans, unspecified eye","Scleromalacia perforans"
380097,37200084,133,652,"Drug or chemical induced diabetes mellitus with mild nonproliferative diabetic retinopathy with macular edema, right eye","Macular edema due to diabetes mellitus"
4202383,37200084,133,652,"Drug or chemical induced diabetes mellitus with mild nonproliferative diabetic retinopathy with macular edema, right eye","Drug-induced diabetes mellitus"
37016356,37200084,133,652,"Drug or chemical induced diabetes mellitus with mild nonproliferative diabetic retinopathy with macular edema, right eye","Mild nonproliferative retinopathy due to secondary diabetes mellitus"
374226,45589664,343,651,"Corrosion of left eye and adnexa, part unspecified, subsequent encounter","Burn of eye region"
4318691,45576753,265,649,"Glaucoma secondary to drugs, unspecified eye, severe stage","Secondary glaucoma"
375807,45576767,351,647,"Other degenerative disorders of globe, right eye","Degenerative disorder of eye"
436988,45557319,307,646,"Enophthalmos due to atrophy of orbital tissue, unspecified eye","Enophthalmos due to orbital tissue atrophy"
4290822,37200271,267,646,"Other specified diabetes mellitus with severe nonproliferative diabetic retinopathy with macular edema, right eye","Severe nonproliferative retinopathy with clinically significant macular edema due to diabetes mellitus"
201820,37200271,267,646,"Other specified diabetes mellitus with severe nonproliferative diabetic retinopathy with macular edema, right eye","Diabetes mellitus"
4302329,45591370,355,644,"Retained (nonmagnetic) (old) foreign body in lens, unspecified eye","Retained nonmagnetic foreign body in lens"
4108968,45557389,109,643,"Harada's disease, left eye","Vogt-Koyanagi-Harada disease"
4290822,37200272,255,641,"Other specified diabetes mellitus with severe nonproliferative diabetic retinopathy with macular edema, left eye","Severe nonproliferative retinopathy with clinically significant macular edema due to diabetes mellitus"
201820,37200272,255,641,"Other specified diabetes mellitus with severe nonproliferative diabetic retinopathy with macular edema, left eye","Diabetes mellitus"
433633,45587541,461,641,"Abrasion of left eyelid and periocular area, sequela","Late effect of superficial injury"
4308716,45600975,201,640,"Intraoperative hemorrhage and hematoma of left eye and adnexa complicating other procedure","Intraoperative hemorrhage"
4180778,45600975,201,640,"Intraoperative hemorrhage and hematoma of left eye and adnexa complicating other procedure","Visual system complication of procedure"
1077028,45562170,251,639,"Sclerosing keratitis, right eye","Right sclerosing keratitis"
4052225,45544191,399,632,"Unspecified open wound of left eyelid and periocular area, sequela","Sequelae of injury of eye and orbit"
381552,45538297,547,632,"Retained (old) intraocular foreign body, magnetic, in other or multiple sites, unspecified eye","Retained magnetic intraocular foreign body"
374642,45605648,353,628,"Total traumatic cataract, unspecified eye","Total traumatic cataract"
4102047,45576708,301,626,"Focal chorioretinal inflammation, juxtapapillary, unspecified eye","Juxtapapillary focal chorioretinitis"
437312,37200454,236,623,"Postprocedural hematoma of left eye and adnexa following an ophthalmic procedure","Bleeding"
4180778,37200454,236,623,"Postprocedural hematoma of left eye and adnexa following an ophthalmic procedure","Visual system complication of procedure"
374226,45589659,375,622,"Burn of right eye and adnexa, part unspecified, subsequent encounter","Burn of eye region"
132321,45600819,367,621,"Xeroderma of left eye, unspecified eyelid","Xeroderma of eyelid"
132321,45595975,411,609,"Xeroderma of right eye, unspecified eyelid","Xeroderma of eyelid"
436975,45581661,252,608,"Pigmentary glaucoma, unspecified eye, indeterminate stage","Pigmentary glaucoma"
437312,45562299,216,608,"Postprocedural hemorrhage of eye and adnexa following an ophthalmic procedure, bilateral","Bleeding"
4180778,45562299,216,608,"Postprocedural hemorrhage of eye and adnexa following an ophthalmic procedure, bilateral","Visual system complication of procedure"
440396,45567058,219,606,"Glaucoma secondary to eye trauma, unspecified eye, indeterminate stage","Glaucoma due to ocular trauma"
440715,45547905,284,596,"Parasitic endophthalmitis, unspecified, left eye","Parasitic endophthalmitis"
374945,45533250,369,593,"Adherent leukoma, unspecified eye","Adherent leukoma"
45763584,37200173,167,590,"Type 1 diabetes mellitus with proliferative diabetic retinopathy with traction retinal detachment involving the macula, unspecified eye","Proliferative retinopathy due to type 1 diabetes mellitus"
4338896,37200173,167,590,"Type 1 diabetes mellitus with proliferative diabetic retinopathy with traction retinal detachment involving the macula, unspecified eye","Traction retinal detachment involving macula"
435254,45557393,254,587,"Hemorrhagic choroidal detachment, unspecified eye","Hemorrhagic choroidal detachment"
437312,37200453,245,587,"Postprocedural hematoma of right eye and adnexa following an ophthalmic procedure","Bleeding"
4180778,37200453,245,587,"Postprocedural hematoma of right eye and adnexa following an ophthalmic procedure","Visual system complication of procedure"
374349,45571910,231,587,"Other corneal deformities, unspecified eye","Corneal deformity"
378429,1595587,393,585,"Rosacea conjunctivitis, right eye","Rosacea conjunctivitis"
42537744,725625,186,585,"Other complications of corneal transplant, unspecified eye","Transplanted cornea present"
201461,725625,186,585,"Other complications of corneal transplant, unspecified eye","Disorder affecting transplanted structure"
4201554,45547943,223,579,"Accidental puncture and laceration of right eye and adnexa during other procedure","Lesion of eye"
4055231,45547943,223,579,"Accidental puncture and laceration of right eye and adnexa during other procedure","Accidental laceration during a procedure"
372642,45552627,336,577,"Corneal staphyloma, left eye","Corneal staphyloma"
379023,45538175,320,576,"Hypertrichosis of unspecified eye, unspecified eyelid","Hypertrichosis of eyelid"
4308716,45567106,324,575,"Intraoperative hemorrhage and hematoma of unspecified eye and adnexa complicating an ophthalmic procedure","Intraoperative hemorrhage"
4180778,45567106,324,575,"Intraoperative hemorrhage and hematoma of unspecified eye and adnexa complicating an ophthalmic procedure","Visual system complication of procedure"
4108968,45576713,158,572,"Harada's disease, right eye","Vogt-Koyanagi-Harada disease"
381019,45533249,163,571,"Deep vascularization of cornea, unspecified eye","Deep vascularization of cornea"
4052225,45573113,287,567,"Penetrating wound with foreign body of right eyeball, sequela","Sequelae of injury of eye and orbit"
45763820,45591228,355,565,"Elephantiasis of left upper eyelid","Elephantiasis of upper eyelid"
380405,45586358,283,565,"Displacement (lateral) of globe, unspecified eye","Lateral displacement of eye"
4201554,45547944,249,558,"Accidental puncture and laceration of left eye and adnexa during other procedure","Lesion of eye"
4055231,45547944,249,558,"Accidental puncture and laceration of left eye and adnexa during other procedure","Accidental laceration during a procedure"
442301,45542998,251,553,"Iridoschisis, left eye","Iridoschisis"
4052225,45553832,275,550,"Penetrating wound with foreign body of left eyeball, sequela","Sequelae of injury of eye and orbit"
375807,45596105,359,549,"Other degenerative disorders of globe, left eye","Degenerative disorder of eye"
4052225,45549057,291,544,"Penetrating wound of orbit with or without foreign body, left eye, sequela","Sequelae of injury of eye and orbit"
433633,45558498,416,542,"Abrasion of right eyelid and periocular area, sequela","Late effect of superficial injury"
376694,45566994,378,542,"Stromal corneal pigmentations, unspecified eye","Stromal corneal pigmentation"
438759,45552618,341,540,"Folds in Descemet's membrane, unspecified eye","Descemet's membrane fold"
4227153,45552568,275,537,"Vitiligo of left lower eyelid and periocular area","Vitiligo of eyelid"
440999,45596061,293,534,"Choroidal rupture, unspecified eye","Choroidal rupture"
374226,45599346,327,532,"Burn of left eye and adnexa, part unspecified, subsequent encounter","Burn of eye region"
3661895,45547779,389,532,"Xeroderma of right upper eyelid","Xeroderma of right upper eyelid"
45763773,45586478,309,530,"Flat anterior chamber hypotony of unspecified eye","Flat anterior chamber of eye with hypotony"
374043,725323,415,524,"Unspecified hereditary corneal dystrophies, right eye","Hereditary corneal dystrophy"
442113,1595567,233,522,"Cicatricial lagophthalmos right eye, upper and lower eyelids","Cicatricial lagophthalmos"
380097,37200111,67,521,"Drug or chemical induced diabetes mellitus with proliferative diabetic retinopathy with macular edema, unspecified eye","Macular edema due to diabetes mellitus"
380096,37200111,67,521,"Drug or chemical induced diabetes mellitus with proliferative diabetic retinopathy with macular edema, unspecified eye","Proliferative retinopathy due to diabetes mellitus"
4202383,37200111,67,521,"Drug or chemical induced diabetes mellitus with proliferative diabetic retinopathy with macular edema, unspecified eye","Drug-induced diabetes mellitus"
444254,45552602,259,520,"Equatorial staphyloma, right eye","Equatorial staphyloma"
375268,1595571,320,518,"Mechanical lagophthalmos left eye, upper and lower eyelids","Mechanical lagophthalmos"
42538747,45600939,187,517,"Retained (nonmagnetic) (old) foreign body in posterior wall of globe, left eye","Retained nonmagnetic foreign body in left eye"
4215841,45600939,187,517,"Retained (nonmagnetic) (old) foreign body in posterior wall of globe, left eye","Retained nonmagnetic foreign body in posterior wall of eye"
42538748,45605702,185,517,"Retained (nonmagnetic) (old) foreign body in posterior wall of globe, right eye","Retained nonmagnetic foreign body in right eye"
4215841,45605702,185,517,"Retained (nonmagnetic) (old) foreign body in posterior wall of globe, right eye","Retained nonmagnetic foreign body in posterior wall of eye"
4266637,37200275,248,512,"Other specified diabetes mellitus with severe nonproliferative diabetic retinopathy without macular edema, right eye","Severe nonproliferative retinopathy without macular edema due to diabetes mellitus"
201820,37200275,248,512,"Other specified diabetes mellitus with severe nonproliferative diabetic retinopathy without macular edema, right eye","Diabetes mellitus"
45763818,45595973,302,506,"Discoid lupus erythematosus of left upper eyelid","Discoid lupus erythematosus of upper eyelid"
4202383,37200091,128,496,"Drug or chemical induced diabetes mellitus with mild nonproliferative diabetic retinopathy without macular edema, unspecified eye","Drug-induced diabetes mellitus"
37016356,37200091,128,496,"Drug or chemical induced diabetes mellitus with mild nonproliferative diabetic retinopathy without macular edema, unspecified eye","Mild nonproliferative retinopathy due to secondary diabetes mellitus"
4052225,45549056,248,495,"Penetrating wound of orbit with or without foreign body, right eye, sequela","Sequelae of injury of eye and orbit"
4338901,37200064,77,495,"Diabetes mellitus due to underlying condition with proliferative diabetic retinopathy with traction retinal detachment not involving the macula, unspecified eye","Traction detachment of retina due to diabetes mellitus"
195771,37200064,77,495,"Diabetes mellitus due to underlying condition with proliferative diabetic retinopathy with traction retinal detachment not involving the macula, unspecified eye","Secondary diabetes mellitus"
380096,37200064,77,495,"Diabetes mellitus due to underlying condition with proliferative diabetic retinopathy with traction retinal detachment not involving the macula, unspecified eye","Proliferative retinopathy due to diabetes mellitus"
4306301,45562199,182,494,"Implantation cysts of iris, ciliary body or anterior chamber, unspecified eye","Implantation cyst of anterior chamber of eye"
380096,37200300,242,493,"Other specified diabetes mellitus with stable proliferative diabetic retinopathy, left eye","Proliferative retinopathy due to diabetes mellitus"
201820,37200300,242,493,"Other specified diabetes mellitus with stable proliferative diabetic retinopathy, left eye","Diabetes mellitus"
44784606,45565443,300,492,"Burn of cornea and conjunctival sac, unspecified eye, subsequent encounter","Burn of cornea and conjunctival sac"
439385,45581615,241,489,"Anesthesia and hypoesthesia of cornea, unspecified eye","Corneal hypoesthesia"
375268,1595570,274,487,"Mechanical lagophthalmos right eye, upper and lower eyelids","Mechanical lagophthalmos"
4296491,45562158,384,486,"Ligneous conjunctivitis, unspecified eye","Ligneous conjunctivitis"
374226,45604171,236,481,"Burn of unspecified eye and adnexa, part unspecified, subsequent encounter","Burn of eye region"
374226,45555862,293,476,"Burns of other specified parts of unspecified eye and adnexa, initial encounter","Burn of eye region"
437312,37200459,172,475,"Postprocedural hematoma of left eye and adnexa following other procedure","Bleeding"
4180778,37200459,172,475,"Postprocedural hematoma of left eye and adnexa following other procedure","Visual system complication of procedure"
381850,45567077,403,474,"Retained (old) magnetic foreign body in anterior chamber, unspecified eye","Retained magnetic foreign body in anterior chamber"
4227153,45566930,295,474,"Vitiligo of right lower eyelid and periocular area","Vitiligo of eyelid"
440715,45586474,221,474,"Parasitic endophthalmitis, unspecified, right eye","Parasitic endophthalmitis"
442113,1595568,209,467,"Cicatricial lagophthalmos left eye, upper and lower eyelids","Cicatricial lagophthalmos"
4200286,1595563,239,464,"Paralytic ectropion of unspecified eye, unspecified eyelid","Paralytic ectropion"
433633,45587544,391,460,"Insect bite (nonvenomous) of left eyelid and periocular area, sequela","Late effect of superficial injury"
435397,45565289,328,457,"Foreign body in cornea, unspecified eye, sequela","Late effect of foreign body in orifice"
4135964,45591372,258,457,"Retained (old) intraocular foreign body, nonmagnetic, in other or multiple sites, unspecified eye","Retained nonmagnetic intraocular foreign body"
437312,37200458,178,455,"Postprocedural hematoma of right eye and adnexa following other procedure","Bleeding"
4180778,37200458,178,455,"Postprocedural hematoma of right eye and adnexa following other procedure","Visual system complication of procedure"
3661897,45576621,316,453,"Xeroderma of left upper eyelid","Xeroderma of left upper eyelid"
4308716,45600974,176,453,"Intraoperative hemorrhage and hematoma of right eye and adnexa complicating other procedure","Intraoperative hemorrhage"
4180778,45600974,176,453,"Intraoperative hemorrhage and hematoma of right eye and adnexa complicating other procedure","Visual system complication of procedure"
432919,45557270,215,451,"Discoid lupus erythematosus of left eye, unspecified eyelid","Discoid lupus erythematosus of eyelid"
4338901,37200289,130,451,"Other specified diabetes mellitus with proliferative diabetic retinopathy with traction retinal detachment not involving the macula, right eye","Traction detachment of retina due to diabetes mellitus"
380096,37200289,130,451,"Other specified diabetes mellitus with proliferative diabetic retinopathy with traction retinal detachment not involving the macula, right eye","Proliferative retinopathy due to diabetes mellitus"
4059565,45604172,149,447,"Corrosion of left eyelid and periocular area, subsequent encounter","Chemical burn of eyelid region"
432638,45552598,154,443,"Brawny scleritis, left eye","Brawny scleritis"
437872,45596034,228,437,"Rupture in Descemet's membrane, unspecified eye","Rupture in Descemet's membrane"
37206800,45573053,339,437,"Superficial foreign body of right eyelid and periocular area, subsequent encounter","Foreign body of eye region"
4052225,45587597,181,435,"Ocular laceration and rupture with prolapse or loss of intraocular tissue, unspecified eye, sequela","Sequelae of injury of eye and orbit"
373648,45563339,274,432,"External constriction of right eyelid and periocular area, subsequent encounter","Superficial injury of eyelid AND/OR periocular area"
438153,45571880,187,430,"Pulsating exophthalmos, left eye","Pulsating exophthalmos"
442301,45581620,217,429,"Iridoschisis, right eye","Iridoschisis"
4338896,37200285,147,427,"Other specified diabetes mellitus with proliferative diabetic retinopathy with traction retinal detachment involving the macula, left eye","Traction retinal detachment involving macula"
380096,37200285,147,427,"Other specified diabetes mellitus with proliferative diabetic retinopathy with traction retinal detachment involving the macula, left eye","Proliferative retinopathy due to diabetes mellitus"
435248,45576772,35,427,"Retained (old) magnetic foreign body in vitreous body, unspecified eye","Retained magnetic foreign body in vitreous"
440112,45538169,266,424,"Chloasma of right lower eyelid and periocular area","Hyperpigmentation of eyelid"
433633,45606841,340,422,"Insect bite (nonvenomous) of right eyelid and periocular area, sequela","Late effect of superficial injury"
437312,45557482,176,421,"Postprocedural hemorrhage of eye and adnexa following other procedure, bilateral","Bleeding"
4180778,45557482,176,421,"Postprocedural hemorrhage of eye and adnexa following other procedure, bilateral","Visual system complication of procedure"
4052225,45587598,191,416,"Ocular laceration without prolapse or loss of intraocular tissue, unspecified eye, sequela","Sequelae of injury of eye and orbit"
373648,45602050,275,414,"External constriction of left eyelid and periocular area, subsequent encounter","Superficial injury of eyelid AND/OR periocular area"
4153690,45582760,310,409,"Puncture wound without foreign body of unspecified eyelid and periocular area, initial encounter","Puncture wound of eye region"
4266637,37200276,226,408,"Other specified diabetes mellitus with severe nonproliferative diabetic retinopathy without macular edema, left eye","Severe nonproliferative retinopathy without macular edema due to diabetes mellitus"
201820,37200276,226,408,"Other specified diabetes mellitus with severe nonproliferative diabetic retinopathy without macular edema, left eye","Diabetes mellitus"
4197114,45542937,257,408,"Abnormal innervation syndrome right lower eyelid","Jaw-winking syndrome"
42538748,45591369,171,405,"Retained (nonmagnetic) (old) foreign body in iris or ciliary body, right eye","Retained nonmagnetic foreign body in right eye"
4244426,45591369,171,405,"Retained (nonmagnetic) (old) foreign body in iris or ciliary body, right eye","Retained nonmagnetic foreign body in iris AND/OR ciliary body"
36674185,45555860,142,401,"Burn with resulting rupture and destruction of unspecified eyeball, initial encounter","Burn of eye proper"
376423,45552565,252,401,"Spastic ectropion of left eye, unspecified eyelid","Spastic ectropion"
440112,45600831,188,400,"Chloasma of left upper eyelid and periocular area","Hyperpigmentation of eyelid"
4334734,45573111,203,395,"Penetrating wound of orbit with or without foreign body, unspecified eye, subsequent encounter","Penetrating wound of orbit"
435271,45605620,122,394,"Mooren's corneal ulcer, unspecified eye","Mooren's ulcer"
380101,45543008,120,392,"Partially resolved traumatic cataract, unspecified eye","Partially resolved traumatic cataract"
380096,37200299,231,386,"Other specified diabetes mellitus with stable proliferative diabetic retinopathy, right eye","Proliferative retinopathy due to diabetes mellitus"
201820,37200299,231,386,"Other specified diabetes mellitus with stable proliferative diabetic retinopathy, right eye","Diabetes mellitus"
45763765,45595974,247,383,"Discoid lupus erythematosus of left lower eyelid","Discoid lupus erythematosus of lower eyelid"
376408,45567000,153,379,"Descemetocele, unspecified eye","Descemetocele"
377874,45566992,242,376,"Corneal deposits in metabolic disorders, right eye","Corneal deposit associated with metabolic disorder"
374043,725324,286,375,"Unspecified hereditary corneal dystrophies, left eye","Hereditary corneal dystrophy"
4052225,45558574,158,374,"Avulsion of unspecified eye, sequela","Sequelae of injury of eye and orbit"
380097,37200095,76,372,"Drug or chemical induced diabetes mellitus with moderate nonproliferative diabetic retinopathy with macular edema, unspecified eye","Macular edema due to diabetes mellitus"
37016358,37200095,76,372,"Drug or chemical induced diabetes mellitus with moderate nonproliferative diabetic retinopathy with macular edema, unspecified eye","Moderate nonproliferative retinopathy due to secondary diabetes mellitus"
4202383,37200095,76,372,"Drug or chemical induced diabetes mellitus with moderate nonproliferative diabetic retinopathy with macular edema, unspecified eye","Drug-induced diabetes mellitus"
434814,45556294,143,370,"Other mechanical complication of prosthetic orbit of right eye, sequela","Late effect of medical and surgical care complication"
37206800,45587542,289,368,"Superficial foreign body of left eyelid and periocular area, subsequent encounter","Foreign body of eye region"
434814,45537075,171,366,"Other mechanical complication of prosthetic orbit of left eye, sequela","Late effect of medical and surgical care complication"
1077045,45547859,260,366,"Parasitic cyst of retina, right eye","Right parasitic retinal cyst"
380096,37200294,116,363,"Other specified diabetes mellitus with proliferative diabetic retinopathy with combined traction retinal detachment and rhegmatogenous retinal detachment, right eye","Proliferative retinopathy due to diabetes mellitus"
4338897,37200294,116,363,"Other specified diabetes mellitus with proliferative diabetic retinopathy with combined traction retinal detachment and rhegmatogenous retinal detachment, right eye","Combined traction and rhegmatogenous retinal detachment"
441172,45560612,171,361,"Burn of right eyelid and periocular area, sequela","Disorder due to and following burn"
45763820,45566934,300,360,"Elephantiasis of right upper eyelid","Elephantiasis of upper eyelid"
374352,45562135,205,356,"Elephantiasis of right eye, unspecified eyelid","Elephantiasis of eyelid"
435397,45546091,237,353,"Foreign body in other and multiple parts of external eye, right eye, sequela","Late effect of foreign body in orifice"
379023,45562136,169,352,"Hypertrichosis of right eye, unspecified eyelid","Hypertrichosis of eyelid"
42538747,45596112,159,352,"Retained (nonmagnetic) (old) foreign body in iris or ciliary body, left eye","Retained nonmagnetic foreign body in left eye"
4244426,45596112,159,352,"Retained (nonmagnetic) (old) foreign body in iris or ciliary body, left eye","Retained nonmagnetic foreign body in iris AND/OR ciliary body"
435397,45584649,237,351,"Foreign body in other and multiple parts of external eye, left eye, sequela","Late effect of foreign body in orifice"
1077008,45600818,254,349,"Xeroderma of right lower eyelid","Xeroderma of right lower eyelid"
438153,45557315,222,347,"Pulsating exophthalmos, right eye","Pulsating exophthalmos"
4052225,45592505,225,345,"Other injuries of unspecified eye and orbit, sequela","Sequelae of injury of eye and orbit"
4108644,45592449,215,343,"Abrasion of unspecified eyelid and periocular area, subsequent encounter","Abrasion of eye region"
438412,45547907,223,342,"Retained (nonmagnetic) (old) foreign body in anterior chamber, unspecified eye","Foreign body in anterior chamber"
381445,45563391,167,342,"Avulsion of unspecified eye, subsequent encounter","Avulsion of eye"
441172,45584800,176,338,"Burn of left eyelid and periocular area, sequela","Disorder due to and following burn"
4271306,45591371,200,338,"Retained (nonmagnetic) (old) foreign body in vitreous body, unspecified eye","Retained nonmagnetic foreign body in vitreous"
4338901,37200290,135,338,"Other specified diabetes mellitus with proliferative diabetic retinopathy with traction retinal detachment not involving the macula, left eye","Traction detachment of retina due to diabetes mellitus"
380096,37200290,135,338,"Other specified diabetes mellitus with proliferative diabetic retinopathy with traction retinal detachment not involving the macula, left eye","Proliferative retinopathy due to diabetes mellitus"
373771,45533254,189,334,"Kayser-Fleischer ring, unspecified eye","Kayser-Fleischer ring"
440112,45605585,204,331,"Chloasma of right upper eyelid and periocular area","Hyperpigmentation of eyelid"
4195813,45585316,141,331,"Breakdown (mechanical) of prosthetic orbit of left eye, subsequent encounter","Disorders of prostheses and implants of the eye"
1077009,45566916,244,331,"Xeroderma of left lower eyelid","Xeroderma of left lower eyelid"
4109410,45533287,131,329,"Disseminated chorioretinal inflammation of posterior pole, unspecified eye","Disseminated posterior pole chorioretinitis"
373648,45568166,244,328,"External constriction of left eyelid and periocular area, initial encounter","Superficial injury of eyelid AND/OR periocular area"
4197114,45576630,215,327,"Abnormal innervation syndrome left lower eyelid","Jaw-winking syndrome"
441172,45604170,59,324,"Burns of other specified parts of right eye and adnexa, sequela","Disorder due to and following burn"
376413,45596015,215,322,"Conjunctival adhesions and strands (localized), unspecified eye","Localized adhesions AND/OR strands of conjunctiva"
381850,45543058,209,320,"Retained (old) magnetic foreign body in anterior chamber, right eye","Retained magnetic foreign body in anterior chamber"
380097,37200088,91,318,"Drug or chemical induced diabetes mellitus with mild nonproliferative diabetic retinopathy without macular edema, right eye","Macular edema due to diabetes mellitus"
441172,45604173,132,318,"Corrosion of cornea and conjunctival sac, unspecified eye, sequela","Disorder due to and following burn"
373464,45576759,181,318,"Vitreous abscess (chronic), unspecified eye","Vitreous abscess"
37016356,37200088,91,318,"Drug or chemical induced diabetes mellitus with mild nonproliferative diabetic retinopathy without macular edema, right eye","Mild nonproliferative retinopathy due to secondary diabetes mellitus"
4093427,45605708,167,317,"Kearns-Sayre syndrome, right eye","Kearns-Sayre syndrome"
376974,45605697,101,313,"Siderosis of eye, unspecified eye","Siderosis of eye"
377563,45591271,220,308,"Ring corneal ulcer, unspecified eye","Ring corneal ulcer"
4052225,45597233,123,306,"Unspecified open wound of unspecified eyelid and periocular area, sequela","Sequelae of injury of eye and orbit"
444254,45533238,186,305,"Equatorial staphyloma, left eye","Equatorial staphyloma"
441856,45571915,106,304,"Degeneration of pupillary margin, unspecified eye","Degeneration of pupillary margin"
435397,45570143,231,303,"Foreign body in conjunctival sac, unspecified eye, sequela","Late effect of foreign body in orifice"
441172,45551086,141,301,"Burn of left eye and adnexa, part unspecified, sequela","Disorder due to and following burn"
374226,45560619,192,300,"Corrosion of unspecified eye and adnexa, part unspecified, subsequent encounter","Burn of eye region"
4220203,45562198,167,299,"Exudative cysts of iris or anterior chamber, right eye","Exudative cyst of anterior chamber of eye"
432638,45562165,141,299,"Brawny scleritis, right eye","Brawny scleritis"
380097,37200085,75,298,"Drug or chemical induced diabetes mellitus with mild nonproliferative diabetic retinopathy with macular edema, left eye","Macular edema due to diabetes mellitus"
4202383,37200085,75,298,"Drug or chemical induced diabetes mellitus with mild nonproliferative diabetic retinopathy with macular edema, left eye","Drug-induced diabetes mellitus"
37016356,37200085,75,298,"Drug or chemical induced diabetes mellitus with mild nonproliferative diabetic retinopathy with macular edema, left eye","Mild nonproliferative retinopathy due to secondary diabetes mellitus"
4220203,45576694,150,297,"Exudative cysts of iris or anterior chamber, left eye","Exudative cyst of anterior chamber of eye"
4052225,45577847,149,296,"Laceration with foreign body of right eyelid and periocular area, sequela","Sequelae of injury of eye and orbit"
433633,45582740,204,295,"Unspecified superficial injury of left eyelid and periocular area, sequela","Late effect of superficial injury"
42537744,725619,52,294,"Corneal transplant infection, left eye","Transplanted cornea present"
201461,725619,52,294,"Corneal transplant infection, left eye","Disorder affecting transplanted structure"
4334801,725619,52,294,"Corneal transplant infection, left eye","Surgical site infection"
437312,45552728,94,292,"Postprocedural hemorrhage of unspecified eye and adnexa following other procedure","Bleeding"
4180778,45552728,94,292,"Postprocedural hemorrhage of unspecified eye and adnexa following other procedure","Visual system complication of procedure"
381281,1326524,77,291,"Degenerative myopia with retinal detachment, unspecified eye","Degenerative progressive high myopia"
378414,1326524,77,291,"Degenerative myopia with retinal detachment, unspecified eye","Retinal detachment"
441172,45541419,152,290,"Burn of right eye and adnexa, part unspecified, sequela","Disorder due to and following burn"
379023,45562137,194,288,"Hypertrichosis of left eye, unspecified eyelid","Hypertrichosis of eyelid"
380722,45543007,190,287,"Localized traumatic opacities, unspecified eye","Localized traumatic opacity"
4052225,45549015,175,284,"Laceration with foreign body of left eyelid and periocular area, sequela","Sequelae of injury of eye and orbit"
374352,45581547,149,282,"Elephantiasis of left eye, unspecified eyelid","Elephantiasis of eyelid"
376974,45600931,172,280,"Siderosis of eye, right eye","Siderosis of eye"
376974,45571989,137,278,"Siderosis of eye, left eye","Siderosis of eye"
440715,45538290,119,277,"Parasitic endophthalmitis, unspecified, unspecified eye","Parasitic endophthalmitis"
377874,45591279,151,277,"Corneal deposits in metabolic disorders, left eye","Corneal deposit associated with metabolic disorder"
444400,45562258,165,275,"Luxation of globe, unspecified eye","Luxation of eye"
373771,45571906,167,270,"Kayser-Fleischer ring, right eye","Kayser-Fleischer ring"
4200286,1595557,147,270,"Paralytic ectropion of right upper eyelid","Paralytic ectropion"
4195813,45590113,105,267,"Breakdown (mechanical) of prosthetic orbit of right eye, subsequent encounter","Disorders of prostheses and implants of the eye"
381850,45562254,180,266,"Retained (old) magnetic foreign body in anterior chamber, left eye","Retained magnetic foreign body in anterior chamber"
37116419,1326514,121,266,"Degenerative myopia with choroidal neovascularization, unspecified eye","Myopic choroidal neovascularization"
380097,37200109,49,266,"Drug or chemical induced diabetes mellitus with proliferative diabetic retinopathy with macular edema, left eye","Macular edema due to diabetes mellitus"
380096,37200109,49,266,"Drug or chemical induced diabetes mellitus with proliferative diabetic retinopathy with macular edema, left eye","Proliferative retinopathy due to diabetes mellitus"
4202383,37200109,49,266,"Drug or chemical induced diabetes mellitus with proliferative diabetic retinopathy with macular edema, left eye","Drug-induced diabetes mellitus"
432625,45581642,193,266,"Expulsive choroidal hemorrhage, unspecified eye","Expulsive choroidal hemorrhage"
42537744,725618,39,265,"Corneal transplant infection, right eye","Transplanted cornea present"
201461,725618,39,265,"Corneal transplant infection, right eye","Disorder affecting transplanted structure"
4334801,725618,39,265,"Corneal transplant infection, right eye","Surgical site infection"
373497,45576778,124,261,"Foster-Kennedy syndrome, left eye","Foster-Kennedy syndrome"
377564,45547815,173,261,"Pseudopterygium of conjunctiva, unspecified eye","Pseudopterygium"
381287,45596110,151,259,"Retained (old) magnetic foreign body in lens, right eye","Retained magnetic foreign body in lens"
435808,45547851,148,259,"Diffuse secondary atrophy of choroid, unspecified eye","Diffuse secondary choroid atrophy"
373648,45606839,226,254,"External constriction of right eyelid and periocular area, initial encounter","Superficial injury of eyelid AND/OR periocular area"
4107672,45570315,135,254,"Burn of unspecified eyelid and periocular area, subsequent encounter","Eyelid burn"
36674185,45594535,199,250,"Burn with resulting rupture and destruction of left eyeball, initial encounter","Burn of eye proper"
433633,45558500,203,249,"Insect bite (nonvenomous) of unspecified eyelid and periocular area, sequela","Late effect of superficial injury"
380097,37200092,67,246,"Drug or chemical induced diabetes mellitus with moderate nonproliferative diabetic retinopathy with macular edema, right eye","Macular edema due to diabetes mellitus"
37016358,37200092,67,246,"Drug or chemical induced diabetes mellitus with moderate nonproliferative diabetic retinopathy with macular edema, right eye","Moderate nonproliferative retinopathy due to secondary diabetes mellitus"
4202383,37200092,67,246,"Drug or chemical induced diabetes mellitus with moderate nonproliferative diabetic retinopathy with macular edema, right eye","Drug-induced diabetes mellitus"
4059565,45594538,163,243,"Corrosion of right eyelid and periocular area, subsequent encounter","Chemical burn of eyelid region"
433633,45597218,171,242,"Unspecified superficial injury of right eyelid and periocular area, sequela","Late effect of superficial injury"
433776,45566996,114,241,"Folds and rupture in Bowman's membrane, unspecified eye","Folds AND/OR rupture of Bowman's membrane"
435248,45533335,68,241,"Retained (old) magnetic foreign body in vitreous body, left eye","Retained magnetic foreign body in vitreous"
45763584,37200183,51,240,"Type 1 diabetes mellitus with proliferative diabetic retinopathy with combined traction retinal detachment and rhegmatogenous retinal detachment, unspecified eye","Proliferative retinopathy due to type 1 diabetes mellitus"
4338897,37200183,51,240,"Type 1 diabetes mellitus with proliferative diabetic retinopathy with combined traction retinal detachment and rhegmatogenous retinal detachment, unspecified eye","Combined traction and rhegmatogenous retinal detachment"
434935,725346,149,234,"Macular corneal dystrophy, unspecified eye","Macular corneal dystrophy"
439828,45581589,139,233,"Ring staphyloma, right eye","Ring staphyloma"
444068,45543000,123,233,"Miotic pupillary cyst, unspecified eye","Miotic cyst of pupillary margin"
381287,45600937,191,232,"Retained (old) magnetic foreign body in lens, unspecified eye","Retained magnetic foreign body in lens"
381287,45600936,152,232,"Retained (old) magnetic foreign body in lens, left eye","Retained magnetic foreign body in lens"
380096,37200295,81,231,"Other specified diabetes mellitus with proliferative diabetic retinopathy with combined traction retinal detachment and rhegmatogenous retinal detachment, left eye","Proliferative retinopathy due to diabetes mellitus"
4338897,37200295,81,231,"Other specified diabetes mellitus with proliferative diabetic retinopathy with combined traction retinal detachment and rhegmatogenous retinal detachment, left eye","Combined traction and rhegmatogenous retinal detachment"
4200286,1595559,134,230,"Paralytic ectropion of right eye, unspecified eyelid","Paralytic ectropion"
434814,45546755,111,229,"Displacement of prosthetic orbit of left eye, sequela","Late effect of medical and surgical care complication"
4093427,45600951,120,228,"Kearns-Sayre syndrome, left eye","Kearns-Sayre syndrome"
4338896,37200114,38,227,"Drug or chemical induced diabetes mellitus with proliferative diabetic retinopathy with traction retinal detachment involving the macula, left eye","Traction retinal detachment involving macula"
380096,37200114,38,227,"Drug or chemical induced diabetes mellitus with proliferative diabetic retinopathy with traction retinal detachment involving the macula, left eye","Proliferative retinopathy due to diabetes mellitus"
4202383,37200114,38,227,"Drug or chemical induced diabetes mellitus with proliferative diabetic retinopathy with traction retinal detachment involving the macula, left eye","Drug-induced diabetes mellitus"
1077088,45552663,168,226,"Parasitic cyst of retina, left eye","Left parasitic retinal cyst"
4308716,45543093,91,223,"Intraoperative hemorrhage and hematoma of eye and adnexa complicating an ophthalmic procedure, bilateral","Intraoperative hemorrhage"
4180778,45543093,91,223,"Intraoperative hemorrhage and hematoma of eye and adnexa complicating an ophthalmic procedure, bilateral","Visual system complication of procedure"
380097,37200108,37,222,"Drug or chemical induced diabetes mellitus with proliferative diabetic retinopathy with macular edema, right eye","Macular edema due to diabetes mellitus"
380096,37200108,37,222,"Drug or chemical induced diabetes mellitus with proliferative diabetic retinopathy with macular edema, right eye","Proliferative retinopathy due to diabetes mellitus"
4202383,37200108,37,222,"Drug or chemical induced diabetes mellitus with proliferative diabetic retinopathy with macular edema, right eye","Drug-induced diabetes mellitus"
434814,45594957,93,221,"Breakdown (mechanical) of prosthetic orbit of right eye, sequela","Late effect of medical and surgical care complication"
4149689,45539374,145,221,"Blister (nonthermal) of unspecified eyelid and periocular area, initial encounter","Traumatic blister of eyelids and periocular area"
4180778,37200465,92,220,"Postprocedural seroma of eye and adnexa following an ophthalmic procedure, bilateral","Visual system complication of procedure"
440303,37200465,92,220,"Postprocedural seroma of eye and adnexa following an ophthalmic procedure, bilateral","Postoperative seroma"
373497,45547914,115,219,"Foster-Kennedy syndrome, right eye","Foster-Kennedy syndrome"
374226,45575172,99,219,"Burns of other specified parts of right eye and adnexa, subsequent encounter","Burn of eye region"
373771,45581608,133,217,"Kayser-Fleischer ring, left eye","Kayser-Fleischer ring"
380097,37200133,53,217,"Drug or chemical induced diabetes mellitus with proliferative diabetic retinopathy without macular edema, left eye","Macular edema due to diabetes mellitus"
380096,37200133,53,217,"Drug or chemical induced diabetes mellitus with proliferative diabetic retinopathy without macular edema, left eye","Proliferative retinopathy due to diabetes mellitus"
4202383,37200133,53,217,"Drug or chemical induced diabetes mellitus with proliferative diabetic retinopathy without macular edema, left eye","Drug-induced diabetes mellitus"
42539563,45567078,146,215,"Retained (old) intraocular foreign body, magnetic, in other or multiple sites, left eye","Retained magnetic foreign body in left eye"
434814,45604578,101,214,"Displacement of prosthetic orbit of right eye, sequela","Late effect of medical and surgical care complication"
380097,37200132,66,212,"Drug or chemical induced diabetes mellitus with proliferative diabetic retinopathy without macular edema, right eye","Macular edema due to diabetes mellitus"
380096,37200132,66,212,"Drug or chemical induced diabetes mellitus with proliferative diabetic retinopathy without macular edema, right eye","Proliferative retinopathy due to diabetes mellitus"
4202383,37200132,66,212,"Drug or chemical induced diabetes mellitus with proliferative diabetic retinopathy without macular edema, right eye","Drug-induced diabetes mellitus"
4195813,45599813,107,211,"Displacement of prosthetic orbit of left eye, subsequent encounter","Disorders of prostheses and implants of the eye"
42538746,45591368,153,210,"Retained (old) intraocular foreign body, magnetic, in other or multiple sites, right eye","Retained magnetic foreign body in right eye"
4202383,37200089,73,209,"Drug or chemical induced diabetes mellitus with mild nonproliferative diabetic retinopathy without macular edema, left eye","Drug-induced diabetes mellitus"
4314702,45557435,150,209,"Chalcosis, right eye","Chalcosis of eye"
37016356,37200089,73,209,"Drug or chemical induced diabetes mellitus with mild nonproliferative diabetic retinopathy without macular edema, left eye","Mild nonproliferative retinopathy due to secondary diabetes mellitus"
4200286,1595562,119,209,"Paralytic ectropion of left eye, unspecified eyelid","Paralytic ectropion"
373648,45587540,120,205,"Unspecified superficial injury of unspecified eyelid and periocular area, subsequent encounter","Superficial injury of eyelid AND/OR periocular area"
380097,37200093,43,204,"Drug or chemical induced diabetes mellitus with moderate nonproliferative diabetic retinopathy with macular edema, left eye","Macular edema due to diabetes mellitus"
37016358,37200093,43,204,"Drug or chemical induced diabetes mellitus with moderate nonproliferative diabetic retinopathy with macular edema, left eye","Moderate nonproliferative retinopathy due to secondary diabetes mellitus"
4338901,37200118,30,204,"Drug or chemical induced diabetes mellitus with proliferative diabetic retinopathy with traction retinal detachment not involving the macula, right eye","Traction detachment of retina due to diabetes mellitus"
380096,37200118,30,204,"Drug or chemical induced diabetes mellitus with proliferative diabetic retinopathy with traction retinal detachment not involving the macula, right eye","Proliferative retinopathy due to diabetes mellitus"
4202383,37200093,43,204,"Drug or chemical induced diabetes mellitus with moderate nonproliferative diabetic retinopathy with macular edema, left eye","Drug-induced diabetes mellitus"
4202383,37200118,30,204,"Drug or chemical induced diabetes mellitus with proliferative diabetic retinopathy with traction retinal detachment not involving the macula, right eye","Drug-induced diabetes mellitus"
4338896,37200287,43,200,"Other specified diabetes mellitus with proliferative diabetic retinopathy with traction retinal detachment involving the macula, unspecified eye","Traction retinal detachment involving macula"
380096,37200287,43,200,"Other specified diabetes mellitus with proliferative diabetic retinopathy with traction retinal detachment involving the macula, unspecified eye","Proliferative retinopathy due to diabetes mellitus"
37016358,37200099,55,200,"Drug or chemical induced diabetes mellitus with moderate nonproliferative diabetic retinopathy without macular edema, unspecified eye","Moderate nonproliferative retinopathy due to secondary diabetes mellitus"
4202383,37200099,55,200,"Drug or chemical induced diabetes mellitus with moderate nonproliferative diabetic retinopathy without macular edema, unspecified eye","Drug-induced diabetes mellitus"
4266637,37200107,39,198,"Drug or chemical induced diabetes mellitus with severe nonproliferative diabetic retinopathy without macular edema, unspecified eye","Severe nonproliferative retinopathy without macular edema due to diabetes mellitus"
4202383,37200107,39,198,"Drug or chemical induced diabetes mellitus with severe nonproliferative diabetic retinopathy without macular edema, unspecified eye","Drug-induced diabetes mellitus"
375393,45539401,79,197,"Laceration with foreign body of unspecified eyelid and periocular area, subsequent encounter","Laceration of skin of eyelid AND periocular area"
37206800,45539401,79,197,"Laceration with foreign body of unspecified eyelid and periocular area, subsequent encounter","Foreign body of eye region"
45771088,45591229,164,196,"Elephantiasis of left lower eyelid","Elephantiasis of lower eyelid"
441172,45551088,105,196,"Corrosion of left eye and adnexa, part unspecified, sequela","Disorder due to and following burn"
4153690,45544197,90,190,"Puncture wound with foreign body of unspecified eyelid and periocular area, initial encounter","Puncture wound of eye region"
37206800,45544197,90,190,"Puncture wound with foreign body of unspecified eyelid and periocular area, initial encounter","Foreign body of eye region"
4195813,45599812,99,189,"Displacement of prosthetic orbit of right eye, subsequent encounter","Disorders of prostheses and implants of the eye"
435814,45571914,74,189,"Degeneration of ciliary body, unspecified eye","Degenerative changes of ciliary body"
4200286,1595560,120,188,"Paralytic ectropion of left upper eyelid","Paralytic ectropion"
433633,45568163,131,187,"Abrasion of unspecified eyelid and periocular area, sequela","Late effect of superficial injury"
4314702,45538293,122,184,"Chalcosis, unspecified eye","Chalcosis of eye"
441172,45546274,96,183,"Corrosion of right eye and adnexa, part unspecified, sequela","Disorder due to and following burn"
437312,37200461,48,182,"Postprocedural hematoma of unspecified eye and adnexa following other procedure","Bleeding"
4180778,37200461,48,182,"Postprocedural hematoma of unspecified eye and adnexa following other procedure","Visual system complication of procedure"
380724,45586394,124,181,"Ghost vessels (corneal), unspecified eye","Corneal ghost vessels"
372642,45600878,77,180,"Corneal staphyloma, unspecified eye","Corneal staphyloma"
439828,45596024,99,177,"Ring staphyloma, left eye","Ring staphyloma"
4314702,45576764,114,176,"Chalcosis, left eye","Chalcosis of eye"
437863,45591292,77,173,"Exudative cyst of pars plana, left eye","Exudative cyst of pars plana"
441012,45571918,107,172,"Primary cyst of pars plana, unspecified eye","Primary cyst of pars plana"
441172,45599342,94,168,"Burn of cornea and conjunctival sac, unspecified eye, sequela","Disorder due to and following burn"
433633,45592451,138,167,"Superficial foreign body of right eyelid and periocular area, sequela","Late effect of superficial injury"
374226,45560613,86,166,"Burns of other specified parts of left eye and adnexa, subsequent encounter","Burn of eye region"
4180778,37200463,54,166,"Postprocedural seroma of right eye and adnexa following an ophthalmic procedure","Visual system complication of procedure"
440303,37200463,54,166,"Postprocedural seroma of right eye and adnexa following an ophthalmic procedure","Postoperative seroma"
4052225,45582762,102,165,"Open bite of left eyelid and periocular area, sequela","Sequelae of injury of eye and orbit"
45771088,45542946,123,164,"Elephantiasis of right lower eyelid","Elephantiasis of lower eyelid"
437281,725335,128,163,"Granular corneal dystrophy, right eye","Granular corneal dystrophy"
381567,45581597,92,163,"Sclerosing keratitis, unspecified eye","Sclerosing keratitis"
45757704,45576723,99,160,"Cyst of ora serrata, unspecified eye","Cyst of ora serrata of retina"
434814,45537073,83,159,"Breakdown (mechanical) of prosthetic orbit of left eye, sequela","Late effect of medical and surgical care complication"
381281,1326529,33,157,"Degenerative myopia with foveoschisis, unspecified eye","Degenerative progressive high myopia"
438767,1326529,33,157,"Degenerative myopia with foveoschisis, unspecified eye","Staphyloma posticum"
4162094,1326529,33,157,"Degenerative myopia with foveoschisis, unspecified eye","Retinal thickening"
46273347,45577885,85,157,"Penetrating wound with foreign body of unspecified eyeball, subsequent encounter","Eyeball wound due to penetrating foreign body"
4244426,45576774,137,157,"Retained (nonmagnetic) (old) foreign body in iris or ciliary body, unspecified eye","Retained nonmagnetic foreign body in iris AND/OR ciliary body"
441172,45575173,48,155,"Corrosion of left eyelid and periocular area, sequela","Disorder due to and following burn"
372918,45562174,97,154,"Argentous corneal deposits, left eye","Argentous corneal deposit"
435248,45557440,77,154,"Retained (old) magnetic foreign body in vitreous body, right eye","Retained magnetic foreign body in vitreous"
4308716,45562296,59,153,"Intraoperative hemorrhage and hematoma of unspecified eye and adnexa complicating other procedure","Intraoperative hemorrhage"
4180778,45562296,59,153,"Intraoperative hemorrhage and hematoma of unspecified eye and adnexa complicating other procedure","Visual system complication of procedure"
42537744,725626,59,153,"Unspecified complication of corneal transplant, right eye","Transplanted cornea present"
201461,725626,59,153,"Unspecified complication of corneal transplant, right eye","Disorder affecting transplanted structure"
441172,45608933,64,153,"Burns of other specified parts of left eye and adnexa, sequela","Disorder due to and following burn"
36674185,45599343,99,151,"Burn with resulting rupture and destruction of right eyeball, initial encounter","Burn of eye proper"
437281,725338,94,151,"Granular corneal dystrophy, unspecified eye","Granular corneal dystrophy"
4153690,45544194,105,149,"Puncture wound without foreign body of left eyelid and periocular area, subsequent encounter","Puncture wound of eye region"
4202383,37200100,33,149,"Drug or chemical induced diabetes mellitus with severe nonproliferative diabetic retinopathy with macular edema, right eye","Drug-induced diabetes mellitus"
4290822,37200100,33,149,"Drug or chemical induced diabetes mellitus with severe nonproliferative diabetic retinopathy with macular edema, right eye","Severe nonproliferative retinopathy with clinically significant macular edema due to diabetes mellitus"
4338896,37200113,40,148,"Drug or chemical induced diabetes mellitus with proliferative diabetic retinopathy with traction retinal detachment involving the macula, right eye","Traction retinal detachment involving macula"
380096,37200113,40,148,"Drug or chemical induced diabetes mellitus with proliferative diabetic retinopathy with traction retinal detachment involving the macula, right eye","Proliferative retinopathy due to diabetes mellitus"
4202383,37200113,40,148,"Drug or chemical induced diabetes mellitus with proliferative diabetic retinopathy with traction retinal detachment involving the macula, right eye","Drug-induced diabetes mellitus"
444213,45581596,100,148,"Ophthalmia nodosa, right eye","Ophthalmia nodosa"
433909,45546090,120,146,"Foreign body in other and multiple parts of external eye, unspecified eye, subsequent encounter","Foreign body on external eye"
444213,45566980,91,144,"Ophthalmia nodosa, left eye","Ophthalmia nodosa"
441172,45599349,36,142,"Corrosion of right eyelid and periocular area, sequela","Disorder due to and following burn"
376974,45576766,93,142,"Siderosis of eye, bilateral","Siderosis of eye"
380096,37200297,29,140,"Other specified diabetes mellitus with proliferative diabetic retinopathy with combined traction retinal detachment and rhegmatogenous retinal detachment, unspecified eye","Proliferative retinopathy due to diabetes mellitus"
4338897,37200297,29,140,"Other specified diabetes mellitus with proliferative diabetic retinopathy with combined traction retinal detachment and rhegmatogenous retinal detachment, unspecified eye","Combined traction and rhegmatogenous retinal detachment"
42537744,725627,56,139,"Unspecified complication of corneal transplant, left eye","Transplanted cornea present"
201461,725627,56,139,"Unspecified complication of corneal transplant, left eye","Disorder affecting transplanted structure"
4180778,37200471,41,138,"Postprocedural seroma of unspecified eye and adnexa following other procedure","Visual system complication of procedure"
440303,37200471,41,138,"Postprocedural seroma of unspecified eye and adnexa following other procedure","Postoperative seroma"
372918,45538222,92,137,"Argentous corneal deposits, right eye","Argentous corneal deposit"
4052225,45563358,98,136,"Open bite of right eyelid and periocular area, sequela","Sequelae of injury of eye and orbit"
4338901,37200292,41,134,"Other specified diabetes mellitus with proliferative diabetic retinopathy with traction retinal detachment not involving the macula, unspecified eye","Traction detachment of retina due to diabetes mellitus"
380096,37200292,41,134,"Other specified diabetes mellitus with proliferative diabetic retinopathy with traction retinal detachment not involving the macula, unspecified eye","Proliferative retinopathy due to diabetes mellitus"
373476,45576682,64,133,"Keratomalacia, unspecified eye","Keratomalacia"
374636,45581681,117,132,"Retained (old) magnetic foreign body in iris or ciliary body, unspecified eye","Retained magnetic foreign body in iris AND/OR ciliary body"
4052225,45592503,70,131,"Penetrating wound of orbit with or without foreign body, unspecified eye, sequela","Sequelae of injury of eye and orbit"
4104213,45596058,66,131,"Disseminated chorioretinal inflammation, peripheral, unspecified eye","Disseminated peripheral chorioretinitis"
441172,45589663,77,129,"Corrosion of unspecified eye and adnexa, part unspecified, sequela","Disorder due to and following burn"
4153690,45597235,99,128,"Puncture wound without foreign body of right eyelid and periocular area, subsequent encounter","Puncture wound of eye region"
437863,45586419,82,128,"Exudative cyst of pars plana, right eye","Exudative cyst of pars plana"
432920,45547818,84,128,"Localized anterior staphyloma, unspecified eye","Localized anterior staphyloma"
380097,37200137,34,126,"Drug or chemical induced diabetes mellitus with diabetic macular edema, resolved following treatment, right eye","Macular edema due to diabetes mellitus"
442301,45562195,41,126,"Iridoschisis, unspecified eye","Iridoschisis"
4202383,37200137,34,126,"Drug or chemical induced diabetes mellitus with diabetic macular edema, resolved following treatment, right eye","Drug-induced diabetes mellitus"
4149689,45606838,69,123,"Blister (nonthermal) of right eyelid and periocular area, subsequent encounter","Traumatic blister of eyelids and periocular area"
374226,45599344,68,122,"Burns of other specified parts of unspecified eye and adnexa, subsequent encounter","Burn of eye region"
4147020,45592452,103,122,"Other superficial bite of unspecified eyelid and periocular area, initial encounter","Insect bite of eyelids and periocular area"
432638,45547817,59,121,"Brawny scleritis, unspecified eye","Brawny scleritis"
4201554,45596143,56,121,"Accidental puncture and laceration of unspecified eye and adnexa during other procedure","Lesion of eye"
4055231,45596143,56,121,"Accidental puncture and laceration of unspecified eye and adnexa during other procedure","Accidental laceration during a procedure"
45757702,45557370,44,116,"Parasitic cyst of iris, ciliary body or anterior chamber, right eye","Parasitic cyst of iris"
45757703,45557370,44,116,"Parasitic cyst of iris, ciliary body or anterior chamber, right eye","Parasitic cyst of ciliary body"
4149689,45544175,74,116,"Blister (nonthermal) of left eyelid and periocular area, subsequent encounter","Traumatic blister of eyelids and periocular area"
437312,37200455,47,114,"Postprocedural hematoma of eye and adnexa following an ophthalmic procedure, bilateral","Bleeding"
4180778,37200455,47,114,"Postprocedural hematoma of eye and adnexa following an ophthalmic procedure, bilateral","Visual system complication of procedure"
433633,45568167,87,113,"Superficial foreign body of left eyelid and periocular area, sequela","Late effect of superficial injury"
438153,45552582,75,113,"Pulsating exophthalmos, unspecified eye","Pulsating exophthalmos"
37016358,37200096,28,111,"Drug or chemical induced diabetes mellitus with moderate nonproliferative diabetic retinopathy without macular edema, right eye","Moderate nonproliferative retinopathy due to secondary diabetes mellitus"
4202383,37200096,28,111,"Drug or chemical induced diabetes mellitus with moderate nonproliferative diabetic retinopathy without macular edema, right eye","Drug-induced diabetes mellitus"
374636,45600935,68,110,"Retained (old) magnetic foreign body in iris or ciliary body, right eye","Retained magnetic foreign body in iris AND/OR ciliary body"
374202,45602090,55,110,"Penetrating wound without foreign body of unspecified eyeball, subsequent encounter","Penetrating wound of eye"
380096,37200131,25,110,"Drug or chemical induced diabetes mellitus with stable proliferative diabetic retinopathy, unspecified eye","Proliferative retinopathy due to diabetes mellitus"
4202383,37200131,25,110,"Drug or chemical induced diabetes mellitus with stable proliferative diabetic retinopathy, unspecified eye","Drug-induced diabetes mellitus"
437312,37200456,33,110,"Postprocedural hematoma of unspecified eye and adnexa following an ophthalmic procedure","Bleeding"
4180778,37200456,33,110,"Postprocedural hematoma of unspecified eye and adnexa following an ophthalmic procedure","Visual system complication of procedure"
4059565,45546272,63,109,"Corrosions of other specified parts of unspecified eye and adnexa, initial encounter","Chemical burn of eyelid region"
4202383,37200103,27,107,"Drug or chemical induced diabetes mellitus with severe nonproliferative diabetic retinopathy with macular edema, unspecified eye","Drug-induced diabetes mellitus"
4290822,37200103,27,107,"Drug or chemical induced diabetes mellitus with severe nonproliferative diabetic retinopathy with macular edema, unspecified eye","Severe nonproliferative retinopathy with clinically significant macular edema due to diabetes mellitus"
4180778,37200464,43,105,"Postprocedural seroma of left eye and adnexa following an ophthalmic procedure","Visual system complication of procedure"
440303,37200464,43,105,"Postprocedural seroma of left eye and adnexa following an ophthalmic procedure","Postoperative seroma"
42537744,725621,21,104,"Corneal transplant infection, unspecified eye","Transplanted cornea present"
201461,725621,21,104,"Corneal transplant infection, unspecified eye","Disorder affecting transplanted structure"
4334801,725621,21,104,"Corneal transplant infection, unspecified eye","Surgical site infection"
4308716,45557480,31,104,"Intraoperative hemorrhage and hematoma of eye and adnexa complicating other procedure, bilateral","Intraoperative hemorrhage"
4180778,45557480,31,104,"Intraoperative hemorrhage and hematoma of eye and adnexa complicating other procedure, bilateral","Visual system complication of procedure"
4180778,45572024,47,98,"Accidental puncture and laceration of eye and adnexa during an ophthalmic procedure, bilateral","Visual system complication of procedure"
4055231,45572024,47,98,"Accidental puncture and laceration of eye and adnexa during an ophthalmic procedure, bilateral","Accidental laceration during a procedure"
4263345,725342,67,97,"Lattice corneal dystrophy, unspecified eye","Lattice corneal dystrophy"
4180778,37200469,33,96,"Postprocedural seroma of left eye and adnexa following other procedure","Visual system complication of procedure"
440303,37200469,33,96,"Postprocedural seroma of left eye and adnexa following other procedure","Postoperative seroma"
4052225,45549058,46,92,"Penetrating wound without foreign body of unspecified eyeball, sequela","Sequelae of injury of eye and orbit"
4153690,45549017,45,92,"Puncture wound with foreign body of left eyelid and periocular area, subsequent encounter","Puncture wound of eye region"
372918,45581607,49,92,"Argentous corneal deposits, unspecified eye","Argentous corneal deposit"
37206800,45549017,45,92,"Puncture wound with foreign body of left eyelid and periocular area, subsequent encounter","Foreign body of eye region"
4263345,725339,56,91,"Lattice corneal dystrophy, right eye","Lattice corneal dystrophy"
437312,37200460,36,88,"Postprocedural hematoma of eye and adnexa following other procedure, bilateral","Bleeding"
4180778,37200460,36,88,"Postprocedural hematoma of eye and adnexa following other procedure, bilateral","Visual system complication of procedure"
435397,45536469,64,87,"Foreign body in other and multiple parts of external eye, unspecified eye, sequela","Late effect of foreign body in orifice"
444213,45600869,58,87,"Ophthalmia nodosa, unspecified eye","Ophthalmia nodosa"
36715594,45544198,57,86,"Open bite of unspecified eyelid and periocular area, subsequent encounter","Open bite of head"
4152163,45544198,57,86,"Open bite of unspecified eyelid and periocular area, subsequent encounter","Injury of eye region"
45772117,45581644,49,86,"Parasitic cyst of retina, unspecified eye","Parasitic cyst of retina"
4052225,45602088,63,82,"Penetrating wound with foreign body of unspecified eyeball, sequela","Sequelae of injury of eye and orbit"
4263345,725340,56,82,"Lattice corneal dystrophy, left eye","Lattice corneal dystrophy"
45757702,45552634,21,80,"Parasitic cyst of iris, ciliary body or anterior chamber, left eye","Parasitic cyst of iris"
45757703,45552634,21,80,"Parasitic cyst of iris, ciliary body or anterior chamber, left eye","Parasitic cyst of ciliary body"
380096,37200129,20,80,"Drug or chemical induced diabetes mellitus with stable proliferative diabetic retinopathy, left eye","Proliferative retinopathy due to diabetes mellitus"
4202383,37200129,20,80,"Drug or chemical induced diabetes mellitus with stable proliferative diabetic retinopathy, left eye","Drug-induced diabetes mellitus"
374636,45562255,50,75,"Retained (old) magnetic foreign body in iris or ciliary body, left eye","Retained magnetic foreign body in iris AND/OR ciliary body"
380097,37200140,26,75,"Drug or chemical induced diabetes mellitus with diabetic macular edema, resolved following treatment, unspecified eye","Macular edema due to diabetes mellitus"
4202383,37200140,26,75,"Drug or chemical induced diabetes mellitus with diabetic macular edema, resolved following treatment, unspecified eye","Drug-induced diabetes mellitus"
380096,37200124,20,74,"Drug or chemical induced diabetes mellitus with proliferative diabetic retinopathy with combined traction retinal detachment and rhegmatogenous retinal detachment, left eye","Proliferative retinopathy due to diabetes mellitus"
4202383,37200124,20,74,"Drug or chemical induced diabetes mellitus with proliferative diabetic retinopathy with combined traction retinal detachment and rhegmatogenous retinal detachment, left eye","Drug-induced diabetes mellitus"
4338897,37200124,20,74,"Drug or chemical induced diabetes mellitus with proliferative diabetic retinopathy with combined traction retinal detachment and rhegmatogenous retinal detachment, left eye","Combined traction and rhegmatogenous retinal detachment"
441172,45536624,40,73,"Burn of unspecified eyelid and periocular area, sequela","Disorder due to and following burn"
4147020,45558501,49,73,"Other superficial bite of right eyelid and periocular area, subsequent encounter","Insect bite of eyelids and periocular area"
37016358,37200097,28,73,"Drug or chemical induced diabetes mellitus with moderate nonproliferative diabetic retinopathy without macular edema, left eye","Moderate nonproliferative retinopathy due to secondary diabetes mellitus"
4153690,45553787,22,73,"Puncture wound without foreign body of unspecified eyelid and periocular area, subsequent encounter","Puncture wound of eye region"
4202383,37200097,28,73,"Drug or chemical induced diabetes mellitus with moderate nonproliferative diabetic retinopathy without macular edema, left eye","Drug-induced diabetes mellitus"
439828,45576671,49,72,"Ring staphyloma, unspecified eye","Ring staphyloma"
443884,45581682,39,72,"Retained (old) magnetic foreign body in posterior wall of globe, right eye","Retained magnetic foreign body in posterior wall of eye"
433633,45549000,49,71,"Unspecified superficial injury of unspecified eyelid and periocular area, sequela","Late effect of superficial injury"
4201554,45596142,32,70,"Accidental puncture and laceration of eye and adnexa during other procedure, bilateral","Lesion of eye"
4055231,45596142,32,70,"Accidental puncture and laceration of eye and adnexa during other procedure, bilateral","Accidental laceration during a procedure"
42537744,725629,23,70,"Unspecified complication of corneal transplant, unspecified eye","Transplanted cornea present"
201461,725629,23,70,"Unspecified complication of corneal transplant, unspecified eye","Disorder affecting transplanted structure"
4202383,37200101,30,69,"Drug or chemical induced diabetes mellitus with severe nonproliferative diabetic retinopathy with macular edema, left eye","Drug-induced diabetes mellitus"
4290822,37200101,30,69,"Drug or chemical induced diabetes mellitus with severe nonproliferative diabetic retinopathy with macular edema, left eye","Severe nonproliferative retinopathy with clinically significant macular edema due to diabetes mellitus"
4180778,37200468,30,68,"Postprocedural seroma of right eye and adnexa following other procedure","Visual system complication of procedure"
440303,37200468,30,68,"Postprocedural seroma of right eye and adnexa following other procedure","Postoperative seroma"
4147020,45587545,54,68,"Other superficial bite of left eyelid and periocular area, subsequent encounter","Insect bite of eyelids and periocular area"
441172,45599345,32,67,"Burns of other specified parts of unspecified eye and adnexa, sequela","Disorder due to and following burn"
380096,37200123,19,66,"Drug or chemical induced diabetes mellitus with proliferative diabetic retinopathy with combined traction retinal detachment and rhegmatogenous retinal detachment, right eye","Proliferative retinopathy due to diabetes mellitus"
4202383,37200123,19,66,"Drug or chemical induced diabetes mellitus with proliferative diabetic retinopathy with combined traction retinal detachment and rhegmatogenous retinal detachment, right eye","Drug-induced diabetes mellitus"
4338897,37200123,19,66,"Drug or chemical induced diabetes mellitus with proliferative diabetic retinopathy with combined traction retinal detachment and rhegmatogenous retinal detachment, right eye","Combined traction and rhegmatogenous retinal detachment"
4052225,45577848,35,64,"Puncture wound without foreign body of left eyelid and periocular area, sequela","Sequelae of injury of eye and orbit"
4180778,37200466,25,63,"Postprocedural seroma of unspecified eye and adnexa following an ophthalmic procedure","Visual system complication of procedure"
440303,37200466,25,63,"Postprocedural seroma of unspecified eye and adnexa following an ophthalmic procedure","Postoperative seroma"
380096,37200128,26,61,"Drug or chemical induced diabetes mellitus with stable proliferative diabetic retinopathy, right eye","Proliferative retinopathy due to diabetes mellitus"
4202383,37200128,26,61,"Drug or chemical induced diabetes mellitus with stable proliferative diabetic retinopathy, right eye","Drug-induced diabetes mellitus"
4266637,37200104,20,60,"Drug or chemical induced diabetes mellitus with severe nonproliferative diabetic retinopathy without macular edema, right eye","Severe nonproliferative retinopathy without macular edema due to diabetes mellitus"
4202383,37200104,20,60,"Drug or chemical induced diabetes mellitus with severe nonproliferative diabetic retinopathy without macular edema, right eye","Drug-induced diabetes mellitus"
437281,725336,40,60,"Granular corneal dystrophy, left eye","Granular corneal dystrophy"
443884,45605700,38,59,"Retained (old) magnetic foreign body in posterior wall of globe, left eye","Retained magnetic foreign body in posterior wall of eye"
4059565,45599348,45,58,"Corrosion of unspecified eyelid and periocular area, subsequent encounter","Chemical burn of eyelid region"
4338901,37200119,17,56,"Drug or chemical induced diabetes mellitus with proliferative diabetic retinopathy with traction retinal detachment not involving the macula, left eye","Traction detachment of retina due to diabetes mellitus"
380096,37200119,17,56,"Drug or chemical induced diabetes mellitus with proliferative diabetic retinopathy with traction retinal detachment not involving the macula, left eye","Proliferative retinopathy due to diabetes mellitus"
4202383,37200119,17,56,"Drug or chemical induced diabetes mellitus with proliferative diabetic retinopathy with traction retinal detachment not involving the macula, left eye","Drug-induced diabetes mellitus"
4153690,45577849,30,56,"Puncture wound with foreign body of right eyelid and periocular area, subsequent encounter","Puncture wound of eye region"
37206800,45577849,30,56,"Puncture wound with foreign body of right eyelid and periocular area, subsequent encounter","Foreign body of eye region"
434935,725343,43,53,"Macular corneal dystrophy, right eye","Macular corneal dystrophy"
380097,37200138,20,51,"Drug or chemical induced diabetes mellitus with diabetic macular edema, resolved following treatment, left eye","Macular edema due to diabetes mellitus"
4202383,37200138,20,51,"Drug or chemical induced diabetes mellitus with diabetic macular edema, resolved following treatment, left eye","Drug-induced diabetes mellitus"
4059565,45580018,20,48,"Corrosions of other specified parts of left eye and adnexa, subsequent encounter","Chemical burn of eyelid region"
434935,725344,36,44,"Macular corneal dystrophy, left eye","Macular corneal dystrophy"
4215841,45547908,26,41,"Retained (nonmagnetic) (old) foreign body in posterior wall of globe, unspecified eye","Retained nonmagnetic foreign body in posterior wall of eye"
4052225,45587560,24,40,"Open bite of unspecified eyelid and periocular area, sequela","Sequelae of injury of eye and orbit"
4052225,45549016,32,40,"Laceration with foreign body of unspecified eyelid and periocular area, sequela","Sequelae of injury of eye and orbit"
4180778,37200470,16,39,"Postprocedural seroma of eye and adnexa following other procedure, bilateral","Visual system complication of procedure"
440303,37200470,16,39,"Postprocedural seroma of eye and adnexa following other procedure, bilateral","Postoperative seroma"
36674185,45546271,25,39,"Burn with resulting rupture and destruction of left eyeball, subsequent encounter","Burn of eye proper"
37206800,45582742,24,39,"Superficial foreign body of unspecified eyelid and periocular area, subsequent encounter","Foreign body of eye region"
4052225,45534505,27,36,"Puncture wound without foreign body of right eyelid and periocular area, sequela","Sequelae of injury of eye and orbit"
4220203,45571917,24,34,"Exudative cysts of iris or anterior chamber, unspecified eye","Exudative cyst of anterior chamber of eye"
433633,45553762,22,33,"Blister (nonthermal) of left eyelid and periocular area, sequela","Late effect of superficial injury"
4059565,45541421,22,33,"Corrosions of other specified parts of right eye and adnexa, subsequent encounter","Chemical burn of eyelid region"
441172,45584803,21,33,"Corrosion of unspecified eyelid and periocular area, sequela","Disorder due to and following burn"
437863,45562200,21,33,"Exudative cyst of pars plana, unspecified eye","Exudative cyst of pars plana"
45757702,45586418,13,33,"Parasitic cyst of iris, ciliary body or anterior chamber, unspecified eye","Parasitic cyst of iris"
45757703,45586418,13,33,"Parasitic cyst of iris, ciliary body or anterior chamber, unspecified eye","Parasitic cyst of ciliary body"
4149689,45602049,12,32,"Blister (nonthermal) of unspecified eyelid and periocular area, subsequent encounter","Traumatic blister of eyelids and periocular area"
4052225,45544196,16,31,"Puncture wound with foreign body of left eyelid and periocular area, sequela","Sequelae of injury of eye and orbit"
4266637,37200105,11,30,"Drug or chemical induced diabetes mellitus with severe nonproliferative diabetic retinopathy without macular edema, left eye","Severe nonproliferative retinopathy without macular edema due to diabetes mellitus"
4202383,37200105,11,30,"Drug or chemical induced diabetes mellitus with severe nonproliferative diabetic retinopathy without macular edema, left eye","Drug-induced diabetes mellitus"
433633,45558499,19,26,"Blister (nonthermal) of right eyelid and periocular area, sequela","Late effect of superficial injury"
433633,45568165,15,22,"Blister (nonthermal) of unspecified eyelid and periocular area, sequela","Late effect of superficial injury"
36674185,45594540,16,22,"Corrosion with resulting rupture and destruction of left eyeball, initial encounter","Burn of eye proper"
433633,45577834,17,22,"Superficial foreign body of unspecified eyelid and periocular area, sequela","Late effect of superficial injury"
4052225,45544195,17,21,"Puncture wound with foreign body of right eyelid and periocular area, sequela","Sequelae of injury of eye and orbit"
433633,45539378,11,20,"Other superficial bite of right eyelid and periocular area, sequela","Late effect of superficial injury"
433633,45553763,12,20,"Other superficial bite of left eyelid and periocular area, sequela","Late effect of superficial injury"
373648,45539375,15,20,"External constriction of unspecified eyelid and periocular area, initial encounter","Superficial injury of eyelid AND/OR periocular area"
36674185,45580015,15,18,"Corrosion with resulting rupture and destruction of right eyeball, initial encounter","Burn of eye proper"
36674185,45604168,14,16,"Burn with resulting rupture and destruction of right eyeball, subsequent encounter","Burn of eye proper"
4147020,45597221,11,16,"Other superficial bite of unspecified eyelid and periocular area, subsequent encounter","Insect bite of eyelids and periocular area"
43530804,785960,NA,NA,"Inferior oblique muscle entrapment, right eye","Entrapment of extraocular muscle"
43530804,785965,NA,NA,"Inferior rectus muscle entrapment, left eye","Entrapment of extraocular muscle"
43530804,785968,NA,NA,"Lateral rectus muscle entrapment, right eye","Entrapment of extraocular muscle"
43530804,785969,NA,NA,"Lateral rectus muscle entrapment, left eye","Entrapment of extraocular muscle"
43530804,785974,NA,NA,"Medial rectus muscle entrapment, unspecified eye","Entrapment of extraocular muscle"
374226,17469,NA,NA,"Burns of other specified parts of unspecified eye and adnexa","Burn of eye region"
374226,17487,NA,NA,"Corrosion of unspecified eye and adnexa, part unspecified","Burn of eye region"
374226,17489,NA,NA,"Corrosion of left eye and adnexa, part unspecified","Burn of eye region"
374226,1574548,NA,NA,"Corrosion of eye and adnexa, part unspecified","Burn of eye region"
374874,1567595,NA,NA,"Malignant neoplasm of unspecified site of eye","Primary malignant neoplasm of eye"
376402,1326569,NA,NA,"Low vision, right eye, category 2","Low vision, one eye"
376402,1326582,NA,NA,"Low vision, right eye, category 1","Low vision, one eye"
376402,1326585,NA,NA,"Low vision, left eye, category 1-2","Low vision, one eye"
433633,45549002,NA,NA,"Other superficial bite of unspecified eyelid and periocular area, sequela","Late effect of superficial injury"
435262,37200441,NA,NA,"Primary open-angle glaucoma, unspecified eye","Primary open angle glaucoma"
435755,45585995,NA,NA,"Unspecified malignant neoplasm of skin of right eyelid, including canthus","Primary malignant neoplasm of skin of eyelid"
435755,45585996,NA,NA,"Other specified malignant neoplasm of skin of left eyelid, including canthus","Primary malignant neoplasm of skin of eyelid"
435755,45600489,NA,NA,"Unspecified malignant neoplasm of skin of left eyelid, including canthus","Primary malignant neoplasm of skin of eyelid"
436975,45571970,NA,NA,"Pigmentary glaucoma, unspecified eye","Pigmentary glaucoma"
436975,45596084,NA,NA,"Pigmentary glaucoma, right eye","Pigmentary glaucoma"
436975,45605682,NA,NA,"Pigmentary glaucoma, left eye","Pigmentary glaucoma"
437273,45581663,NA,NA,"Capsular glaucoma with pseudoexfoliation of lens, unspecified eye","Pseudoexfoliation glaucoma"
440396,45581669,NA,NA,"Glaucoma secondary to eye trauma, unspecified eye","Glaucoma due to ocular trauma"
441172,45565444,NA,NA,"Burn with resulting rupture and destruction of unspecified eyeball, sequela","Disorder due to and following burn"
441172,45565446,NA,NA,"Corrosion with resulting rupture and destruction of unspecified eyeball, sequela","Disorder due to and following burn"
441172,45584805,NA,NA,"Corrosions of other specified parts of left eye and adnexa, sequela","Disorder due to and following burn"
441172,45599351,NA,NA,"Corrosions of other specified parts of unspecified eye and adnexa, sequela","Disorder due to and following burn"
443545,10206,NA,NA,"Insect bite (nonvenomous) of unspecified eyelid and periocular area","Nonvenomous insect bite"
4052225,45534506,NA,NA,"Puncture wound without foreign body of unspecified eyelid and periocular area, sequela","Sequelae of injury of eye and orbit"
4052225,45558523,NA,NA,"Puncture wound with foreign body of unspecified eyelid and periocular area, sequela","Sequelae of injury of eye and orbit"
45757571,45538322,NA,NA,"Blindness, left eye, low vision right eye","Bilateral visual impairment"
37168687,785952,NA,NA,"Nonproliferative sickle-cell retinopathy, unspecified eye","Nonproliferative sickle cell retinopathy"
4109401,785955,NA,NA,"Proliferative sickle-cell retinopathy, left eye","Proliferative retinopathy due to sickle cell disease"
4109401,785957,NA,NA,"Proliferative sickle-cell retinopathy, unspecified eye","Proliferative retinopathy due to sickle cell disease"
44784606,17463,NA,NA,"Burn of cornea and conjunctival sac, unspecified eye","Burn of cornea and conjunctival sac"
44784606,17465,NA,NA,"Burn of cornea and conjunctival sac, left eye","Burn of cornea and conjunctival sac"
373648,10200,NA,NA,"External constriction of unspecified eyelid and periocular area","Superficial injury of eyelid AND/OR periocular area"
375393,10283,NA,NA,"Laceration with foreign body of unspecified eyelid and periocular area","Laceration of skin of eyelid AND periocular area"
381445,10456,NA,NA,"Avulsion of right eye","Avulsion of eye"
443884,45576771,NA,NA,"Retained (old) magnetic foreign body in posterior wall of globe, unspecified eye","Retained magnetic foreign body in posterior wall of eye"
4152163,10460,NA,NA,"Other injuries of unspecified eye and orbit","Injury of eye region"
4152163,10463,NA,NA,"Unspecified injury of left eye and orbit","Injury of eye region"
4195813,19682,NA,NA,"Breakdown (mechanical) of prosthetic orbit of right eye","Disorders of prostheses and implants of the eye"
4195813,19688,NA,NA,"Other mechanical complication of prosthetic orbit of right eye","Disorders of prostheses and implants of the eye"
4195813,19689,NA,NA,"Other mechanical complication of prosthetic orbit of left eye","Disorders of prostheses and implants of the eye"
1340204,45542505,NA,NA,"Cataract extraction status, right eye","History of event"
44791721,785879,NA,NA,"Foreign body sensation, left eye","Foreign body sensation in eye"
44791721,785990,NA,NA,"Foreign body sensation, bilateral eyes","Foreign body sensation in eye"
45757722,1326561,NA,NA,"Low vision right eye category 2, blindness left eye","Blind left eye, low vision right eye"
372479,10445,NA,NA,"Ocular laceration without prolapse or loss of intraocular tissue, left eye","Laceration of eye"
372629,37200379,NA,NA,"Nonexudative age-related macular degeneration, right eye","Nonexudative age-related macular degeneration"
372629,37200385,NA,NA,"Nonexudative age-related macular degeneration, left eye","Nonexudative age-related macular degeneration"
375404,10441,NA,NA,"Ocular laceration and rupture with prolapse or loss of intraocular tissue, right eye","Ocular laceration with prolapse AND/OR exposure of intraocular tissue"
433909,16614,NA,NA,"Foreign body in other and multiple parts of external eye, left eye","Foreign body on external eye"
433909,16615,NA,NA,"Foreign body on external eye, part unspecified, unspecified eye","Foreign body on external eye"
436398,45571980,NA,NA,"Glaucoma secondary to other eye disorders, right eye","Glaucoma associated with ocular disorder"
4059565,17475,NA,NA,"Corrosion of unspecified eyelid and periocular area","Chemical burn of eyelid region"
4059565,17484,NA,NA,"Corrosions of other specified parts of unspecified eye and adnexa","Chemical burn of eyelid region"
4059565,17485,NA,NA,"Corrosions of other specified parts of right eye and adnexa","Chemical burn of eyelid region"
4059565,45580017,NA,NA,"Corrosions of other specified parts of unspecified eye and adnexa, subsequent encounter","Chemical burn of eyelid region"
4147020,10206,NA,NA,"Insect bite (nonvenomous) of unspecified eyelid and periocular area","Insect bite of eyelids and periocular area"
4164640,1326540,NA,NA,"Blindness right eye, category 4","Blind right eye"
4219836,10187,NA,NA,"Contusion of right eyelid and periocular area","Contusion of ocular adnexa and periocular tissues"
4219836,10188,NA,NA,"Contusion of left eyelid and periocular area","Contusion of ocular adnexa and periocular tissues"
4312493,10434,NA,NA,"Injury of conjunctiva and corneal abrasion without foreign body, unspecified eye","Corneal abrasion"
45757708,45543088,NA,NA,"Low vision, right eye, normal vision left eye","Low vision right eye, normal vision left eye"
45757719,45572018,NA,NA,"Blindness, right eye, normal vision left eye","Blind right eye, normal vision left eye"
312622,45591322,NA,NA,"Tributary (branch) retinal vein occlusion, unspecified eye","Venous retinal branch occlusion"
381444,10437,NA,NA,"Contusion of eyeball and orbital tissues, unspecified eye","Contusion of eye"
381444,10438,NA,NA,"Contusion of eyeball and orbital tissues, right eye","Contusion of eye"
432312,45552689,NA,NA,"Chronic angle-closure glaucoma, left eye","Chronic angle-closure glaucoma"
441561,45591335,NA,NA,"Low-tension glaucoma, right eye","Low tension glaucoma"
4108644,10192,NA,NA,"Abrasion of right eyelid and periocular area","Abrasion of eye region"
4108644,10193,NA,NA,"Abrasion of left eyelid and periocular area","Abrasion of eye region"
4334734,10448,NA,NA,"Penetrating wound of orbit with or without foreign body, left eye","Penetrating wound of orbit"
4335883,45571503,NA,NA,"Basal cell carcinoma of skin of left eyelid, including canthus","Basal cell carcinoma of eyelid"
4335891,10434,NA,NA,"Injury of conjunctiva and corneal abrasion without foreign body, unspecified eye","Injury of conjunctiva"
36674185,17466,NA,NA,"Burn with resulting rupture and destruction of unspecified eyeball","Burn of eye proper"
36674185,17482,NA,NA,"Corrosion with resulting rupture and destruction of right eyeball","Burn of eye proper"
36674185,45555865,NA,NA,"Corrosion with resulting rupture and destruction of unspecified eyeball, subsequent encounter","Burn of eye proper"
36674185,45594539,NA,NA,"Corrosion with resulting rupture and destruction of unspecified eyeball, initial encounter","Burn of eye proper"
36712754,16608,NA,NA,"Foreign body in cornea, left eye","Foreign body in left cornea"
37206800,10201,NA,NA,"Superficial foreign body of right eyelid and periocular area","Foreign body of eye region"
37206800,10283,NA,NA,"Laceration with foreign body of unspecified eyelid and periocular area","Foreign body of eye region"
37208309,45537901,NA,NA,"Other benign neoplasm of skin of right eyelid, including canthus","Benign neoplasm of skin of right eyelid"
43530804,785984,NA,NA,"Extraocular muscle entrapment, unspecified, right eye","Entrapment of extraocular muscle"
43530804,785985,NA,NA,"Extraocular muscle entrapment, unspecified, left eye","Entrapment of extraocular muscle"
374226,17470,NA,NA,"Burns of other specified parts of right eye and adnexa","Burn of eye region"
374226,17472,NA,NA,"Burn of unspecified eye and adnexa, part unspecified","Burn of eye region"
374226,17473,NA,NA,"Burn of right eye and adnexa, part unspecified","Burn of eye region"
374226,17474,NA,NA,"Burn of left eye and adnexa, part unspecified","Burn of eye region"
375428,10397,NA,NA,"Injury of optic nerve, right eye","Traumatic optic nerve injury"
375428,10399,NA,NA,"Injury of optic nerve, unspecified eye","Traumatic optic nerve injury"
433633,45573052,NA,NA,"External constriction of right eyelid and periocular area, sequela","Late effect of superficial injury"
437273,45547886,NA,NA,"Capsular glaucoma with pseudoexfoliation of lens, left eye","Pseudoexfoliation glaucoma"
440396,45557427,NA,NA,"Glaucoma secondary to eye trauma, right eye","Glaucoma due to ocular trauma"
45757571,45600968,NA,NA,"Blindness, right eye, low vision left eye","Bilateral visual impairment"
4318691,45596098,NA,NA,"Glaucoma secondary to drugs, unspecified eye","Secondary glaucoma"
4318691,45538287,NA,NA,"Glaucoma secondary to drugs, left eye","Secondary glaucoma"
44784606,17464,NA,NA,"Burn of cornea and conjunctival sac, right eye","Burn of cornea and conjunctival sac"
44784606,17480,NA,NA,"Corrosion of cornea and conjunctival sac, left eye","Burn of cornea and conjunctival sac"
373648,10189,NA,NA,"Unspecified superficial injury of right eyelid and periocular area","Superficial injury of eyelid AND/OR periocular area"
373648,10199,NA,NA,"External constriction of left eyelid and periocular area","Superficial injury of eyelid AND/OR periocular area"
373648,45577833,NA,NA,"External constriction of unspecified eyelid and periocular area, subsequent encounter","Superficial injury of eyelid AND/OR periocular area"
375393,10278,NA,NA,"Laceration without foreign body of right eyelid and periocular area","Laceration of skin of eyelid AND periocular area"
375393,10281,NA,NA,"Laceration with foreign body of right eyelid and periocular area","Laceration of skin of eyelid AND periocular area"
381252,1567803,NA,NA,"Benign neoplasm of unspecified part of eye","Benign neoplasm of eye"
381445,10455,NA,NA,"Avulsion of unspecified eye","Avulsion of eye"
381445,10457,NA,NA,"Avulsion of left eye","Avulsion of eye"
4031757,45557062,NA,NA,"Melanocytic nevi of left eyelid, including canthus","Melanocytic nevus of eyelid, including canthus"
4153690,10288,NA,NA,"Puncture wound with foreign body of left eyelid and periocular area","Puncture wound of eye region"
4153690,10289,NA,NA,"Puncture wound with foreign body of unspecified eyelid and periocular area","Puncture wound of eye region"
4164639,1326578,NA,NA,"Blindness, left eye, category 3-5","Blind left eye"
4195813,19683,NA,NA,"Breakdown (mechanical) of prosthetic orbit of left eye","Disorders of prostheses and implants of the eye"
1340204,45600389,NA,NA,"Cataract extraction status, left eye","History of event"
37311952,45605686,NA,NA,"Glaucoma secondary to eye inflammation, right eye","Glaucoma due to eye inflammation"
44791721,785991,NA,NA,"Foreign body sensation, unspecified eye","Foreign body sensation in eye"
45757699,45600969,NA,NA,"Low vision, left eye, normal vision right eye","Low vision left eye, normal vision right eye"
46273347,10449,NA,NA,"Penetrating wound with foreign body of unspecified eyeball","Eyeball wound due to penetrating foreign body"
46273347,10450,NA,NA,"Penetrating wound with foreign body of right eyeball","Eyeball wound due to penetrating foreign body"
376966,37200408,NA,NA,"Exudative age-related macular degeneration, left eye","Exudative age-related macular degeneration"
433909,16612,NA,NA,"Foreign body in other and multiple parts of external eye, unspecified eye","Foreign body on external eye"
433909,16616,NA,NA,"Foreign body on external eye, part unspecified, right eye","Foreign body on external eye"
436398,45547895,NA,NA,"Glaucoma secondary to other eye disorders, left eye","Glaucoma associated with ocular disorder"
4059565,17476,NA,NA,"Corrosion of right eyelid and periocular area","Chemical burn of eyelid region"
4059565,17477,NA,NA,"Corrosion of left eyelid and periocular area","Chemical burn of eyelid region"
4059565,17486,NA,NA,"Corrosions of other specified parts of left eye and adnexa","Chemical burn of eyelid region"
4100425,45586008,NA,NA,"Merkel cell carcinoma of left eyelid, including canthus","Merkel cell carcinoma"
4147020,10207,NA,NA,"Other superficial bite of right eyelid and periocular area","Insect bite of eyelids and periocular area"
4147020,10208,NA,NA,"Other superficial bite of left eyelid and periocular area","Insect bite of eyelids and periocular area"
4164640,1326572,NA,NA,"Blindness, right eye, category 3","Blind right eye"
4164640,1326574,NA,NA,"Blindness, right eye, category 4","Blind right eye"
4164640,1326576,NA,NA,"Blindness, right eye, category 5","Blind right eye"
4338896,37200116,NA,NA,"Drug or chemical induced diabetes mellitus with proliferative diabetic retinopathy with traction retinal detachment involving the macula, unspecified eye","Traction retinal detachment involving macula"
4338901,37200121,NA,NA,"Drug or chemical induced diabetes mellitus with proliferative diabetic retinopathy with traction retinal detachment not involving the macula, unspecified eye","Traction detachment of retina due to diabetes mellitus"
4049310,45576154,NA,NA,"Encounter for fitting and adjustment of artificial eye, unspecified","Ocular prosthetic service"
45757720,1326551,NA,NA,"Blindness right eye category 4, low vision left eye","Blind right eye, low vision left eye"
312622,45543025,NA,NA,"Tributary (branch) retinal vein occlusion, left eye","Venous retinal branch occlusion"
380096,37200116,NA,NA,"Drug or chemical induced diabetes mellitus with proliferative diabetic retinopathy with traction retinal detachment involving the macula, unspecified eye","Proliferative retinopathy due to diabetes mellitus"
380096,37200121,NA,NA,"Drug or chemical induced diabetes mellitus with proliferative diabetic retinopathy with traction retinal detachment not involving the macula, unspecified eye","Proliferative retinopathy due to diabetes mellitus"
380096,37200126,NA,NA,"Drug or chemical induced diabetes mellitus with proliferative diabetic retinopathy with combined traction retinal detachment and rhegmatogenous retinal detachment, unspecified eye","Proliferative retinopathy due to diabetes mellitus"
434590,45605270,NA,NA,"Malignant melanoma of right eyelid, including canthus","Malignant melanoma of skin of eyelid"
441561,45552684,NA,NA,"Low-tension glaucoma, unspecified eye","Low tension glaucoma"
4033836,45542674,NA,NA,"Melanoma in situ of left eyelid, including canthus","Melanoma in situ of eyelid, including canthus"
4108644,10194,NA,NA,"Abrasion of unspecified eyelid and periocular area","Abrasion of eye region"
4149689,10197,NA,NA,"Blister (nonthermal) of unspecified eyelid and periocular area","Traumatic blister of eyelids and periocular area"
4202383,37200116,NA,NA,"Drug or chemical induced diabetes mellitus with proliferative diabetic retinopathy with traction retinal detachment involving the macula, unspecified eye","Drug-induced diabetes mellitus"
4202383,37200121,NA,NA,"Drug or chemical induced diabetes mellitus with proliferative diabetic retinopathy with traction retinal detachment not involving the macula, unspecified eye","Drug-induced diabetes mellitus"
4202383,37200126,NA,NA,"Drug or chemical induced diabetes mellitus with proliferative diabetic retinopathy with combined traction retinal detachment and rhegmatogenous retinal detachment, unspecified eye","Drug-induced diabetes mellitus"
4338897,37200126,NA,NA,"Drug or chemical induced diabetes mellitus with proliferative diabetic retinopathy with combined traction retinal detachment and rhegmatogenous retinal detachment, unspecified eye","Combined traction and rhegmatogenous retinal detachment"
36674185,17467,NA,NA,"Burn with resulting rupture and destruction of right eyeball","Burn of eye proper"
36674185,17481,NA,NA,"Corrosion with resulting rupture and destruction of unspecified eyeball","Burn of eye proper"
36674185,17483,NA,NA,"Corrosion with resulting rupture and destruction of left eyeball","Burn of eye proper"
37206800,10202,NA,NA,"Superficial foreign body of left eyelid and periocular area","Foreign body of eye region"
37206800,10203,NA,NA,"Superficial foreign body of unspecified eyelid and periocular area","Foreign body of eye region"
37206800,10281,NA,NA,"Laceration with foreign body of right eyelid and periocular area","Foreign body of eye region"
37206800,10288,NA,NA,"Puncture wound with foreign body of left eyelid and periocular area","Foreign body of eye region"
37206800,10289,NA,NA,"Puncture wound with foreign body of unspecified eyelid and periocular area","Foreign body of eye region"
43530804,785961,NA,NA,"Inferior oblique muscle entrapment, left eye","Entrapment of extraocular muscle"
43530804,785966,NA,NA,"Inferior rectus muscle entrapment, unspecified eye","Entrapment of extraocular muscle"
43530804,785972,NA,NA,"Medial rectus muscle entrapment, right eye","Entrapment of extraocular muscle"
43530804,785973,NA,NA,"Medial rectus muscle entrapment, left eye","Entrapment of extraocular muscle"
37117649,785977,NA,NA,"Superior oblique muscle entrapment, left eye","Left superior oblique muscle dysfunction"
43530804,785981,NA,NA,"Superior rectus muscle entrapment, left eye","Entrapment of extraocular muscle"
43530804,785986,NA,NA,"Extraocular muscle entrapment, unspecified, unspecified eye","Entrapment of extraocular muscle"
376402,785987,NA,NA,"Low vision, right eye, category 2","Low vision, one eye"
374202,10452,NA,NA,"Penetrating wound without foreign body of unspecified eyeball","Penetrating wound of eye"
374202,10453,NA,NA,"Penetrating wound without foreign body of right eyeball","Penetrating wound of eye"
374226,17471,NA,NA,"Burns of other specified parts of left eye and adnexa","Burn of eye region"
374226,17488,NA,NA,"Corrosion of right eye and adnexa, part unspecified","Burn of eye region"
376402,1326566,NA,NA,"Low vision, right eye, category 1","Low vision, one eye"
433633,45606840,NA,NA,"External constriction of unspecified eyelid and periocular area, sequela","Late effect of superficial injury"
435755,1567516,NA,NA,"Other and unspecified malignant neoplasm of skin of eyelid, including canthus","Primary malignant neoplasm of skin of eyelid"
435755,45561800,NA,NA,"Other specified malignant neoplasm of skin of right eyelid, including canthus","Primary malignant neoplasm of skin of eyelid"
440396,45596091,NA,NA,"Glaucoma secondary to eye trauma, left eye","Glaucoma due to ocular trauma"
441172,45570317,NA,NA,"Burn with resulting rupture and destruction of left eyeball, sequela","Disorder due to and following burn"
441172,45589661,NA,NA,"Corrosion with resulting rupture and destruction of left eyeball, sequela","Disorder due to and following burn"
441172,45589662,NA,NA,"Corrosions of other specified parts of right eye and adnexa, sequela","Disorder due to and following burn"
443545,10205,NA,NA,"Insect bite (nonvenomous) of left eyelid and periocular area","Nonvenomous insect bite"
1075501,37200429,NA,NA,"Primary open-angle glaucoma, left eye","Primary open angle glaucoma of left eye"
36715594,10290,NA,NA,"Open bite of right eyelid and periocular area","Open bite of head"
4318691,45533326,NA,NA,"Glaucoma secondary to drugs, right eye","Secondary glaucoma"
44784606,17479,NA,NA,"Corrosion of cornea and conjunctival sac, right eye","Burn of cornea and conjunctival sac"
313761,45547864,NA,NA,"Central retinal vein occlusion, right eye","Central retinal vein occlusion"
373648,10190,NA,NA,"Unspecified superficial injury of left eyelid and periocular area","Superficial injury of eyelid AND/OR periocular area"
373648,1572315,NA,NA,"Other and unspecified superficial injuries of eyelid and periocular area","Superficial injury of eyelid AND/OR periocular area"
375393,10279,NA,NA,"Laceration without foreign body of left eyelid and periocular area","Laceration of skin of eyelid AND periocular area"
375393,10280,NA,NA,"Laceration without foreign body of unspecified eyelid and periocular area","Laceration of skin of eyelid AND periocular area"
4152163,10290,NA,NA,"Open bite of right eyelid and periocular area","Injury of eye region"
4152163,10459,NA,NA,"Other injuries of left eye and orbit","Injury of eye region"
4152163,10461,NA,NA,"Unspecified injury of unspecified eye and orbit","Injury of eye region"
4152163,10462,NA,NA,"Unspecified injury of right eye and orbit","Injury of eye region"
4153690,10285,NA,NA,"Puncture wound without foreign body of left eyelid and periocular area","Puncture wound of eye region"
4153690,10287,NA,NA,"Puncture wound with foreign body of right eyelid and periocular area","Puncture wound of eye region"
4153690,45563357,NA,NA,"Puncture wound with foreign body of unspecified eyelid and periocular area, subsequent encounter","Puncture wound of eye region"
4195813,19685,NA,NA,"Displacement of prosthetic orbit of right eye","Disorders of prostheses and implants of the eye"
4195813,19686,NA,NA,"Displacement of prosthetic orbit of left eye","Disorders of prostheses and implants of the eye"
1075502,37200423,NA,NA,"Primary open-angle glaucoma, right eye","Primary open angle glaucoma of right eye"
1075502,37200429,NA,NA,"Primary open-angle glaucoma, left eye","Primary open angle glaucoma of right eye"
434231,1574543,NA,NA,"Burn of eye and adnexa, part unspecified","Burn confined to eye and adnexa"
37311952,45543050,NA,NA,"Glaucoma secondary to eye inflammation, left eye","Glaucoma due to eye inflammation"
372479,10443,NA,NA,"Ocular laceration without prolapse or loss of intraocular tissue, unspecified eye","Laceration of eye"
375404,10440,NA,NA,"Ocular laceration and rupture with prolapse or loss of intraocular tissue, unspecified eye","Ocular laceration with prolapse AND/OR exposure of intraocular tissue"
376966,37200403,NA,NA,"Exudative age-related macular degeneration, right eye","Exudative age-related macular degeneration"
433909,16617,NA,NA,"Foreign body on external eye, part unspecified, left eye","Foreign body on external eye"
435993,16609,NA,NA,"Foreign body in conjunctival sac, unspecified eye","Foreign body in conjunctival sac"
435993,16611,NA,NA,"Foreign body in conjunctival sac, left eye","Foreign body in conjunctival sac"
436398,45557429,NA,NA,"Glaucoma secondary to other eye disorders, unspecified eye","Glaucoma associated with ocular disorder"
4100425,45571516,NA,NA,"Merkel cell carcinoma of right eyelid, including canthus","Merkel cell carcinoma"
4147020,10205,NA,NA,"Insect bite (nonvenomous) of left eyelid and periocular area","Insect bite of eyelids and periocular area"
4147020,10209,NA,NA,"Other superficial bite of unspecified eyelid and periocular area","Insect bite of eyelids and periocular area"
4312493,10435,NA,NA,"Injury of conjunctiva and corneal abrasion without foreign body, right eye","Corneal abrasion"
4312493,10436,NA,NA,"Injury of conjunctiva and corneal abrasion without foreign body, left eye","Corneal abrasion"
4049310,45552084,NA,NA,"Encounter for fitting and adjustment of artificial right eye","Ocular prosthetic service"
36712753,16607,NA,NA,"Foreign body in cornea, right eye","Foreign body in right cornea"
432312,45586458,NA,NA,"Chronic angle-closure glaucoma, unspecified eye","Chronic angle-closure glaucoma"
4107672,17462,NA,NA,"Burn of left eyelid and periocular area","Eyelid burn"
4149689,10196,NA,NA,"Blister (nonthermal) of left eyelid and periocular area","Traumatic blister of eyelids and periocular area"
4334734,10446,NA,NA,"Penetrating wound of orbit with or without foreign body, unspecified eye","Penetrating wound of orbit"
4334734,10447,NA,NA,"Penetrating wound of orbit with or without foreign body, right eye","Penetrating wound of orbit"
4335883,45600490,NA,NA,"Basal cell carcinoma of skin of right eyelid, including canthus","Basal cell carcinoma of eyelid"
4335884,1595505,NA,NA,"Sebaceous cell carcinoma of skin of right eyelid, including canthus","Sebaceous adenocarcinoma of eyelid"
4335891,10435,NA,NA,"Injury of conjunctiva and corneal abrasion without foreign body, right eye","Injury of conjunctiva"
4335891,10436,NA,NA,"Injury of conjunctiva and corneal abrasion without foreign body, left eye","Injury of conjunctiva"
4338759,45590891,NA,NA,"Squamous cell carcinoma of skin of right eyelid, including canthus","Squamous cell carcinoma of eyelid"
4338759,45600491,NA,NA,"Squamous cell carcinoma of skin of left eyelid, including canthus","Squamous cell carcinoma of eyelid"
37206800,10287,NA,NA,"Puncture wound with foreign body of right eyelid and periocular area","Foreign body of eye region"
37206800,45563357,NA,NA,"Puncture wound with foreign body of unspecified eyelid and periocular area, subsequent encounter","Foreign body of eye region"
37208308,45590989,NA,NA,"Other benign neoplasm of skin of left eyelid, including canthus","Benign neoplasm of skin of left eyelid"
43530804,785962,NA,NA,"Inferior oblique muscle entrapment, unspecified eye","Entrapment of extraocular muscle"
43530804,785964,NA,NA,"Inferior rectus muscle entrapment, right eye","Entrapment of extraocular muscle"
43530804,785970,NA,NA,"Lateral rectus muscle entrapment, unspecified eye","Entrapment of extraocular muscle"
43530804,785978,NA,NA,"Superior oblique muscle entrapment, unspecified eye","Entrapment of extraocular muscle"
43530804,785980,NA,NA,"Superior rectus muscle entrapment, right eye","Entrapment of extraocular muscle"
43530804,785982,NA,NA,"Superior rectus muscle entrapment, unspecified eye","Entrapment of extraocular muscle"
374202,10454,NA,NA,"Penetrating wound without foreign body of left eyeball","Penetrating wound of eye"
375428,10398,NA,NA,"Injury of optic nerve, left eye","Traumatic optic nerve injury"
433633,45534489,NA,NA,"External constriction of left eyelid and periocular area, sequela","Late effect of superficial injury"
437273,45547885,NA,NA,"Capsular glaucoma with pseudoexfoliation of lens, right eye","Pseudoexfoliation glaucoma"
440396,45547892,NA,NA,"Glaucoma secondary to eye trauma, bilateral","Glaucoma due to ocular trauma"
441172,45555861,NA,NA,"Burn with resulting rupture and destruction of right eyeball, sequela","Disorder due to and following burn"
441172,45580016,NA,NA,"Corrosion with resulting rupture and destruction of right eyeball, sequela","Disorder due to and following burn"
443545,10204,NA,NA,"Insect bite (nonvenomous) of right eyelid and periocular area","Nonvenomous insect bite"
4104563,1568476,NA,NA,"Other and unspecified degenerative disorders of eyelid and periocular area","Degenerative disorders of eyelids and periocular area"
36715594,10291,NA,NA,"Open bite of left eyelid and periocular area","Open bite of head"
36715594,10292,NA,NA,"Open bite of unspecified eyelid and periocular area","Open bite of head"
37168687,785949,NA,NA,"Nonproliferative sickle-cell retinopathy, right eye","Nonproliferative sickle cell retinopathy"
37168687,785950,NA,NA,"Nonproliferative sickle-cell retinopathy, left eye","Nonproliferative sickle cell retinopathy"
4109401,785954,NA,NA,"Proliferative sickle-cell retinopathy, right eye","Proliferative retinopathy due to sickle cell disease"
44784606,17478,NA,NA,"Corrosion of cornea and conjunctival sac, unspecified eye","Burn of cornea and conjunctival sac"
313761,45533299,NA,NA,"Central retinal vein occlusion, unspecified eye","Central retinal vein occlusion"
313761,45605669,NA,NA,"Central retinal vein occlusion, left eye","Central retinal vein occlusion"
373648,10191,NA,NA,"Unspecified superficial injury of unspecified eyelid and periocular area","Superficial injury of eyelid AND/OR periocular area"
373648,10198,NA,NA,"External constriction of right eyelid and periocular area","Superficial injury of eyelid AND/OR periocular area"
375393,10282,NA,NA,"Laceration with foreign body of left eyelid and periocular area","Laceration of skin of eyelid AND periocular area"
4031757,45566672,NA,NA,"Melanocytic nevi of right eyelid, including canthus","Melanocytic nevus of eyelid, including canthus"
4152163,10291,NA,NA,"Open bite of left eyelid and periocular area","Injury of eye region"
4152163,10292,NA,NA,"Open bite of unspecified eyelid and periocular area","Injury of eye region"
4152163,10458,NA,NA,"Other injuries of right eye and orbit","Injury of eye region"
4153690,10284,NA,NA,"Puncture wound without foreign body of right eyelid and periocular area","Puncture wound of eye region"
4153690,10286,NA,NA,"Puncture wound without foreign body of unspecified eyelid and periocular area","Puncture wound of eye region"
1340204,45556884,NA,NA,"Cataract extraction status, unspecified eye","History of event"
37311952,45538283,NA,NA,"Glaucoma secondary to eye inflammation, unspecified eye","Glaucoma due to eye inflammation"
37311952,45552692,NA,NA,"Glaucoma secondary to eye inflammation, bilateral","Glaucoma due to eye inflammation"
44791721,785989,NA,NA,"Foreign body sensation, right eye","Foreign body sensation in eye"
3016335,45597179,NA,NA,"Coma scale, eyes open, never, unspecified time","Glasgow coma score eye opening"
3016335,45592417,NA,NA,"Coma scale, eyes open, to pain, unspecified time","Glasgow coma score eye opening"
3016335,45558465,NA,NA,"Coma scale, eyes open, to sound, unspecified time","Glasgow coma score eye opening"
3016335,45534445,NA,NA,"Coma scale, eyes open, spontaneous, unspecified time","Glasgow coma score eye opening"
45757721,45581709,NA,NA,"Blindness, left eye, normal vision right eye","Blind left eye, normal vision right eye"
45757722,1326557,NA,NA,"Low vision right eye category 1, blindness left eye","Blind left eye, low vision right eye"
46273347,10451,NA,NA,"Penetrating wound with foreign body of left eyeball","Eyeball wound due to penetrating foreign body"
372479,10444,NA,NA,"Ocular laceration without prolapse or loss of intraocular tissue, right eye","Laceration of eye"
372629,37200397,NA,NA,"Nonexudative age-related macular degeneration, unspecified eye","Nonexudative age-related macular degeneration"
375404,10442,NA,NA,"Ocular laceration and rupture with prolapse or loss of intraocular tissue, left eye","Ocular laceration with prolapse AND/OR exposure of intraocular tissue"
376966,37200418,NA,NA,"Exudative age-related macular degeneration, unspecified eye","Exudative age-related macular degeneration"
433909,16613,NA,NA,"Foreign body in other and multiple parts of external eye, right eye","Foreign body on external eye"
433909,1574236,NA,NA,"Foreign body on external eye, part unspecified","Foreign body on external eye"
434883,45590972,NA,NA,"Carcinoma in situ of skin of right eyelid, including canthus","Carcinoma in situ of skin of eyelid including canthus"
435993,16610,NA,NA,"Foreign body in conjunctival sac, right eye","Foreign body in conjunctival sac"
436398,45605688,NA,NA,"Glaucoma secondary to other eye disorders, bilateral","Glaucoma associated with ocular disorder"
4147020,10204,NA,NA,"Insect bite (nonvenomous) of right eyelid and periocular area","Insect bite of eyelids and periocular area"
4164640,1326536,NA,NA,"Blindness right eye, category 3","Blind right eye"
4164640,1326544,NA,NA,"Blindness right eye, category 5","Blind right eye"
4219836,10186,NA,NA,"Contusion of unspecified eyelid and periocular area","Contusion of ocular adnexa and periocular tissues"
4049310,45581032,NA,NA,"Encounter for fitting and adjustment of artificial left eye","Ocular prosthetic service"
37108907,785976,NA,NA,"Superior oblique muscle entrapment, right eye","Right superior oblique muscle dysfunction"
45757720,1326548,NA,NA,"Blindness right eye category 3, low vision left eye","Blind right eye, low vision left eye"
45757720,1326554,NA,NA,"Blindness right eye category 5, low vision left eye","Blind right eye, low vision left eye"
312622,45567038,NA,NA,"Tributary (branch) retinal vein occlusion, right eye","Venous retinal branch occlusion"
381444,10439,NA,NA,"Contusion of eyeball and orbital tissues, left eye","Contusion of eye"
432312,45567056,NA,NA,"Chronic angle-closure glaucoma, right eye","Chronic angle-closure glaucoma"
432768,16606,NA,NA,"Foreign body in cornea, unspecified eye","Corneal foreign body"
434590,45547489,NA,NA,"Malignant melanoma of left eyelid, including canthus","Malignant melanoma of skin of eyelid"
441561,45533313,NA,NA,"Low-tension glaucoma, left eye","Low tension glaucoma"
441712,10275,NA,NA,"Unspecified open wound of right eyelid and periocular area","Open wound of ocular adnexa"
441712,10276,NA,NA,"Unspecified open wound of left eyelid and periocular area","Open wound of ocular adnexa"
441712,10277,NA,NA,"Unspecified open wound of unspecified eyelid and periocular area","Open wound of ocular adnexa"
4033836,45590970,NA,NA,"Melanoma in situ of right eyelid, including canthus","Melanoma in situ of eyelid, including canthus"
4107672,17460,NA,NA,"Burn of unspecified eyelid and periocular area","Eyelid burn"
4107672,17461,NA,NA,"Burn of right eyelid and periocular area","Eyelid burn"
4149689,10195,NA,NA,"Blister (nonthermal) of right eyelid and periocular area","Traumatic blister of eyelids and periocular area"
4335884,1595508,NA,NA,"Sebaceous cell carcinoma of skin of left eyelid, including canthus","Sebaceous adenocarcinoma of eyelid"
36674185,17468,NA,NA,"Burn with resulting rupture and destruction of left eyeball","Burn of eye proper"
36674185,45555866,NA,NA,"Corrosion with resulting rupture and destruction of right eyeball, subsequent encounter","Burn of eye proper"
36674185,45565447,NA,NA,"Corrosion with resulting rupture and destruction of left eyeball, subsequent encounter","Burn of eye proper"
36674185,45604167,NA,NA,"Burn with resulting rupture and destruction of unspecified eyeball, subsequent encounter","Burn of eye proper"
37206800,10282,NA,NA,"Laceration with foreign body of left eyelid and periocular area","Foreign body of eye region"
