"concept_id_1","concept_name.x","total_patient_count","total_event_count","n","concepts","concepts2","percentile_rank","concept_code"
439297,"Nuclear senile cataract",10620919,35321474,3,"48.9%~Age-related nuclear cataract, left eye (H25.12)45596049;5061579 patients | 
48.2%~Age-related nuclear cataract, right eye (H25.11)45600888;5044072 patients | 
3%~Age-related nuclear cataract, unspecified eye (H25.10)45557377;515268 patients","Age-related nuclear cataract, left eye | 
Age-related nuclear cataract, right eye | 
Age-related nuclear cataract, unspecified eye",1,"193589009"
378427,"Tear film insufficiency",12036240,34357725,4,"85.7%~Dry eye syndrome of bilateral lacrimal glands (H04.123)45557293;9931574 patients | 
7.5%~Dry eye syndrome of unspecified lacrimal gland (H04.129)45542948;1029449 patients | 
3.5%~Dry eye syndrome of right lacrimal gland (H04.121)45538179;545011 patients | 
3.4%~Dry eye syndrome of left lacrimal gland (H04.122)45566939;530206 patients","Dry eye syndrome of bilateral lacrimal glands | 
Dry eye syndrome of unspecified lacrimal gland | 
Dry eye syndrome of right lacrimal gland | 
Dry eye syndrome of left lacrimal gland",0.998628257887517,"46152009"
376966,"Exudative age-related macular degeneration",1779195,15736060,15,"37.7%~Exudative age-related macular degeneration, right eye, with active choroidal neovascularization (H35.3211)37200405;471394 patients | 
36.9%~Exudative age-related macular degeneration, left eye, with active choroidal neovascularization (H35.3221)37200410;463746 patients | 
6.6%~Exudative age-related macular degeneration, right eye, with inactive choroidal neovascularization (H35.3212)37200406;199206 patients | 
6.6%~Exudative age-related macular degeneration, left eye, with inactive choroidal neovascularization (H35.3222)37200411;198862 patients | 
3%~Exudative age-related macular degeneration, left eye, with inactive scar (H35.3223)37200412;94673 patients | 
3%~Exudative age-related macular degeneration, right eye, with inactive scar (H35.3213)37200407;93962 patients | 
2.5%~Exudative age-related macular degeneration, right eye, stage unspecified (H35.3210)37200404;99485 patients | 
2.3%~Exudative age-related macular degeneration, left eye, stage unspecified (H35.3220)37200409;88762 patients | 
1.3%~Exudative age-related macular degeneration, unspecified eye, stage unspecified (H35.3290)37200419;63219 patients | 
0%~Exudative age-related macular degeneration, unspecified eye, with active choroidal neovascularization (H35.3291)37200420;2833 patients | 
0%~Exudative age-related macular degeneration, unspecified eye, with inactive choroidal neovascularization (H35.3292)37200421;1625 patients | 
0%~Exudative age-related macular degeneration, unspecified eye, with inactive scar (H35.3293)37200422;1428 patients | 
NA | 
NA | 
NA","Exudative age-related macular degeneration, right eye, with active choroidal neovascularization | 
Exudative age-related macular degeneration, left eye, with active choroidal neovascularization | 
Exudative age-related macular degeneration, right eye, with inactive choroidal neovascularization | 
Exudative age-related macular degeneration, left eye, with inactive choroidal neovascularization | 
Exudative age-related macular degeneration, left eye, with inactive scar | 
Exudative age-related macular degeneration, right eye, with inactive scar | 
Exudative age-related macular degeneration, right eye, stage unspecified | 
Exudative age-related macular degeneration, left eye, stage unspecified | 
Exudative age-related macular degeneration, unspecified eye, stage unspecified | 
Exudative age-related macular degeneration, unspecified eye, with active choroidal neovascularization | 
Exudative age-related macular degeneration, unspecified eye, with inactive choroidal neovascularization | 
Exudative age-related macular degeneration, unspecified eye, with inactive scar | 
Exudative age-related macular degeneration, left eye | 
Exudative age-related macular degeneration, right eye | 
Exudative age-related macular degeneration, unspecified eye",0.997256515775034,"414173003"
376400,"Combined form of senile cataract",4763400,14711205,3,"50%~Combined forms of age-related cataract, left eye (H25.812)45605645;2358295 patients | 
49.2%~Combined forms of age-related cataract, right eye (H25.811)45557378;2333700 patients | 
0.8%~Combined forms of age-related cataract, unspecified eye (H25.819)45557379;71405 patients","Combined forms of age-related cataract, left eye | 
Combined forms of age-related cataract, right eye | 
Combined forms of age-related cataract, unspecified eye",0.995884773662551,"11422002"
35624213,"Secondary cataract",4977842,11286731,3,"49.4%~Other secondary cataract, right eye (H26.491)45567018;2446673 patients | 
48.7%~Other secondary cataract, left eye (H26.492)45547846;2418724 patients | 
1.9%~Other secondary cataract, unspecified eye (H26.499)45581633;112445 patients","Other secondary cataract, right eye | 
Other secondary cataract, left eye | 
Other secondary cataract, unspecified eye",0.994513031550069,"766834007"
379010,"Epiretinal membrane",2818070,9859987,3,"49.8%~Puckering of macula, left eye (H35.372)45538268;1384800 patients | 
48.4%~Puckering of macula, right eye (H35.371)45605675;1345895 patients | 
1.8%~Puckering of macula, unspecified eye (H35.379)45571956;87375 patients","Puckering of macula, left eye | 
Puckering of macula, right eye | 
Puckering of macula, unspecified eye",0.993141289437586,"367649002"
435262,"Primary open angle glaucoma",2465258,9623098,16,"16.5%~Primary open-angle glaucoma, left eye, moderate stage (H40.1122)37200432;395344 patients | 
16.4%~Primary open-angle glaucoma, right eye, mild stage (H40.1111)37200425;410034 patients | 
16%~Primary open-angle glaucoma, right eye, moderate stage (H40.1112)37200426;383372 patients | 
14.5%~Primary open-angle glaucoma, left eye, mild stage (H40.1121)37200431;367758 patients | 
12.9%~Primary open-angle glaucoma, left eye, severe stage (H40.1123)37200433;252782 patients | 
12.5%~Primary open-angle glaucoma, right eye, severe stage (H40.1113)37200427;248567 patients | 
2.4%~Primary open-angle glaucoma, unspecified eye, stage unspecified (H40.1190)37200442;79525 patients | 
1.8%~Primary open-angle glaucoma, right eye, stage unspecified (H40.1110)37200424;81790 patients | 
1.5%~Primary open-angle glaucoma, left eye, indeterminate stage (H40.1124)37200434;46573 patients | 
1.5%~Primary open-angle glaucoma, right eye, indeterminate stage (H40.1114)37200428;47100 patients | 
1.4%~Primary open-angle glaucoma, left eye, stage unspecified (H40.1120)37200430;66107 patients | 
1%~Primary open-angle glaucoma, unspecified eye, moderate stage (H40.1192)37200444;30514 patients | 
0.9%~Primary open-angle glaucoma, unspecified eye, mild stage (H40.1191)37200443;29799 patients | 
0.6%~Primary open-angle glaucoma, unspecified eye, severe stage (H40.1193)37200445;17859 patients | 
0.2%~Primary open-angle glaucoma, unspecified eye, indeterminate stage (H40.1194)37200446;8134 patients | 
NA","Primary open-angle glaucoma, left eye, moderate stage | 
Primary open-angle glaucoma, right eye, mild stage | 
Primary open-angle glaucoma, right eye, moderate stage | 
Primary open-angle glaucoma, left eye, mild stage | 
Primary open-angle glaucoma, left eye, severe stage | 
Primary open-angle glaucoma, right eye, severe stage | 
Primary open-angle glaucoma, unspecified eye, stage unspecified | 
Primary open-angle glaucoma, right eye, stage unspecified | 
Primary open-angle glaucoma, left eye, indeterminate stage | 
Primary open-angle glaucoma, right eye, indeterminate stage | 
Primary open-angle glaucoma, left eye, stage unspecified | 
Primary open-angle glaucoma, unspecified eye, moderate stage | 
Primary open-angle glaucoma, unspecified eye, mild stage | 
Primary open-angle glaucoma, unspecified eye, severe stage | 
Primary open-angle glaucoma, unspecified eye, indeterminate stage | 
Primary open-angle glaucoma, unspecified eye",0.991769547325103,"77075001"
320420,"Vitreous degeneration",3790967,8776361,3,"51.2%~Vitreous degeneration, right eye (H43.811)45600927;1915633 patients | 
45.3%~Vitreous degeneration, left eye (H43.812)45557433;1704406 patients | 
3.5%~Vitreous degeneration, unspecified eye (H43.819)45576756;170928 patients","Vitreous degeneration, right eye | 
Vitreous degeneration, left eye | 
Vitreous degeneration, unspecified eye",0.99039780521262,"60189009"
372629,"Nonexudative age-related macular degeneration",2264237,8210095,18,"23.5%~Nonexudative age-related macular degeneration, left eye, intermediate dry stage (H35.3122)37200388;377125 patients | 
23.4%~Nonexudative age-related macular degeneration, right eye, intermediate dry stage (H35.3112)37200382;377807 patients | 
13.6%~Nonexudative age-related macular degeneration, right eye, early dry stage (H35.3111)37200381;399954 patients | 
12.8%~Nonexudative age-related macular degeneration, left eye, early dry stage (H35.3121)37200387;373978 patients | 
4.1%~Nonexudative age-related macular degeneration, left eye, advanced atrophic with subfoveal involvement (H35.3124)37200390;89134 patients | 
4.1%~Nonexudative age-related macular degeneration, right eye, advanced atrophic with subfoveal involvement (H35.3114)37200384;87897 patients | 
3.9%~Nonexudative age-related macular degeneration, right eye, advanced atrophic without subfoveal involvement (H35.3113)37200383;102390 patients | 
3.8%~Nonexudative age-related macular degeneration, right eye, stage unspecified (H35.3110)37200380;123092 patients | 
3.7%~Nonexudative age-related macular degeneration, left eye, advanced atrophic without subfoveal involvement (H35.3123)37200389;91588 patients | 
3.5%~Nonexudative age-related macular degeneration, unspecified eye, stage unspecified (H35.3190)37200398;125033 patients | 
2.9%~Nonexudative age-related macular degeneration, left eye, stage unspecified (H35.3120)37200386;84020 patients | 
0.4%~Nonexudative age-related macular degeneration, unspecified eye, early dry stage (H35.3191)37200399;18872 patients | 
0.2%~Nonexudative age-related macular degeneration, unspecified eye, intermediate dry stage (H35.3192)37200400;8973 patients | 
0.1%~Nonexudative age-related macular degeneration, unspecified eye, advanced atrophic without subfoveal involvement (H35.3193)37200401;2459 patients | 
0%~Nonexudative age-related macular degeneration, unspecified eye, advanced atrophic with subfoveal involvement (H35.3194)37200402;1915 patients | 
NA | 
NA | 
NA","Nonexudative age-related macular degeneration, left eye, intermediate dry stage | 
Nonexudative age-related macular degeneration, right eye, intermediate dry stage | 
Nonexudative age-related macular degeneration, right eye, early dry stage | 
Nonexudative age-related macular degeneration, left eye, early dry stage | 
Nonexudative age-related macular degeneration, left eye, advanced atrophic with subfoveal involvement | 
Nonexudative age-related macular degeneration, right eye, advanced atrophic with subfoveal involvement | 
Nonexudative age-related macular degeneration, right eye, advanced atrophic without subfoveal involvement | 
Nonexudative age-related macular degeneration, right eye, stage unspecified | 
Nonexudative age-related macular degeneration, left eye, advanced atrophic without subfoveal involvement | 
Nonexudative age-related macular degeneration, unspecified eye, stage unspecified | 
Nonexudative age-related macular degeneration, left eye, stage unspecified | 
Nonexudative age-related macular degeneration, unspecified eye, early dry stage | 
Nonexudative age-related macular degeneration, unspecified eye, intermediate dry stage | 
Nonexudative age-related macular degeneration, unspecified eye, advanced atrophic without subfoveal involvement | 
Nonexudative age-related macular degeneration, unspecified eye, advanced atrophic with subfoveal involvement | 
Nonexudative age-related macular degeneration, right eye | 
Nonexudative age-related macular degeneration, left eye | 
Nonexudative age-related macular degeneration, unspecified eye",0.989026063100137,"414875008"
380706,"Regular astigmatism",4439615,8061320,3,"46%~Regular astigmatism, unspecified eye (H52.229)45552720;1808728 patients | 
27.2%~Regular astigmatism, right eye (H52.221)45557465;1321431 patients | 
26.8%~Regular astigmatism, left eye (H52.222)45562274;1309456 patients","Regular astigmatism, unspecified eye | 
Regular astigmatism, right eye | 
Regular astigmatism, left eye",0.987654320987654,"68905002"
378425,"Blepharitis",2941218,5890960,4,"33.3%~Unspecified blepharitis right upper eyelid (H01.001)45605578;998035 patients | 
24.9%~Unspecified blepharitis unspecified eye, unspecified eyelid (H01.009)45538155;718732 patients | 
21.1%~Unspecified blepharitis right lower eyelid (H01.002)45547774;636106 patients | 
20.7%~Unspecified blepharitis right eye, unspecified eyelid (H01.003)45586331;588345 patients","Unspecified blepharitis right upper eyelid | 
Unspecified blepharitis unspecified eye, unspecified eyelid | 
Unspecified blepharitis right lower eyelid | 
Unspecified blepharitis right eye, unspecified eyelid",0.986282578875171,"41446000"
43530685,"Proliferative retinopathy due to type 2 diabetes mellitus",774395,5306510,18,"31%~Type 2 diabetes mellitus with proliferative diabetic retinopathy with macular edema, right eye (E11.3511)37200222;151714 patients | 
30.4%~Type 2 diabetes mellitus with proliferative diabetic retinopathy with macular edema, left eye (E11.3512)37200223;150080 patients | 
10.5%~Type 2 diabetes mellitus with proliferative diabetic retinopathy without macular edema, right eye (E11.3591)37200246;132170 patients | 
10.2%~Type 2 diabetes mellitus with proliferative diabetic retinopathy without macular edema, left eye (E11.3592)37200247;129632 patients | 
5.1%~Type 2 diabetes mellitus with proliferative diabetic retinopathy without macular edema, unspecified eye (E11.3599)37200249;72394 patients | 
2.3%~Type 2 diabetes mellitus with proliferative diabetic retinopathy with macular edema, unspecified eye (E11.3519)37200225;20621 patients | 
1.9%~Type 2 diabetes mellitus with proliferative diabetic retinopathy with traction retinal detachment involving the macula, left eye (E11.3522)37200228;16223 patients | 
1.8%~Type 2 diabetes mellitus with proliferative diabetic retinopathy with traction retinal detachment involving the macula, right eye (E11.3521)37200227;15316 patients | 
1.5%~Type 2 diabetes mellitus with proliferative diabetic retinopathy with traction retinal detachment not involving the macula, left eye (E11.3532)37200233;14310 patients | 
1.5%~Type 2 diabetes mellitus with stable proliferative diabetic retinopathy, right eye (E11.3551)37200242;22453 patients | 
1.4%~Type 2 diabetes mellitus with proliferative diabetic retinopathy with traction retinal detachment not involving the macula, right eye (E11.3531)37200232;13878 patients | 
1.4%~Type 2 diabetes mellitus with stable proliferative diabetic retinopathy, left eye (E11.3552)37200243;21228 patients | 
0.4%~Type 2 diabetes mellitus with stable proliferative diabetic retinopathy, unspecified eye (E11.3559)37200245;6020 patients | 
0.3%~Type 2 diabetes mellitus with proliferative diabetic retinopathy with combined traction retinal detachment and rhegmatogenous retinal detachment, left eye (E11.3542)37200238;3293 patients | 
0.3%~Type 2 diabetes mellitus with proliferative diabetic retinopathy with combined traction retinal detachment and rhegmatogenous retinal detachment, right eye (E11.3541)37200237;3101 patients | 
0.1%~Type 2 diabetes mellitus with proliferative diabetic retinopathy with traction retinal detachment involving the macula, unspecified eye (E11.3529)37200230;835 patients | 
0.1%~Type 2 diabetes mellitus with proliferative diabetic retinopathy with traction retinal detachment not involving the macula, unspecified eye (E11.3539)37200235;776 patients | 
0%~Type 2 diabetes mellitus with proliferative diabetic retinopathy with combined traction retinal detachment and rhegmatogenous retinal detachment, unspecified eye (E11.3549)37200240;351 patients","Type 2 diabetes mellitus with proliferative diabetic retinopathy with macular edema, right eye | 
Type 2 diabetes mellitus with proliferative diabetic retinopathy with macular edema, left eye | 
Type 2 diabetes mellitus with proliferative diabetic retinopathy without macular edema, right eye | 
Type 2 diabetes mellitus with proliferative diabetic retinopathy without macular edema, left eye | 
Type 2 diabetes mellitus with proliferative diabetic retinopathy without macular edema, unspecified eye | 
Type 2 diabetes mellitus with proliferative diabetic retinopathy with macular edema, unspecified eye | 
Type 2 diabetes mellitus with proliferative diabetic retinopathy with traction retinal detachment involving the macula, left eye | 
Type 2 diabetes mellitus with proliferative diabetic retinopathy with traction retinal detachment involving the macula, right eye | 
Type 2 diabetes mellitus with proliferative diabetic retinopathy with traction retinal detachment not involving the macula, left eye | 
Type 2 diabetes mellitus with stable proliferative diabetic retinopathy, right eye | 
Type 2 diabetes mellitus with proliferative diabetic retinopathy with traction retinal detachment not involving the macula, right eye | 
Type 2 diabetes mellitus with stable proliferative diabetic retinopathy, left eye | 
Type 2 diabetes mellitus with stable proliferative diabetic retinopathy, unspecified eye | 
Type 2 diabetes mellitus with proliferative diabetic retinopathy with combined traction retinal detachment and rhegmatogenous retinal detachment, left eye | 
Type 2 diabetes mellitus with proliferative diabetic retinopathy with combined traction retinal detachment and rhegmatogenous retinal detachment, right eye | 
Type 2 diabetes mellitus with proliferative diabetic retinopathy with traction retinal detachment involving the macula, unspecified eye | 
Type 2 diabetes mellitus with proliferative diabetic retinopathy with traction retinal detachment not involving the macula, unspecified eye | 
Type 2 diabetes mellitus with proliferative diabetic retinopathy with combined traction retinal detachment and rhegmatogenous retinal detachment, unspecified eye",0.984910836762689,"1501000119109"
380097,"Macular edema due to diabetes mellitus",611046,4954930,64,"23.2%~Type 2 diabetes mellitus with moderate nonproliferative diabetic retinopathy with macular edema, right eye (E11.3311)37200206;117994 patients | 
22%~Type 2 diabetes mellitus with moderate nonproliferative diabetic retinopathy with macular edema, left eye (E11.3312)37200207;111753 patients | 
14.5%~Type 2 diabetes mellitus with mild nonproliferative diabetic retinopathy with macular edema, right eye (E11.3211)37200198;96401 patients | 
13.3%~Type 2 diabetes mellitus with mild nonproliferative diabetic retinopathy with macular edema, left eye (E11.3212)37200199;87149 patients | 
5.2%~Type 2 diabetes mellitus with diabetic macular edema, resolved following treatment, right eye (E11.37X1)37200251;36781 patients | 
3%~Type 1 diabetes mellitus with proliferative diabetic retinopathy with macular edema, right eye (E10.3511)37200165;17730 patients | 
3%~Type 2 diabetes mellitus with mild nonproliferative diabetic retinopathy with macular edema, unspecified eye (E11.3219)37200201;25161 patients | 
2.9%~Type 1 diabetes mellitus with proliferative diabetic retinopathy with macular edema, left eye (E10.3512)37200166;16441 patients | 
1.4%~Type 2 diabetes mellitus with moderate nonproliferative diabetic retinopathy with macular edema, unspecified eye (E11.3319)37200209;12075 patients | 
1%~Type 1 diabetes mellitus with moderate nonproliferative diabetic retinopathy with macular edema, right eye (E10.3311)37200149;7754 patients | 
0.9%~Type 1 diabetes mellitus with moderate nonproliferative diabetic retinopathy with macular edema, left eye (E10.3312)37200150;6935 patients | 
0.8%~Type 1 diabetes mellitus with mild nonproliferative diabetic retinopathy with macular edema, right eye (E10.3211)37200141;7081 patients | 
0.7%~Type 1 diabetes mellitus with mild nonproliferative diabetic retinopathy with macular edema, left eye (E10.3212)37200142;6006 patients | 
0.7%~Type 1 diabetes mellitus with severe nonproliferative diabetic retinopathy with macular edema, right eye (E10.3411)37200157;3830 patients | 
0.6%~Type 2 diabetes mellitus with diabetic macular edema, resolved following treatment, left eye (E11.37X2)37200252;4854 patients | 
0.6%~Type 1 diabetes mellitus with severe nonproliferative diabetic retinopathy with macular edema, left eye (E10.3412)37200158;3448 patients | 
0.5%~Diabetes mellitus due to underlying condition with mild nonproliferative diabetic retinopathy with macular edema, right eye (E08.3211)37200027;3735 patients | 
0.5%~Type 2 diabetes mellitus with diabetic macular edema, resolved following treatment, unspecified eye (E11.37X9)37200254;3446 patients | 
0.5%~Type 1 diabetes mellitus with proliferative diabetic retinopathy with macular edema, unspecified eye (E10.3519)37200168;3687 patients | 
0.4%~Diabetes mellitus due to underlying condition with proliferative diabetic retinopathy with macular edema, right eye (E08.3511)37200051;3187 patients | 
0.4%~Diabetes mellitus due to underlying condition with proliferative diabetic retinopathy with macular edema, unspecified eye (E08.3519)37200054;2599 patients | 
0.4%~Type 1 diabetes mellitus with mild nonproliferative diabetic retinopathy with macular edema, unspecified eye (E10.3219)37200144;2874 patients | 
0.4%~Diabetes mellitus due to underlying condition with mild nonproliferative diabetic retinopathy with macular edema, left eye (E08.3212)37200028;2659 patients | 
0.3%~Diabetes mellitus due to underlying condition with mild nonproliferative diabetic retinopathy with macular edema, unspecified eye (E08.3219)37200030;1966 patients | 
0.3%~Diabetes mellitus due to underlying condition with proliferative diabetic retinopathy with macular edema, left eye (E08.3512)37200052;2199 patients | 
0.3%~Diabetes mellitus due to underlying condition with moderate nonproliferative diabetic retinopathy with macular edema, right eye (E08.3311)37200035;1859 patients | 
0.2%~Other specified diabetes mellitus with diabetic macular edema, resolved following treatment, right eye (E13.37X1)37200308;2493 patients | 
0.2%~Diabetes mellitus due to underlying condition with moderate nonproliferative diabetic retinopathy with macular edema, left eye (E08.3312)37200036;1444 patients | 
0.1%~Type 1 diabetes mellitus with moderate nonproliferative diabetic retinopathy with macular edema, unspecified eye (E10.3319)37200152;1359 patients | 
0.1%~Type 1 diabetes mellitus with severe nonproliferative diabetic retinopathy with macular edema, unspecified eye (E10.3419)37200160;706 patients | 
0.1%~Diabetes mellitus due to underlying condition with moderate nonproliferative diabetic retinopathy with macular edema, unspecified eye (E08.3319)37200038;943 patients | 
0.1%~Diabetes mellitus due to underlying condition with severe nonproliferative diabetic retinopathy with macular edema, left eye (E08.3412)37200044;629 patients | 
0.1%~Other specified diabetes mellitus with diabetic macular edema, resolved following treatment, left eye (E13.37X2)37200309;1238 patients | 
0.1%~Other specified diabetes mellitus with proliferative diabetic retinopathy with macular edema, right eye (E13.3511)37200279;1310 patients | 
0.1%~Diabetes mellitus due to underlying condition with severe nonproliferative diabetic retinopathy with macular edema, right eye (E08.3411)37200043;765 patients | 
0.1%~Other specified diabetes mellitus with mild nonproliferative diabetic retinopathy with macular edema, right eye (E13.3211)37200255;1490 patients | 
0.1%~Other specified diabetes mellitus with proliferative diabetic retinopathy with macular edema, left eye (E13.3512)37200280;1225 patients | 
0.1%~Other specified diabetes mellitus with mild nonproliferative diabetic retinopathy with macular edema, left eye (E13.3212)37200256;1260 patients | 
0.1%~Type 1 diabetes mellitus with diabetic macular edema, resolved following treatment, right eye (E10.37X1)37200194;768 patients | 
0.1%~Diabetes mellitus due to underlying condition with diabetic macular edema, resolved following treatment, unspecified eye (E08.37X9)37200083;200 patients | 
0.1%~Other specified diabetes mellitus with moderate nonproliferative diabetic retinopathy with macular edema, left eye (E13.3312)37200264;663 patients | 
0.1%~Other specified diabetes mellitus with moderate nonproliferative diabetic retinopathy with macular edema, right eye (E13.3311)37200263;695 patients | 
0.1%~Other specified diabetes mellitus with mild nonproliferative diabetic retinopathy with macular edema, unspecified eye (E13.3219)37200258;608 patients | 
0.1%~Other specified diabetes mellitus with proliferative diabetic retinopathy with macular edema, unspecified eye (E13.3519)37200282;515 patients | 
0.1%~Type 1 diabetes mellitus with diabetic macular edema, resolved following treatment, left eye (E10.37X2)37200195;467 patients | 
0.1%~Drug or chemical induced diabetes mellitus with mild nonproliferative diabetic retinopathy with macular edema, unspecified eye (E09.3219)37200087;333 patients | 
0%~Other specified diabetes mellitus with moderate nonproliferative diabetic retinopathy with macular edema, unspecified eye (E13.3319)37200266;508 patients | 
0%~Type 1 diabetes mellitus with diabetic macular edema, resolved following treatment, unspecified eye (E10.37X9)37200197;318 patients | 
0%~Other specified diabetes mellitus with diabetic macular edema, resolved following treatment, unspecified eye (E13.37X9)37200311;528 patients | 
0%~Drug or chemical induced diabetes mellitus with proliferative diabetic retinopathy without macular edema, unspecified eye (E09.3599)37200135;140 patients | 
0%~Drug or chemical induced diabetes mellitus with mild nonproliferative diabetic retinopathy with macular edema, right eye (E09.3211)37200084;133 patients | 
0%~Drug or chemical induced diabetes mellitus with proliferative diabetic retinopathy with macular edema, unspecified eye (E09.3519)37200111;67 patients | 
0%~Drug or chemical induced diabetes mellitus with moderate nonproliferative diabetic retinopathy with macular edema, unspecified eye (E09.3319)37200095;76 patients | 
0%~Drug or chemical induced diabetes mellitus with mild nonproliferative diabetic retinopathy without macular edema, right eye (E09.3291)37200088;91 patients | 
0%~Drug or chemical induced diabetes mellitus with mild nonproliferative diabetic retinopathy with macular edema, left eye (E09.3212)37200085;75 patients | 
0%~Drug or chemical induced diabetes mellitus with proliferative diabetic retinopathy with macular edema, left eye (E09.3512)37200109;49 patients | 
0%~Drug or chemical induced diabetes mellitus with moderate nonproliferative diabetic retinopathy with macular edema, right eye (E09.3311)37200092;67 patients | 
0%~Drug or chemical induced diabetes mellitus with proliferative diabetic retinopathy with macular edema, right eye (E09.3511)37200108;37 patients | 
0%~Drug or chemical induced diabetes mellitus with proliferative diabetic retinopathy without macular edema, left eye (E09.3592)37200133;53 patients | 
0%~Drug or chemical induced diabetes mellitus with proliferative diabetic retinopathy without macular edema, right eye (E09.3591)37200132;66 patients | 
0%~Drug or chemical induced diabetes mellitus with moderate nonproliferative diabetic retinopathy with macular edema, left eye (E09.3312)37200093;43 patients | 
0%~Drug or chemical induced diabetes mellitus with diabetic macular edema, resolved following treatment, right eye (E09.37X1)37200137;34 patients | 
0%~Drug or chemical induced diabetes mellitus with diabetic macular edema, resolved following treatment, unspecified eye (E09.37X9)37200140;26 patients | 
0%~Drug or chemical induced diabetes mellitus with diabetic macular edema, resolved following treatment, left eye (E09.37X2)37200138;20 patients","Type 2 diabetes mellitus with moderate nonproliferative diabetic retinopathy with macular edema, right eye | 
Type 2 diabetes mellitus with moderate nonproliferative diabetic retinopathy with macular edema, left eye | 
Type 2 diabetes mellitus with mild nonproliferative diabetic retinopathy with macular edema, right eye | 
Type 2 diabetes mellitus with mild nonproliferative diabetic retinopathy with macular edema, left eye | 
Type 2 diabetes mellitus with diabetic macular edema, resolved following treatment, right eye | 
Type 1 diabetes mellitus with proliferative diabetic retinopathy with macular edema, right eye | 
Type 2 diabetes mellitus with mild nonproliferative diabetic retinopathy with macular edema, unspecified eye | 
Type 1 diabetes mellitus with proliferative diabetic retinopathy with macular edema, left eye | 
Type 2 diabetes mellitus with moderate nonproliferative diabetic retinopathy with macular edema, unspecified eye | 
Type 1 diabetes mellitus with moderate nonproliferative diabetic retinopathy with macular edema, right eye | 
Type 1 diabetes mellitus with moderate nonproliferative diabetic retinopathy with macular edema, left eye | 
Type 1 diabetes mellitus with mild nonproliferative diabetic retinopathy with macular edema, right eye | 
Type 1 diabetes mellitus with mild nonproliferative diabetic retinopathy with macular edema, left eye | 
Type 1 diabetes mellitus with severe nonproliferative diabetic retinopathy with macular edema, right eye | 
Type 2 diabetes mellitus with diabetic macular edema, resolved following treatment, left eye | 
Type 1 diabetes mellitus with severe nonproliferative diabetic retinopathy with macular edema, left eye | 
Diabetes mellitus due to underlying condition with mild nonproliferative diabetic retinopathy with macular edema, right eye | 
Type 2 diabetes mellitus with diabetic macular edema, resolved following treatment, unspecified eye | 
Type 1 diabetes mellitus with proliferative diabetic retinopathy with macular edema, unspecified eye | 
Diabetes mellitus due to underlying condition with proliferative diabetic retinopathy with macular edema, right eye | 
Diabetes mellitus due to underlying condition with proliferative diabetic retinopathy with macular edema, unspecified eye | 
Type 1 diabetes mellitus with mild nonproliferative diabetic retinopathy with macular edema, unspecified eye | 
Diabetes mellitus due to underlying condition with mild nonproliferative diabetic retinopathy with macular edema, left eye | 
Diabetes mellitus due to underlying condition with mild nonproliferative diabetic retinopathy with macular edema, unspecified eye | 
Diabetes mellitus due to underlying condition with proliferative diabetic retinopathy with macular edema, left eye | 
Diabetes mellitus due to underlying condition with moderate nonproliferative diabetic retinopathy with macular edema, right eye | 
Other specified diabetes mellitus with diabetic macular edema, resolved following treatment, right eye | 
Diabetes mellitus due to underlying condition with moderate nonproliferative diabetic retinopathy with macular edema, left eye | 
Type 1 diabetes mellitus with moderate nonproliferative diabetic retinopathy with macular edema, unspecified eye | 
Type 1 diabetes mellitus with severe nonproliferative diabetic retinopathy with macular edema, unspecified eye | 
Diabetes mellitus due to underlying condition with moderate nonproliferative diabetic retinopathy with macular edema, unspecified eye | 
Diabetes mellitus due to underlying condition with severe nonproliferative diabetic retinopathy with macular edema, left eye | 
Other specified diabetes mellitus with diabetic macular edema, resolved following treatment, left eye | 
Other specified diabetes mellitus with proliferative diabetic retinopathy with macular edema, right eye | 
Diabetes mellitus due to underlying condition with severe nonproliferative diabetic retinopathy with macular edema, right eye | 
Other specified diabetes mellitus with mild nonproliferative diabetic retinopathy with macular edema, right eye | 
Other specified diabetes mellitus with proliferative diabetic retinopathy with macular edema, left eye | 
Other specified diabetes mellitus with mild nonproliferative diabetic retinopathy with macular edema, left eye | 
Type 1 diabetes mellitus with diabetic macular edema, resolved following treatment, right eye | 
Diabetes mellitus due to underlying condition with diabetic macular edema, resolved following treatment, unspecified eye | 
Other specified diabetes mellitus with moderate nonproliferative diabetic retinopathy with macular edema, left eye | 
Other specified diabetes mellitus with moderate nonproliferative diabetic retinopathy with macular edema, right eye | 
Other specified diabetes mellitus with mild nonproliferative diabetic retinopathy with macular edema, unspecified eye | 
Other specified diabetes mellitus with proliferative diabetic retinopathy with macular edema, unspecified eye | 
Type 1 diabetes mellitus with diabetic macular edema, resolved following treatment, left eye | 
Drug or chemical induced diabetes mellitus with mild nonproliferative diabetic retinopathy with macular edema, unspecified eye | 
Other specified diabetes mellitus with moderate nonproliferative diabetic retinopathy with macular edema, unspecified eye | 
Type 1 diabetes mellitus with diabetic macular edema, resolved following treatment, unspecified eye | 
Other specified diabetes mellitus with diabetic macular edema, resolved following treatment, unspecified eye | 
Drug or chemical induced diabetes mellitus with proliferative diabetic retinopathy without macular edema, unspecified eye | 
Drug or chemical induced diabetes mellitus with mild nonproliferative diabetic retinopathy with macular edema, right eye | 
Drug or chemical induced diabetes mellitus with proliferative diabetic retinopathy with macular edema, unspecified eye | 
Drug or chemical induced diabetes mellitus with moderate nonproliferative diabetic retinopathy with macular edema, unspecified eye | 
Drug or chemical induced diabetes mellitus with mild nonproliferative diabetic retinopathy without macular edema, right eye | 
Drug or chemical induced diabetes mellitus with mild nonproliferative diabetic retinopathy with macular edema, left eye | 
Drug or chemical induced diabetes mellitus with proliferative diabetic retinopathy with macular edema, left eye | 
Drug or chemical induced diabetes mellitus with moderate nonproliferative diabetic retinopathy with macular edema, right eye | 
Drug or chemical induced diabetes mellitus with proliferative diabetic retinopathy with macular edema, right eye | 
Drug or chemical induced diabetes mellitus with proliferative diabetic retinopathy without macular edema, left eye | 
Drug or chemical induced diabetes mellitus with proliferative diabetic retinopathy without macular edema, right eye | 
Drug or chemical induced diabetes mellitus with moderate nonproliferative diabetic retinopathy with macular edema, left eye | 
Drug or chemical induced diabetes mellitus with diabetic macular edema, resolved following treatment, right eye | 
Drug or chemical induced diabetes mellitus with diabetic macular edema, resolved following treatment, unspecified eye | 
Drug or chemical induced diabetes mellitus with diabetic macular edema, resolved following treatment, left eye",0.983539094650206,"312912001"
201826,"Type 2 diabetes mellitus",1357333,4674066,15,"15.9%~Type 2 diabetes mellitus with mild nonproliferative diabetic retinopathy without macular edema, unspecified eye (E11.3299)37200205;191248 patients | 
15.6%~Type 2 diabetes mellitus with mild nonproliferative diabetic retinopathy without macular edema, right eye (E11.3291)37200202;273764 patients | 
14.2%~Type 2 diabetes mellitus with mild nonproliferative diabetic retinopathy without macular edema, left eye (E11.3292)37200203;253237 patients | 
12%~Type 2 diabetes mellitus with proliferative diabetic retinopathy without macular edema, right eye (E11.3591)37200246;132170 patients | 
11.6%~Type 2 diabetes mellitus with proliferative diabetic retinopathy without macular edema, left eye (E11.3592)37200247;129632 patients | 
6.5%~Type 2 diabetes mellitus with moderate nonproliferative diabetic retinopathy without macular edema, right eye (E11.3391)37200210;93662 patients | 
6%~Type 2 diabetes mellitus with moderate nonproliferative diabetic retinopathy without macular edema, left eye (E11.3392)37200211;88364 patients | 
5.8%~Type 2 diabetes mellitus with proliferative diabetic retinopathy without macular edema, unspecified eye (E11.3599)37200249;72394 patients | 
5.5%~Type 2 diabetes mellitus with diabetic macular edema, resolved following treatment, right eye (E11.37X1)37200251;36781 patients | 
2.1%~Type 2 diabetes mellitus with moderate nonproliferative diabetic retinopathy without macular edema, unspecified eye (E11.3399)37200213;28080 patients | 
1.7%~Type 2 diabetes mellitus with stable proliferative diabetic retinopathy, right eye (E11.3551)37200242;22453 patients | 
1.6%~Type 2 diabetes mellitus with stable proliferative diabetic retinopathy, left eye (E11.3552)37200243;21228 patients | 
0.7%~Type 2 diabetes mellitus with diabetic macular edema, resolved following treatment, left eye (E11.37X2)37200252;4854 patients | 
0.5%~Type 2 diabetes mellitus with diabetic macular edema, resolved following treatment, unspecified eye (E11.37X9)37200254;3446 patients | 
0.5%~Type 2 diabetes mellitus with stable proliferative diabetic retinopathy, unspecified eye (E11.3559)37200245;6020 patients","Type 2 diabetes mellitus with mild nonproliferative diabetic retinopathy without macular edema, unspecified eye | 
Type 2 diabetes mellitus with mild nonproliferative diabetic retinopathy without macular edema, right eye | 
Type 2 diabetes mellitus with mild nonproliferative diabetic retinopathy without macular edema, left eye | 
Type 2 diabetes mellitus with proliferative diabetic retinopathy without macular edema, right eye | 
Type 2 diabetes mellitus with proliferative diabetic retinopathy without macular edema, left eye | 
Type 2 diabetes mellitus with moderate nonproliferative diabetic retinopathy without macular edema, right eye | 
Type 2 diabetes mellitus with moderate nonproliferative diabetic retinopathy without macular edema, left eye | 
Type 2 diabetes mellitus with proliferative diabetic retinopathy without macular edema, unspecified eye | 
Type 2 diabetes mellitus with diabetic macular edema, resolved following treatment, right eye | 
Type 2 diabetes mellitus with moderate nonproliferative diabetic retinopathy without macular edema, unspecified eye | 
Type 2 diabetes mellitus with stable proliferative diabetic retinopathy, right eye | 
Type 2 diabetes mellitus with stable proliferative diabetic retinopathy, left eye | 
Type 2 diabetes mellitus with diabetic macular edema, resolved following treatment, left eye | 
Type 2 diabetes mellitus with diabetic macular edema, resolved following treatment, unspecified eye | 
Type 2 diabetes mellitus with stable proliferative diabetic retinopathy, unspecified eye",0.982167352537723,"44054006"
379805,"Myopia",2759494,4624064,3,"38.2%~Myopia, right eye (H52.11)45567094;1067788 patients | 
33.8%~Myopia, left eye (H52.12)45586506;964730 patients | 
28%~Myopia, unspecified eye (H52.10)45567093;726976 patients","Myopia, right eye | 
Myopia, left eye | 
Myopia, unspecified eye",0.98079561042524,"57190000"
376707,"Acute conjunctivitis",3309576,4611461,6,"40.4%~Unspecified acute conjunctivitis, left eye (H10.32)45591248;1345678 patients | 
40.1%~Unspecified acute conjunctivitis, right eye (H10.31)45552586;1337630 patients | 
16.2%~Unspecified acute conjunctivitis, unspecified eye (H10.30)45533217;554693 patients | 
1.5%~Acute toxic conjunctivitis, left eye (H10.212)45596009;31298 patients | 
1.5%~Acute toxic conjunctivitis, right eye (H10.211)45552585;31603 patients | 
0.3%~Acute toxic conjunctivitis, unspecified eye (H10.219)45586363;8674 patients","Unspecified acute conjunctivitis, left eye | 
Unspecified acute conjunctivitis, right eye | 
Unspecified acute conjunctivitis, unspecified eye | 
Acute toxic conjunctivitis, left eye | 
Acute toxic conjunctivitis, right eye | 
Acute toxic conjunctivitis, unspecified eye",0.979423868312757,"53726008"
4312493,"Corneal abrasion",1889441,4537691,9,"39%~Injury of conjunctiva and corneal abrasion without foreign body, right eye, initial encounter (S05.01XA)45539436;752854 patients | 
38.8%~Injury of conjunctiva and corneal abrasion without foreign body, left eye, initial encounter (S05.02XA)45553828;744431 patients | 
7.9%~Injury of conjunctiva and corneal abrasion without foreign body, left eye, subsequent encounter (S05.02XD)45582799;122533 patients | 
7.9%~Injury of conjunctiva and corneal abrasion without foreign body, right eye, subsequent encounter (S05.01XD)45553827;122940 patients | 
5.6%~Injury of conjunctiva and corneal abrasion without foreign body, unspecified eye, initial encounter (S05.00XA)45539435;132439 patients | 
0.8%~Injury of conjunctiva and corneal abrasion without foreign body, unspecified eye, subsequent encounter (S05.00XD)45592496;14244 patients | 
NA | 
NA | 
NA","Injury of conjunctiva and corneal abrasion without foreign body, right eye, initial encounter | 
Injury of conjunctiva and corneal abrasion without foreign body, left eye, initial encounter | 
Injury of conjunctiva and corneal abrasion without foreign body, left eye, subsequent encounter | 
Injury of conjunctiva and corneal abrasion without foreign body, right eye, subsequent encounter | 
Injury of conjunctiva and corneal abrasion without foreign body, unspecified eye, initial encounter | 
Injury of conjunctiva and corneal abrasion without foreign body, unspecified eye, subsequent encounter | 
Injury of conjunctiva and corneal abrasion without foreign body, unspecified eye | 
Injury of conjunctiva and corneal abrasion without foreign body, right eye | 
Injury of conjunctiva and corneal abrasion without foreign body, left eye",0.976680384087791,"85848002"
4335891,"Injury of conjunctiva",1889441,4537691,9,"39%~Injury of conjunctiva and corneal abrasion without foreign body, right eye, initial encounter (S05.01XA)45539436;752854 patients | 
38.8%~Injury of conjunctiva and corneal abrasion without foreign body, left eye, initial encounter (S05.02XA)45553828;744431 patients | 
7.9%~Injury of conjunctiva and corneal abrasion without foreign body, left eye, subsequent encounter (S05.02XD)45582799;122533 patients | 
7.9%~Injury of conjunctiva and corneal abrasion without foreign body, right eye, subsequent encounter (S05.01XD)45553827;122940 patients | 
5.6%~Injury of conjunctiva and corneal abrasion without foreign body, unspecified eye, initial encounter (S05.00XA)45539435;132439 patients | 
0.8%~Injury of conjunctiva and corneal abrasion without foreign body, unspecified eye, subsequent encounter (S05.00XD)45592496;14244 patients | 
NA | 
NA | 
NA","Injury of conjunctiva and corneal abrasion without foreign body, right eye, initial encounter | 
Injury of conjunctiva and corneal abrasion without foreign body, left eye, initial encounter | 
Injury of conjunctiva and corneal abrasion without foreign body, left eye, subsequent encounter | 
Injury of conjunctiva and corneal abrasion without foreign body, right eye, subsequent encounter | 
Injury of conjunctiva and corneal abrasion without foreign body, unspecified eye, initial encounter | 
Injury of conjunctiva and corneal abrasion without foreign body, unspecified eye, subsequent encounter | 
Injury of conjunctiva and corneal abrasion without foreign body, unspecified eye | 
Injury of conjunctiva and corneal abrasion without foreign body, right eye | 
Injury of conjunctiva and corneal abrasion without foreign body, left eye",0.976680384087791,"231863008"
376415,"Hypermetropia",2353811,3806272,3,"42.4%~Hypermetropia, right eye (H52.01)45600958;994045 patients | 
38.8%~Hypermetropia, left eye (H52.02)45591388;918689 patients | 
18.9%~Hypermetropia, unspecified eye (H52.00)45596129;441077 patients","Hypermetropia, right eye | 
Hypermetropia, left eye | 
Hypermetropia, unspecified eye",0.972565157750343,"38101003"
432895,"Cortical senile cataract",1755184,3789521,3,"48.3%~Cortical age-related cataract, left eye (H25.012)45552638;839088 patients | 
47.5%~Cortical age-related cataract, right eye (H25.011)45591297;829803 patients | 
4.2%~Cortical age-related cataract, unspecified eye (H25.019)45567013;86293 patients","Cortical age-related cataract, left eye | 
Cortical age-related cataract, right eye | 
Cortical age-related cataract, unspecified eye",0.97119341563786,"78875003"
45757435,"Mild nonproliferative retinopathy due to type 2 diabetes mellitus",926960,3655711,6,"20.3%~Type 2 diabetes mellitus with mild nonproliferative diabetic retinopathy without macular edema, unspecified eye (E11.3299)37200205;191248 patients | 
20%~Type 2 diabetes mellitus with mild nonproliferative diabetic retinopathy without macular edema, right eye (E11.3291)37200202;273764 patients | 
19.6%~Type 2 diabetes mellitus with mild nonproliferative diabetic retinopathy with macular edema, right eye (E11.3211)37200198;96401 patients | 
18.1%~Type 2 diabetes mellitus with mild nonproliferative diabetic retinopathy without macular edema, left eye (E11.3292)37200203;253237 patients | 
18%~Type 2 diabetes mellitus with mild nonproliferative diabetic retinopathy with macular edema, left eye (E11.3212)37200199;87149 patients | 
4%~Type 2 diabetes mellitus with mild nonproliferative diabetic retinopathy with macular edema, unspecified eye (E11.3219)37200201;25161 patients","Type 2 diabetes mellitus with mild nonproliferative diabetic retinopathy without macular edema, unspecified eye | 
Type 2 diabetes mellitus with mild nonproliferative diabetic retinopathy without macular edema, right eye | 
Type 2 diabetes mellitus with mild nonproliferative diabetic retinopathy with macular edema, right eye | 
Type 2 diabetes mellitus with mild nonproliferative diabetic retinopathy without macular edema, left eye | 
Type 2 diabetes mellitus with mild nonproliferative diabetic retinopathy with macular edema, left eye | 
Type 2 diabetes mellitus with mild nonproliferative diabetic retinopathy with macular edema, unspecified eye",0.969821673525377,"138911000119106"
378424,"Astigmatism",1780984,3480478,3,"66.2%~Unspecified astigmatism, unspecified eye (H52.209)45562273;987956 patients | 
17.4%~Unspecified astigmatism, right eye (H52.201)45562271;406693 patients | 
16.4%~Unspecified astigmatism, left eye (H52.202)45562272;386335 patients","Unspecified astigmatism, unspecified eye | 
Unspecified astigmatism, right eye | 
Unspecified astigmatism, left eye",0.967078189300412,"82649003"
45770830,"Macular edema and retinopathy due to type 2 diabetes mellitus",322415,3378283,3,"48.7%~Type 2 diabetes mellitus with proliferative diabetic retinopathy with macular edema, right eye (E11.3511)37200222;151714 patients | 
47.7%~Type 2 diabetes mellitus with proliferative diabetic retinopathy with macular edema, left eye (E11.3512)37200223;150080 patients | 
3.6%~Type 2 diabetes mellitus with proliferative diabetic retinopathy with macular edema, unspecified eye (E11.3519)37200225;20621 patients","Type 2 diabetes mellitus with proliferative diabetic retinopathy with macular edema, right eye | 
Type 2 diabetes mellitus with proliferative diabetic retinopathy with macular edema, left eye | 
Type 2 diabetes mellitus with proliferative diabetic retinopathy with macular edema, unspecified eye",0.965706447187929,"97331000119101"
316127,"Vitreous opacities",1608951,3139691,6,"42.2%~Other vitreous opacities, right eye (H43.391)45547902;667591 patients | 
39.8%~Other vitreous opacities, left eye (H43.392)45571986;623564 patients | 
9.3%~Other vitreous opacities, unspecified eye (H43.399)45591360;170465 patients | 
4.3%~Vitreous membranes and strands, right eye (H43.311)45576755;72172 patients | 
4%~Vitreous membranes and strands, left eye (H43.312)45547901;67036 patients | 
0.4%~Vitreous membranes and strands, unspecified eye (H43.319)45571985;8123 patients","Other vitreous opacities, right eye | 
Other vitreous opacities, left eye | 
Other vitreous opacities, unspecified eye | 
Vitreous membranes and strands, right eye | 
Vitreous membranes and strands, left eye | 
Vitreous membranes and strands, unspecified eye",0.964334705075446,"422061002"
45770881,"Moderate nonproliferative retinopathy due to type 2 diabetes mellitus",451928,2995551,6,"38.4%~Type 2 diabetes mellitus with moderate nonproliferative diabetic retinopathy with macular edema, right eye (E11.3311)37200206;117994 patients | 
36.4%~Type 2 diabetes mellitus with moderate nonproliferative diabetic retinopathy with macular edema, left eye (E11.3312)37200207;111753 patients | 
10.1%~Type 2 diabetes mellitus with moderate nonproliferative diabetic retinopathy without macular edema, right eye (E11.3391)37200210;93662 patients | 
9.4%~Type 2 diabetes mellitus with moderate nonproliferative diabetic retinopathy without macular edema, left eye (E11.3392)37200211;88364 patients | 
3.2%~Type 2 diabetes mellitus with moderate nonproliferative diabetic retinopathy without macular edema, unspecified eye (E11.3399)37200213;28080 patients | 
2.4%~Type 2 diabetes mellitus with moderate nonproliferative diabetic retinopathy with macular edema, unspecified eye (E11.3319)37200209;12075 patients","Type 2 diabetes mellitus with moderate nonproliferative diabetic retinopathy with macular edema, right eye | 
Type 2 diabetes mellitus with moderate nonproliferative diabetic retinopathy with macular edema, left eye | 
Type 2 diabetes mellitus with moderate nonproliferative diabetic retinopathy without macular edema, right eye | 
Type 2 diabetes mellitus with moderate nonproliferative diabetic retinopathy without macular edema, left eye | 
Type 2 diabetes mellitus with moderate nonproliferative diabetic retinopathy without macular edema, unspecified eye | 
Type 2 diabetes mellitus with moderate nonproliferative diabetic retinopathy with macular edema, unspecified eye",0.962962962962963,"138921000119104"
379031,"Pain in eye",1719294,2820023,3,"45.4%~Ocular pain, left eye (H57.12)45567104;765320 patients | 
43.4%~Ocular pain, right eye (H57.11)45543091;739262 patients | 
11.2%~Ocular pain, unspecified eye (H57.10)45543090;214712 patients","Ocular pain, left eye | 
Ocular pain, right eye | 
Ocular pain, unspecified eye",0.96159122085048,"41652007"
374044,"Ptosis of eyelid",1158622,2737910,4,"51.5%~Unspecified ptosis of bilateral eyelids (H02.403)45595982;567346 patients | 
20.6%~Unspecified ptosis of left eyelid (H02.402)45533189;241370 patients | 
18.7%~Unspecified ptosis of right eyelid (H02.401)45533188;220965 patients | 
9.1%~Unspecified ptosis of unspecified eyelid (H02.409)45571858;128941 patients","Unspecified ptosis of bilateral eyelids | 
Unspecified ptosis of left eyelid | 
Unspecified ptosis of right eyelid | 
Unspecified ptosis of unspecified eyelid",0.960219478737997,"11934000"
315276,"Vitreous hemorrhage",559194,2599681,3,"49.8%~Vitreous hemorrhage, left eye (H43.12)45600926;271527 patients | 
48.5%~Vitreous hemorrhage, right eye (H43.11)45596103;267083 patients | 
1.7%~Vitreous hemorrhage, unspecified eye (H43.10)45581676;20584 patients","Vitreous hemorrhage, left eye | 
Vitreous hemorrhage, right eye | 
Vitreous hemorrhage, unspecified eye",0.958847736625514,"31341008"
37164927,"Seborrheic blepharitis of upper eyelid",1274963,2496499,2,"57.1%~Squamous blepharitis right upper eyelid (H01.021)45571845;714980 patients | 
42.9%~Squamous blepharitis left upper eyelid (H01.024)45557267;559983 patients","Squamous blepharitis right upper eyelid | 
Squamous blepharitis left upper eyelid",0.957475994513032,"1236998004"
4246581,"Malposition of eyelashes",900117,2424022,7,"25.7%~Trichiasis without entropion right lower eyelid (H02.052)45562123;223504 patients | 
25.2%~Trichiasis without entropion left lower eyelid (H02.055)45533183;218032 patients | 
18.5%~Trichiasis without entropion right upper eyelid (H02.051)45552561;169513 patients | 
17%~Trichiasis without entropion left upper eyelid (H02.054)45562124;155000 patients | 
5.4%~Trichiasis without entropion unspecified eye, unspecified eyelid (H02.059)45586337;52763 patients | 
4.5%~Trichiasis without entropion right eye, unspecified eyelid (H02.053)45591220;44330 patients | 
3.8%~Trichiasis without entropion left eye, unspecified eyelid (H02.056)45557275;36975 patients","Trichiasis without entropion right lower eyelid | 
Trichiasis without entropion left lower eyelid | 
Trichiasis without entropion right upper eyelid | 
Trichiasis without entropion left upper eyelid | 
Trichiasis without entropion unspecified eye, unspecified eyelid | 
Trichiasis without entropion right eye, unspecified eyelid | 
Trichiasis without entropion left eye, unspecified eyelid",0.956104252400549,"60332004"
378756,"Conjunctival hemorrhage",1580898,2407592,3,"47.8%~Conjunctival hemorrhage, left eye (H11.32)45552592;751732 patients | 
46.5%~Conjunctival hemorrhage, right eye (H11.31)45552591;733110 patients | 
5.6%~Conjunctival hemorrhage, unspecified eye (H11.30)45600855;96056 patients","Conjunctival hemorrhage, left eye | 
Conjunctival hemorrhage, right eye | 
Conjunctival hemorrhage, unspecified eye",0.954732510288066,"21117005"
375393,"Laceration of skin of eyelid AND periocular area",1254083,2398999,18,"46.5%~Laceration without foreign body of left eyelid and periocular area, initial encounter (S01.112A)45553785;565261 patients | 
43.2%~Laceration without foreign body of right eyelid and periocular area, initial encounter (S01.111A)45544192;527958 patients | 
3.4%~Laceration without foreign body of left eyelid and periocular area, subsequent encounter (S01.112D)45582759;56018 patients | 
3.2%~Laceration without foreign body of right eyelid and periocular area, subsequent encounter (S01.111D)45602058;52502 patients | 
2%~Laceration without foreign body of unspecified eyelid and periocular area, initial encounter (S01.119A)45558522;32192 patients | 
0.6%~Laceration with foreign body of right eyelid and periocular area, initial encounter (S01.121A)45563356;7544 patients | 
0.6%~Laceration with foreign body of left eyelid and periocular area, initial encounter (S01.122A)45553786;6685 patients | 
0.2%~Laceration without foreign body of unspecified eyelid and periocular area, subsequent encounter (S01.119D)45563355;3149 patients | 
0.1%~Laceration with foreign body of unspecified eyelid and periocular area, initial encounter (S01.129A)45539400;1057 patients | 
0.1%~Laceration with foreign body of right eyelid and periocular area, subsequent encounter (S01.121D)45606853;831 patients | 
0.1%~Laceration with foreign body of left eyelid and periocular area, subsequent encounter (S01.122D)45544193;807 patients | 
0%~Laceration with foreign body of unspecified eyelid and periocular area, subsequent encounter (S01.129D)45539401;79 patients | 
NA | 
NA | 
NA | 
NA | 
NA | 
NA","Laceration without foreign body of left eyelid and periocular area, initial encounter | 
Laceration without foreign body of right eyelid and periocular area, initial encounter | 
Laceration without foreign body of left eyelid and periocular area, subsequent encounter | 
Laceration without foreign body of right eyelid and periocular area, subsequent encounter | 
Laceration without foreign body of unspecified eyelid and periocular area, initial encounter | 
Laceration with foreign body of right eyelid and periocular area, initial encounter | 
Laceration with foreign body of left eyelid and periocular area, initial encounter | 
Laceration without foreign body of unspecified eyelid and periocular area, subsequent encounter | 
Laceration with foreign body of unspecified eyelid and periocular area, initial encounter | 
Laceration with foreign body of right eyelid and periocular area, subsequent encounter | 
Laceration with foreign body of left eyelid and periocular area, subsequent encounter | 
Laceration with foreign body of unspecified eyelid and periocular area, subsequent encounter | 
Laceration with foreign body of unspecified eyelid and periocular area | 
Laceration without foreign body of right eyelid and periocular area | 
Laceration with foreign body of right eyelid and periocular area | 
Laceration without foreign body of left eyelid and periocular area | 
Laceration without foreign body of unspecified eyelid and periocular area | 
Laceration with foreign body of left eyelid and periocular area",0.953360768175583,"14997005"
4030035,"Macular retinal cyst",554000,2392234,3,"49.2%~Macular cyst, hole, or pseudohole, right eye (H35.341)45557405;265320 patients | 
48.7%~Macular cyst, hole, or pseudohole, left eye (H35.342)45557406;263743 patients | 
2.2%~Macular cyst, hole, or pseudohole, unspecified eye (H35.349)45538266;24937 patients","Macular cyst, hole, or pseudohole, right eye | 
Macular cyst, hole, or pseudohole, left eye | 
Macular cyst, hole, or pseudohole, unspecified eye",0.9519890260631,"1079004"
376115,"Cystoid macular retinal degeneration",455746,2122616,3,"48.3%~Cystoid macular degeneration, right eye (H35.351)45538267;215883 patients | 
47.5%~Cystoid macular degeneration, left eye (H35.352)45533308;213858 patients | 
4.2%~Cystoid macular degeneration, unspecified eye (H35.359)45533309;26005 patients","Cystoid macular degeneration, right eye | 
Cystoid macular degeneration, left eye | 
Cystoid macular degeneration, unspecified eye",0.950617283950617,"14046000"
604749,"Open angle glaucoma suspect",825841,2081731,6,"27.6%~Open angle with borderline findings, low risk, right eye (H40.011)45562235;228752 patients | 
25.7%~Open angle with borderline findings, low risk, left eye (H40.012)45557409;212171 patients | 
19%~Open angle with borderline findings, low risk, unspecified eye (H40.019)45557410;174081 patients | 
12.6%~Open angle with borderline findings, high risk, right eye (H40.021)45581657;92688 patients | 
12.4%~Open angle with borderline findings, high risk, left eye (H40.022)45557411;91898 patients | 
2.7%~Open angle with borderline findings, high risk, unspecified eye (H40.029)45543041;26251 patients","Open angle with borderline findings, low risk, right eye | 
Open angle with borderline findings, low risk, left eye | 
Open angle with borderline findings, low risk, unspecified eye | 
Open angle with borderline findings, high risk, right eye | 
Open angle with borderline findings, high risk, left eye | 
Open angle with borderline findings, high risk, unspecified eye",0.949245541838134,"1003614009"
4339013,"Branch retinal vein occlusion with macular edema",204489,1990530,3,"51.1%~Tributary (branch) retinal vein occlusion, right eye, with macular edema (H34.8310)37200367;103284 patients | 
48.7%~Tributary (branch) retinal vein occlusion, left eye, with macular edema (H34.8320)37200370;98801 patients | 
0.3%~Tributary (branch) retinal vein occlusion, unspecified eye, with macular edema (H34.8390)37200376;2404 patients","Tributary (branch) retinal vein occlusion, right eye, with macular edema | 
Tributary (branch) retinal vein occlusion, left eye, with macular edema | 
Tributary (branch) retinal vein occlusion, unspecified eye, with macular edema",0.947873799725652,"232048009"
438749,"Posterior subcapsular polar senile cataract",877632,1936036,3,"49.9%~Posterior subcapsular polar age-related cataract, right eye (H25.041)45538241;435606 patients | 
47.8%~Posterior subcapsular polar age-related cataract, left eye (H25.042)45547840;415780 patients | 
2.3%~Posterior subcapsular polar age-related cataract, unspecified eye (H25.049)45581626;26246 patients","Posterior subcapsular polar age-related cataract, right eye | 
Posterior subcapsular polar age-related cataract, left eye | 
Posterior subcapsular polar age-related cataract, unspecified eye",0.946502057613169,"5318001"
374025,"Retinal hemorrhage",643877,1628879,3,"48.2%~Retinal hemorrhage, right eye (H35.61)45547875;307967 patients | 
47.3%~Retinal hemorrhage, left eye (H35.62)45567047;300161 patients | 
4.5%~Retinal hemorrhage, unspecified eye (H35.60)45562233;35749 patients","Retinal hemorrhage, right eye | 
Retinal hemorrhage, left eye | 
Retinal hemorrhage, unspecified eye",0.945130315500686,"28998008"
4339010,"Central retinal vein occlusion with macular edema",149544,1613262,3,"50.6%~Central retinal vein occlusion, left eye, with macular edema (H34.8120)37200358;73292 patients | 
48.8%~Central retinal vein occlusion, right eye, with macular edema (H34.8110)37200355;72471 patients | 
0.6%~Central retinal vein occlusion, unspecified eye, with macular edema (H34.8190)37200364;3781 patients","Central retinal vein occlusion, left eye, with macular edema | 
Central retinal vein occlusion, right eye, with macular edema | 
Central retinal vein occlusion, unspecified eye, with macular edema",0.943758573388203,"232039004"
4131963,"Drusen stage macular degeneration",791522,1599621,3,"44.6%~Drusen (degenerative) of macula, right eye (H35.361)45605674;349807 patients | 
43.7%~Drusen (degenerative) of macula, left eye (H35.362)45596073;343251 patients | 
11.7%~Drusen (degenerative) of macula, unspecified eye (H35.369)45567045;98464 patients","Drusen (degenerative) of macula, right eye | 
Drusen (degenerative) of macula, left eye | 
Drusen (degenerative) of macula, unspecified eye",0.94238683127572,"264633009"
380111,"Acute atopic conjunctivitis",1033800,1587066,3,"53.1%~Acute atopic conjunctivitis, unspecified eye (H10.10)45581571;503763 patients | 
23.7%~Acute atopic conjunctivitis, right eye (H10.11)45605606;267027 patients | 
23.2%~Acute atopic conjunctivitis, left eye (H10.12)45581572;263010 patients","Acute atopic conjunctivitis, unspecified eye | 
Acute atopic conjunctivitis, right eye | 
Acute atopic conjunctivitis, left eye",0.941015089163237,"67678004"
381290,"Ocular hypertension",505907,1541197,3,"41.5%~Ocular hypertension, right eye (H40.051)45576740;200060 patients | 
40.7%~Ocular hypertension, left eye (H40.052)45591333;196438 patients | 
17.7%~Ocular hypertension, unspecified eye (H40.059)45557414;109409 patients","Ocular hypertension, right eye | 
Ocular hypertension, left eye | 
Ocular hypertension, unspecified eye",0.939643347050754,"4210003"
432312,"Chronic angle-closure glaucoma",607399,1512513,21,"24.8%~Anatomical narrow angle, right eye (H40.031)45581658;191537 patients | 
24.2%~Anatomical narrow angle, left eye (H40.032)45571964;186270 patients | 
12.2%~Anatomical narrow angle, unspecified eye (H40.039)45600917;74942 patients | 
6.8%~Chronic angle-closure glaucoma, right eye, severe stage (H40.2213)45576748;21232 patients | 
6.5%~Chronic angle-closure glaucoma, left eye, severe stage (H40.2223)45562241;21149 patients | 
4.1%~Chronic angle-closure glaucoma, left eye, moderate stage (H40.2222)45576749;17202 patients | 
4.1%~Chronic angle-closure glaucoma, right eye, moderate stage (H40.2212)45596087;16435 patients | 
3.8%~Chronic angle-closure glaucoma, unspecified eye, stage unspecified (H40.2290)45562242;14926 patients | 
3.4%~Chronic angle-closure glaucoma, right eye, mild stage (H40.2211)45591345;15131 patients | 
3.1%~Chronic angle-closure glaucoma, left eye, mild stage (H40.2221)45557424;13572 patients | 
1.5%~Chronic angle-closure glaucoma, right eye, stage unspecified (H40.2210)45581665;9232 patients | 
1.4%~Chronic angle-closure glaucoma, left eye, stage unspecified (H40.2220)45591346;8381 patients | 
1.3%~Chronic angle-closure glaucoma, right eye, indeterminate stage (H40.2214)45547890;5349 patients | 
1.2%~Chronic angle-closure glaucoma, left eye, indeterminate stage (H40.2224)45586456;5289 patients | 
0.4%~Chronic angle-closure glaucoma, unspecified eye, indeterminate stage (H40.2294)45591347;1674 patients | 
0.4%~Chronic angle-closure glaucoma, unspecified eye, moderate stage (H40.2292)45596089;1594 patients | 
0.4%~Chronic angle-closure glaucoma, unspecified eye, mild stage (H40.2291)45581666;1809 patients | 
0.4%~Chronic angle-closure glaucoma, unspecified eye, severe stage (H40.2293)45533315;1675 patients | 
NA | 
NA | 
NA","Anatomical narrow angle, right eye | 
Anatomical narrow angle, left eye | 
Anatomical narrow angle, unspecified eye | 
Chronic angle-closure glaucoma, right eye, severe stage | 
Chronic angle-closure glaucoma, left eye, severe stage | 
Chronic angle-closure glaucoma, left eye, moderate stage | 
Chronic angle-closure glaucoma, right eye, moderate stage | 
Chronic angle-closure glaucoma, unspecified eye, stage unspecified | 
Chronic angle-closure glaucoma, right eye, mild stage | 
Chronic angle-closure glaucoma, left eye, mild stage | 
Chronic angle-closure glaucoma, right eye, stage unspecified | 
Chronic angle-closure glaucoma, left eye, stage unspecified | 
Chronic angle-closure glaucoma, right eye, indeterminate stage | 
Chronic angle-closure glaucoma, left eye, indeterminate stage | 
Chronic angle-closure glaucoma, unspecified eye, indeterminate stage | 
Chronic angle-closure glaucoma, unspecified eye, moderate stage | 
Chronic angle-closure glaucoma, unspecified eye, mild stage | 
Chronic angle-closure glaucoma, unspecified eye, severe stage | 
Chronic angle-closure glaucoma, left eye | 
Chronic angle-closure glaucoma, unspecified eye | 
Chronic angle-closure glaucoma, right eye",0.938271604938272,"33647009"
43530656,"Nonproliferative retinopathy due to type 2 diabetes mellitus",181961,1495625,6,"38.7%~Type 2 diabetes mellitus with severe nonproliferative diabetic retinopathy with macular edema, right eye (E11.3411)37200214;57811 patients | 
35.7%~Type 2 diabetes mellitus with severe nonproliferative diabetic retinopathy with macular edema, left eye (E11.3412)37200215;54055 patients | 
10.4%~Type 2 diabetes mellitus with severe nonproliferative diabetic retinopathy without macular edema, right eye (E11.3491)37200218;28187 patients | 
9.6%~Type 2 diabetes mellitus with severe nonproliferative diabetic retinopathy without macular edema, left eye (E11.3492)37200219;26600 patients | 
3.4%~Type 2 diabetes mellitus with severe nonproliferative diabetic retinopathy without macular edema, unspecified eye (E11.3499)37200221;9453 patients | 
2.2%~Type 2 diabetes mellitus with severe nonproliferative diabetic retinopathy with macular edema, unspecified eye (E11.3419)37200217;5855 patients","Type 2 diabetes mellitus with severe nonproliferative diabetic retinopathy with macular edema, right eye | 
Type 2 diabetes mellitus with severe nonproliferative diabetic retinopathy with macular edema, left eye | 
Type 2 diabetes mellitus with severe nonproliferative diabetic retinopathy without macular edema, right eye | 
Type 2 diabetes mellitus with severe nonproliferative diabetic retinopathy without macular edema, left eye | 
Type 2 diabetes mellitus with severe nonproliferative diabetic retinopathy without macular edema, unspecified eye | 
Type 2 diabetes mellitus with severe nonproliferative diabetic retinopathy with macular edema, unspecified eye",0.936899862825789,"1551000119108"
45763763,"Chalazion of upper eyelid",741909,1415479,2,"50.1%~Chalazion left upper eyelid (H00.14)45581526;371648 patients | 
49.9%~Chalazion right upper eyelid (H00.11)45600816;370261 patients","Chalazion left upper eyelid | 
Chalazion right upper eyelid",0.935528120713306,"700266008"
4291304,"Dermatosis of eyelid",688374,1322011,3,"48.5%~Dermatochalasis of unspecified eye, unspecified eyelid (H02.839)45576638;327198 patients | 
32%~Dermatochalasis of right eye, unspecified eyelid (H02.833)45595987;219645 patients | 
19.5%~Dermatochalasis of left eye, unspecified eyelid (H02.836)45605588;141531 patients","Dermatochalasis of unspecified eye, unspecified eyelid | 
Dermatochalasis of right eye, unspecified eyelid | 
Dermatochalasis of left eye, unspecified eyelid",0.934156378600823,"402700001"
45763778,"Hordeolum externum of upper eyelid",875185,1295518,2,"50.1%~Hordeolum externum left upper eyelid (H00.014)45538152;438179 patients | 
49.9%~Hordeolum externum right upper eyelid (H00.011)45581525;437006 patients","Hordeolum externum left upper eyelid | 
Hordeolum externum right upper eyelid",0.93278463648834,"700286007"
3663197,"Glaucoma suspect",461116,1203842,3,"51.5%~Preglaucoma, unspecified, unspecified eye (H40.009)45600916;235908 patients | 
26%~Preglaucoma, unspecified, right eye (H40.001)45596080;119554 patients | 
22.5%~Preglaucoma, unspecified, left eye (H40.002)45591332;105654 patients","Preglaucoma, unspecified, unspecified eye | 
Preglaucoma, unspecified, right eye | 
Preglaucoma, unspecified, left eye",0.931412894375857,"833278008"
375552,"Pterygium",482002,1183310,8,"30.7%~Unspecified pterygium of left eye (H11.002)45596011;144149 patients | 
30.4%~Unspecified pterygium of right eye (H11.001)45566962;144113 patients | 
25%~Unspecified pterygium of eye, bilateral (H11.003)45605610;125600 patients | 
6.5%~Unspecified pterygium of unspecified eye (H11.009)45586366;40014 patients | 
2.6%~Amyloid pterygium of right eye (H11.011)45533223;9880 patients | 
2.3%~Amyloid pterygium of eye, bilateral (H11.013)45547808;9144 patients | 
2.3%~Amyloid pterygium of left eye (H11.012)45586367;8556 patients | 
0.1%~Amyloid pterygium of unspecified eye (H11.019)45533224;546 patients","Unspecified pterygium of left eye | 
Unspecified pterygium of right eye | 
Unspecified pterygium of eye, bilateral | 
Unspecified pterygium of unspecified eye | 
Amyloid pterygium of right eye | 
Amyloid pterygium of eye, bilateral | 
Amyloid pterygium of left eye | 
Amyloid pterygium of unspecified eye",0.930041152263374,"77489003"
4335874,"Seborrheic blepharitis",645466,1180804,5,"27.6%~Squamous blepharitis right eye, upper and lower eyelids (H01.02A)1595554;184817 patients | 
23.3%~Squamous blepharitis left eye, upper and lower eyelids (H01.02B)1595555;159893 patients | 
19.1%~Squamous blepharitis right eye, unspecified eyelid (H01.023)45581527;119382 patients | 
18.2%~Squamous blepharitis unspecified eye, unspecified eyelid (H01.029)45591214;109359 patients | 
11.9%~Squamous blepharitis left eye, unspecified eyelid (H01.026)45542925;72015 patients","Squamous blepharitis right eye, upper and lower eyelids | 
Squamous blepharitis left eye, upper and lower eyelids | 
Squamous blepharitis right eye, unspecified eyelid | 
Squamous blepharitis unspecified eye, unspecified eyelid | 
Squamous blepharitis left eye, unspecified eyelid",0.928669410150892,"231797007"
376422,"Mucopurulent conjunctivitis",876800,1168254,3,"44.4%~Other mucopurulent conjunctivitis, right eye (H10.021)45591245;386807 patients | 
43%~Other mucopurulent conjunctivitis, left eye (H10.022)45591246;376400 patients | 
12.5%~Other mucopurulent conjunctivitis, unspecified eye (H10.029)45557322;113593 patients","Other mucopurulent conjunctivitis, right eye | 
Other mucopurulent conjunctivitis, left eye | 
Other mucopurulent conjunctivitis, unspecified eye",0.927297668038409,"243462001"
45763759,"Chalazion of lower eyelid",641193,1166722,2,"50.9%~Chalazion left lower eyelid (H00.15)45595971;327670 patients | 
49.1%~Chalazion right lower eyelid (H00.12)45547772;313523 patients","Chalazion left lower eyelid | 
Chalazion right lower eyelid",0.925925925925926,"700260002"
4290822,"Severe nonproliferative retinopathy with clinically significant macular edema due to diabetes mellitus",118993,1150658,10,"50.3%~Type 2 diabetes mellitus with severe nonproliferative diabetic retinopathy with macular edema, right eye (E11.3411)37200214;57811 patients | 
46.5%~Type 2 diabetes mellitus with severe nonproliferative diabetic retinopathy with macular edema, left eye (E11.3412)37200215;54055 patients | 
2.8%~Type 2 diabetes mellitus with severe nonproliferative diabetic retinopathy with macular edema, unspecified eye (E11.3419)37200217;5855 patients | 
0.2%~Diabetes mellitus due to underlying condition with severe nonproliferative diabetic retinopathy with macular edema, unspecified eye (E08.3419)37200046;466 patients | 
0.1%~Other specified diabetes mellitus with severe nonproliferative diabetic retinopathy with macular edema, unspecified eye (E13.3419)37200274;194 patients | 
0.1%~Other specified diabetes mellitus with severe nonproliferative diabetic retinopathy with macular edema, right eye (E13.3411)37200271;267 patients | 
0.1%~Other specified diabetes mellitus with severe nonproliferative diabetic retinopathy with macular edema, left eye (E13.3412)37200272;255 patients | 
0%~Drug or chemical induced diabetes mellitus with severe nonproliferative diabetic retinopathy with macular edema, right eye (E09.3411)37200100;33 patients | 
0%~Drug or chemical induced diabetes mellitus with severe nonproliferative diabetic retinopathy with macular edema, unspecified eye (E09.3419)37200103;27 patients | 
0%~Drug or chemical induced diabetes mellitus with severe nonproliferative diabetic retinopathy with macular edema, left eye (E09.3412)37200101;30 patients","Type 2 diabetes mellitus with severe nonproliferative diabetic retinopathy with macular edema, right eye | 
Type 2 diabetes mellitus with severe nonproliferative diabetic retinopathy with macular edema, left eye | 
Type 2 diabetes mellitus with severe nonproliferative diabetic retinopathy with macular edema, unspecified eye | 
Diabetes mellitus due to underlying condition with severe nonproliferative diabetic retinopathy with macular edema, unspecified eye | 
Other specified diabetes mellitus with severe nonproliferative diabetic retinopathy with macular edema, unspecified eye | 
Other specified diabetes mellitus with severe nonproliferative diabetic retinopathy with macular edema, right eye | 
Other specified diabetes mellitus with severe nonproliferative diabetic retinopathy with macular edema, left eye | 
Drug or chemical induced diabetes mellitus with severe nonproliferative diabetic retinopathy with macular edema, right eye | 
Drug or chemical induced diabetes mellitus with severe nonproliferative diabetic retinopathy with macular edema, unspecified eye | 
Drug or chemical induced diabetes mellitus with severe nonproliferative diabetic retinopathy with macular edema, left eye",0.924554183813443,"399872003"
376981,"Amblyopia",513291,1145076,6,"44.6%~Unspecified amblyopia, left eye (H53.002)45552722;215390 patients | 
36.5%~Unspecified amblyopia, right eye (H53.001)45533355;176961 patients | 
10.2%~Unspecified amblyopia, unspecified eye (H53.009)45538316;60890 patients | 
4.1%~Amblyopia suspect, left eye (H53.042)37200449;28166 patients | 
3.7%~Amblyopia suspect, right eye (H53.041)37200448;25524 patients | 
0.9%~Amblyopia suspect, unspecified eye (H53.049)37200451;6360 patients","Unspecified amblyopia, left eye | 
Unspecified amblyopia, right eye | 
Unspecified amblyopia, unspecified eye | 
Amblyopia suspect, left eye | 
Amblyopia suspect, right eye | 
Amblyopia suspect, unspecified eye",0.92318244170096,"387742006"
381017,"Refractive amblyopia",513939,1117340,3,"52.5%~Refractive amblyopia, left eye (H53.022)45581706;265415 patients | 
42.8%~Refractive amblyopia, right eye (H53.021)45567099;218482 patients | 
4.7%~Refractive amblyopia, unspecified eye (H53.029)45562275;30042 patients","Refractive amblyopia, left eye | 
Refractive amblyopia, right eye | 
Refractive amblyopia, unspecified eye",0.921810699588477,"90927000"
45763846,"Hordeolum externum of lower eyelid",744975,1088553,2,"51.3%~Hordeolum externum left lower eyelid (H00.015)45538153;382133 patients | 
48.7%~Hordeolum externum right lower eyelid (H00.012)45586328;362842 patients","Hordeolum externum left lower eyelid | 
Hordeolum externum right lower eyelid",0.920438957475994,"700367002"
381444,"Contusion of eye",672633,1066702,9,"43.4%~Contusion of eyeball and orbital tissues, left eye, initial encounter (S05.12XA)45568216;290835 patients | 
39.6%~Contusion of eyeball and orbital tissues, right eye, initial encounter (S05.11XA)45563390;266963 patients | 
8.7%~Contusion of eyeball and orbital tissues, unspecified eye, initial encounter (S05.10XA)45563389;65758 patients | 
3.9%~Contusion of eyeball and orbital tissues, left eye, subsequent encounter (S05.12XD)45577882;22812 patients | 
3.7%~Contusion of eyeball and orbital tissues, right eye, subsequent encounter (S05.11XD)45568215;21248 patients | 
0.8%~Contusion of eyeball and orbital tissues, unspecified eye, subsequent encounter (S05.10XD)45592497;5017 patients | 
NA | 
NA | 
NA","Contusion of eyeball and orbital tissues, left eye, initial encounter | 
Contusion of eyeball and orbital tissues, right eye, initial encounter | 
Contusion of eyeball and orbital tissues, unspecified eye, initial encounter | 
Contusion of eyeball and orbital tissues, left eye, subsequent encounter | 
Contusion of eyeball and orbital tissues, right eye, subsequent encounter | 
Contusion of eyeball and orbital tissues, unspecified eye, subsequent encounter | 
Contusion of eyeball and orbital tissues, unspecified eye | 
Contusion of eyeball and orbital tissues, right eye | 
Contusion of eyeball and orbital tissues, left eye",0.919067215363512,"367423000"
381570,"Mechanical ptosis",442913,990492,4,"69.8%~Mechanical ptosis of bilateral eyelids (H02.413)45581537;290252 patients | 
14.4%~Mechanical ptosis of left eyelid (H02.412)45547784;72499 patients | 
14.1%~Mechanical ptosis of right eyelid (H02.411)45533190;70941 patients | 
1.7%~Mechanical ptosis of unspecified eyelid (H02.419)45562132;9221 patients","Mechanical ptosis of bilateral eyelids | 
Mechanical ptosis of left eyelid | 
Mechanical ptosis of right eyelid | 
Mechanical ptosis of unspecified eyelid",0.917695473251029,"76201007"
381569,"Myogenic ptosis",414625,976702,4,"64.5%~Myogenic ptosis of bilateral eyelids (H02.423)45571859;244747 patients | 
17%~Myogenic ptosis of left eyelid (H02.422)45581538;80899 patients | 
16.6%~Myogenic ptosis of right eyelid (H02.421)45542935;79392 patients | 
1.9%~Myogenic ptosis of unspecified eyelid (H02.429)45542936;9587 patients","Myogenic ptosis of bilateral eyelids | 
Myogenic ptosis of left eyelid | 
Myogenic ptosis of right eyelid | 
Myogenic ptosis of unspecified eyelid",0.916323731138546,"53279002"
433196,"Chorioretinal scar",451509,963753,6,"26.8%~Unspecified chorioretinal scars, left eye (H31.002)45581639;120241 patients | 
26.2%~Unspecified chorioretinal scars, right eye (H31.001)45571939;117568 patients | 
21.7%~Other chorioretinal scars, left eye (H31.092)45586434;97653 patients | 
21.2%~Other chorioretinal scars, right eye (H31.091)45557390;95270 patients | 
2.8%~Unspecified chorioretinal scars, unspecified eye (H31.009)45591309;13780 patients | 
1.3%~Other chorioretinal scars, unspecified eye (H31.099)45533290;6997 patients","Unspecified chorioretinal scars, left eye | 
Unspecified chorioretinal scars, right eye | 
Other chorioretinal scars, left eye | 
Other chorioretinal scars, right eye | 
Unspecified chorioretinal scars, unspecified eye | 
Other chorioretinal scars, unspecified eye",0.91358024691358,"53854005"
4219836,"Contusion of ocular adnexa and periocular tissues",619986,928970,9,"45.3%~Contusion of left eyelid and periocular area, initial encounter (S00.12XA)45602048;277869 patients | 
41.1%~Contusion of right eyelid and periocular area, initial encounter (S00.11XA)45563338;254925 patients | 
7.6%~Contusion of unspecified eyelid and periocular area, initial encounter (S00.10XA)45548999;50623 patients | 
2.8%~Contusion of left eyelid and periocular area, subsequent encounter (S00.12XD)45558497;17192 patients | 
2.6%~Contusion of right eyelid and periocular area, subsequent encounter (S00.11XD)45606836;15456 patients | 
0.7%~Contusion of unspecified eyelid and periocular area, subsequent encounter (S00.10XD)45592447;3921 patients | 
NA | 
NA | 
NA","Contusion of left eyelid and periocular area, initial encounter | 
Contusion of right eyelid and periocular area, initial encounter | 
Contusion of unspecified eyelid and periocular area, initial encounter | 
Contusion of left eyelid and periocular area, subsequent encounter | 
Contusion of right eyelid and periocular area, subsequent encounter | 
Contusion of unspecified eyelid and periocular area, subsequent encounter | 
Contusion of right eyelid and periocular area | 
Contusion of left eyelid and periocular area | 
Contusion of unspecified eyelid and periocular area",0.912208504801097,"417654008"
441561,"Low tension glaucoma",220074,895989,18,"17.6%~Low-tension glaucoma, left eye, moderate stage (H40.1222)45547882;35366 patients | 
16.5%~Low-tension glaucoma, right eye, mild stage (H40.1211)45596082;36015 patients | 
15.9%~Low-tension glaucoma, right eye, moderate stage (H40.1212)45552682;31921 patients | 
14.8%~Low-tension glaucoma, left eye, mild stage (H40.1221)45576743;33082 patients | 
10.8%~Low-tension glaucoma, left eye, severe stage (H40.1223)45547883;19455 patients | 
9.8%~Low-tension glaucoma, right eye, severe stage (H40.1213)45581659;18218 patients | 
5.8%~Low-tension glaucoma, unspecified eye, stage unspecified (H40.1290)45571966;16982 patients | 
1.7%~Low-tension glaucoma, right eye, stage unspecified (H40.1210)45567052;6223 patients | 
1.4%~Low-tension glaucoma, left eye, indeterminate stage (H40.1224)45591337;4104 patients | 
1.4%~Low-tension glaucoma, left eye, stage unspecified (H40.1220)45576742;5376 patients | 
1.3%~Low-tension glaucoma, right eye, indeterminate stage (H40.1214)45591336;3767 patients | 
1%~Low-tension glaucoma, unspecified eye, moderate stage (H40.1292)45538277;3178 patients | 
0.9%~Low-tension glaucoma, unspecified eye, mild stage (H40.1291)45605680;3131 patients | 
0.7%~Low-tension glaucoma, unspecified eye, severe stage (H40.1293)45562237;1979 patients | 
0.4%~Low-tension glaucoma, unspecified eye, indeterminate stage (H40.1294)45586450;1277 patients | 
NA | 
NA | 
NA","Low-tension glaucoma, left eye, moderate stage | 
Low-tension glaucoma, right eye, mild stage | 
Low-tension glaucoma, right eye, moderate stage | 
Low-tension glaucoma, left eye, mild stage | 
Low-tension glaucoma, left eye, severe stage | 
Low-tension glaucoma, right eye, severe stage | 
Low-tension glaucoma, unspecified eye, stage unspecified | 
Low-tension glaucoma, right eye, stage unspecified | 
Low-tension glaucoma, left eye, indeterminate stage | 
Low-tension glaucoma, left eye, stage unspecified | 
Low-tension glaucoma, right eye, indeterminate stage | 
Low-tension glaucoma, unspecified eye, moderate stage | 
Low-tension glaucoma, unspecified eye, mild stage | 
Low-tension glaucoma, unspecified eye, severe stage | 
Low-tension glaucoma, unspecified eye, indeterminate stage | 
Low-tension glaucoma, right eye | 
Low-tension glaucoma, unspecified eye | 
Low-tension glaucoma, left eye",0.910836762688615,"50485007"
436398,"Glaucoma associated with ocular disorder",201829,891624,24,"14.8%~Glaucoma secondary to other eye disorders, right eye, severe stage (H40.51X3)45562244;23769 patients | 
14.4%~Glaucoma secondary to other eye disorders, left eye, severe stage (H40.52X3)45533324;23664 patients | 
8.4%~Glaucoma secondary to other eye disorders, unspecified eye, stage unspecified (H40.50X0)45567063;18657 patients | 
8.1%~Glaucoma secondary to other eye disorders, bilateral, severe stage (H40.53X3)45571981;12480 patients | 
5.4%~Glaucoma secondary to other eye disorders, right eye, moderate stage (H40.51X2)45538286;10149 patients | 
5.4%~Glaucoma secondary to other eye disorders, right eye, indeterminate stage (H40.51X4)45591351;10466 patients | 
5.3%~Glaucoma secondary to other eye disorders, left eye, indeterminate stage (H40.52X4)45533325;10490 patients | 
5.2%~Glaucoma secondary to other eye disorders, left eye, moderate stage (H40.52X2)45552693;10338 patients | 
5.1%~Glaucoma secondary to other eye disorders, right eye, stage unspecified (H40.51X0)45586466;13841 patients | 
5%~Glaucoma secondary to other eye disorders, left eye, stage unspecified (H40.52X0)45591352;13668 patients | 
3.8%~Glaucoma secondary to other eye disorders, bilateral, moderate stage (H40.53X2)45552694;7780 patients | 
3.3%~Glaucoma secondary to other eye disorders, right eye, mild stage (H40.51X1)45567064;7608 patients | 
3.3%~Glaucoma secondary to other eye disorders, bilateral, indeterminate stage (H40.53X4)45591353;7272 patients | 
3.2%~Glaucoma secondary to other eye disorders, bilateral, stage unspecified (H40.53X0)45567065;8887 patients | 
3%~Glaucoma secondary to other eye disorders, left eye, mild stage (H40.52X1)45596096;7003 patients | 
2.8%~Glaucoma secondary to other eye disorders, bilateral, mild stage (H40.53X1)45605689;6678 patients | 
1.3%~Glaucoma secondary to other eye disorders, unspecified eye, severe stage (H40.50X3)45596095;3215 patients | 
0.8%~Glaucoma secondary to other eye disorders, unspecified eye, mild stage (H40.50X1)45543051;2123 patients | 
0.7%~Glaucoma secondary to other eye disorders, unspecified eye, indeterminate stage (H40.50X4)45571979;1705 patients | 
0.7%~Glaucoma secondary to other eye disorders, unspecified eye, moderate stage (H40.50X2)45533323;2036 patients | 
NA | 
NA | 
NA | 
NA","Glaucoma secondary to other eye disorders, right eye, severe stage | 
Glaucoma secondary to other eye disorders, left eye, severe stage | 
Glaucoma secondary to other eye disorders, unspecified eye, stage unspecified | 
Glaucoma secondary to other eye disorders, bilateral, severe stage | 
Glaucoma secondary to other eye disorders, right eye, moderate stage | 
Glaucoma secondary to other eye disorders, right eye, indeterminate stage | 
Glaucoma secondary to other eye disorders, left eye, indeterminate stage | 
Glaucoma secondary to other eye disorders, left eye, moderate stage | 
Glaucoma secondary to other eye disorders, right eye, stage unspecified | 
Glaucoma secondary to other eye disorders, left eye, stage unspecified | 
Glaucoma secondary to other eye disorders, bilateral, moderate stage | 
Glaucoma secondary to other eye disorders, right eye, mild stage | 
Glaucoma secondary to other eye disorders, bilateral, indeterminate stage | 
Glaucoma secondary to other eye disorders, bilateral, stage unspecified | 
Glaucoma secondary to other eye disorders, left eye, mild stage | 
Glaucoma secondary to other eye disorders, bilateral, mild stage | 
Glaucoma secondary to other eye disorders, unspecified eye, severe stage | 
Glaucoma secondary to other eye disorders, unspecified eye, mild stage | 
Glaucoma secondary to other eye disorders, unspecified eye, indeterminate stage | 
Glaucoma secondary to other eye disorders, unspecified eye, moderate stage | 
Glaucoma secondary to other eye disorders, right eye | 
Glaucoma secondary to other eye disorders, left eye | 
Glaucoma secondary to other eye disorders, unspecified eye | 
Glaucoma secondary to other eye disorders, bilateral",0.909465020576132,"66747002"
312622,"Venous retinal branch occlusion",233252,853962,6,"47.9%~Tributary (branch) retinal vein occlusion, right eye, stable (H34.8312)37200369;109669 patients | 
47%~Tributary (branch) retinal vein occlusion, left eye, stable (H34.8322)37200372;108508 patients | 
5.1%~Tributary (branch) retinal vein occlusion, unspecified eye, stable (H34.8392)37200378;15075 patients | 
NA | 
NA | 
NA","Tributary (branch) retinal vein occlusion, right eye, stable | 
Tributary (branch) retinal vein occlusion, left eye, stable | 
Tributary (branch) retinal vein occlusion, unspecified eye, stable | 
Tributary (branch) retinal vein occlusion, unspecified eye | 
Tributary (branch) retinal vein occlusion, left eye | 
Tributary (branch) retinal vein occlusion, right eye",0.908093278463649,"24596005"
380403,"External hordeolum",603132,837620,3,"54%~Hordeolum externum unspecified eye, unspecified eyelid (H00.019)45591210;320975 patients | 
23.8%~Hordeolum externum left eye, unspecified eyelid (H00.016)45547771;146328 patients | 
22.1%~Hordeolum externum right eye, unspecified eyelid (H00.013)45571843;135829 patients","Hordeolum externum unspecified eye, unspecified eyelid | 
Hordeolum externum left eye, unspecified eyelid | 
Hordeolum externum right eye, unspecified eyelid",0.906721536351166,"1489008"
437273,"Pseudoexfoliation glaucoma",175606,828658,18,"13.4%~Capsular glaucoma with pseudoexfoliation of lens, right eye, mild stage (H40.1411)45533314;23994 patients | 
13%~Capsular glaucoma with pseudoexfoliation of lens, left eye, severe stage (H40.1423)45547887;16644 patients | 
12.5%~Capsular glaucoma with pseudoexfoliation of lens, left eye, mild stage (H40.1421)45543045;22679 patients | 
11.9%~Capsular glaucoma with pseudoexfoliation of lens, right eye, severe stage (H40.1413)45581662;15811 patients | 
11.8%~Capsular glaucoma with pseudoexfoliation of lens, left eye, moderate stage (H40.1422)45596085;18987 patients | 
10.7%~Capsular glaucoma with pseudoexfoliation of lens, right eye, moderate stage (H40.1412)45586451;17321 patients | 
4.6%~Capsular glaucoma with pseudoexfoliation of lens, unspecified eye, severe stage (H40.1493)45581664;5689 patients | 
4.3%~Capsular glaucoma with pseudoexfoliation of lens, unspecified eye, stage unspecified (H40.1490)45571974;11112 patients | 
3.7%~Capsular glaucoma with pseudoexfoliation of lens, unspecified eye, moderate stage (H40.1492)45591344;5555 patients | 
3%~Capsular glaucoma with pseudoexfoliation of lens, unspecified eye, mild stage (H40.1491)45557421;5440 patients | 
2.8%~Capsular glaucoma with pseudoexfoliation of lens, left eye, stage unspecified (H40.1420)45586452;9488 patients | 
2.8%~Capsular glaucoma with pseudoexfoliation of lens, right eye, stage unspecified (H40.1410)45600921;9530 patients | 
2.1%~Capsular glaucoma with pseudoexfoliation of lens, left eye, indeterminate stage (H40.1424)45586453;5412 patients | 
1.9%~Capsular glaucoma with pseudoexfoliation of lens, right eye, indeterminate stage (H40.1414)45571972;4820 patients | 
1.4%~Capsular glaucoma with pseudoexfoliation of lens, unspecified eye, indeterminate stage (H40.1494)45562239;3124 patients | 
NA | 
NA | 
NA","Capsular glaucoma with pseudoexfoliation of lens, right eye, mild stage | 
Capsular glaucoma with pseudoexfoliation of lens, left eye, severe stage | 
Capsular glaucoma with pseudoexfoliation of lens, left eye, mild stage | 
Capsular glaucoma with pseudoexfoliation of lens, right eye, severe stage | 
Capsular glaucoma with pseudoexfoliation of lens, left eye, moderate stage | 
Capsular glaucoma with pseudoexfoliation of lens, right eye, moderate stage | 
Capsular glaucoma with pseudoexfoliation of lens, unspecified eye, severe stage | 
Capsular glaucoma with pseudoexfoliation of lens, unspecified eye, stage unspecified | 
Capsular glaucoma with pseudoexfoliation of lens, unspecified eye, moderate stage | 
Capsular glaucoma with pseudoexfoliation of lens, unspecified eye, mild stage | 
Capsular glaucoma with pseudoexfoliation of lens, left eye, stage unspecified | 
Capsular glaucoma with pseudoexfoliation of lens, right eye, stage unspecified | 
Capsular glaucoma with pseudoexfoliation of lens, left eye, indeterminate stage | 
Capsular glaucoma with pseudoexfoliation of lens, right eye, indeterminate stage | 
Capsular glaucoma with pseudoexfoliation of lens, unspecified eye, indeterminate stage | 
Capsular glaucoma with pseudoexfoliation of lens, unspecified eye | 
Capsular glaucoma with pseudoexfoliation of lens, left eye | 
Capsular glaucoma with pseudoexfoliation of lens, right eye",0.9039780521262,"111514006"
439303,"Horseshoe retinal tear without detachment",268879,828561,3,"49.6%~Horseshoe tear of retina without detachment, right eye (H33.311)45552665;132825 patients | 
49.2%~Horseshoe tear of retina without detachment, left eye (H33.312)45567035;130757 patients | 
1.1%~Horseshoe tear of retina without detachment, unspecified eye (H33.319)45605666;5297 patients","Horseshoe tear of retina without detachment, right eye | 
Horseshoe tear of retina without detachment, left eye | 
Horseshoe tear of retina without detachment, unspecified eye",0.902606310013717,"193341001"
433471,"Retinal neovascularization",155331,821595,3,"48.8%~Retinal neovascularization, unspecified, left eye (H35.052)45543028;73319 patients | 
47.7%~Retinal neovascularization, unspecified, right eye (H35.051)45533302;72741 patients | 
3.5%~Retinal neovascularization, unspecified, unspecified eye (H35.059)45586444;9271 patients","Retinal neovascularization, unspecified, left eye | 
Retinal neovascularization, unspecified, right eye | 
Retinal neovascularization, unspecified, unspecified eye",0.901234567901235,"61267008"
375265,"Superficial punctate keratitis",438906,807962,3,"48.8%~Punctate keratitis, left eye (H16.142)45586387;211879 patients | 
44.2%~Punctate keratitis, right eye (H16.141)45547821;194086 patients | 
7%~Punctate keratitis, unspecified eye (H16.149)45581594;32941 patients","Punctate keratitis, left eye | 
Punctate keratitis, right eye | 
Punctate keratitis, unspecified eye",0.898491083676269,"42513006"
45763845,"Internal hordeolum of upper eyelid",491124,792592,2,"52.5%~Hordeolum internum right upper eyelid (H00.021)45605577;253866 patients | 
47.5%~Hordeolum internum left upper eyelid (H00.024)45591211;237258 patients","Hordeolum internum right upper eyelid | 
Hordeolum internum left upper eyelid",0.897119341563786,"700366006"
45773210,"Internal hordeolum of lower eyelid",474440,776734,2,"50.8%~Hordeolum internum right lower eyelid (H00.022)45552554;238609 patients | 
49.2%~Hordeolum internum left lower eyelid (H00.025)45533178;235831 patients","Hordeolum internum right lower eyelid | 
Hordeolum internum left lower eyelid",0.895747599451303,"700368007"
4152163,"Injury of eye region",537443,769665,27,"25.1%~Unspecified injury of left eye and orbit, initial encounter (S05.92XA)45568222;135081 patients | 
23.2%~Unspecified injury of right eye and orbit, initial encounter (S05.91XA)45549060;125736 patients | 
22.2%~Unspecified injury of unspecified eye and orbit, initial encounter (S05.90XA)45573115;130029 patients | 
8.4%~Other injuries of left eye and orbit, initial encounter (S05.8X2A)45582802;45257 patients | 
8.2%~Other injuries of right eye and orbit, initial encounter (S05.8X1A)45544243;44860 patients | 
2.5%~Unspecified injury of left eye and orbit, subsequent encounter (S05.92XD)45534547;9969 patients | 
2.2%~Unspecified injury of right eye and orbit, subsequent encounter (S05.91XD)45577889;9252 patients | 
1.9%~Open bite of right eyelid and periocular area, initial encounter (S01.151A)45582761;8585 patients | 
1.8%~Open bite of left eyelid and periocular area, initial encounter (S01.152A)45597236;8319 patients | 
1.3%~Other injuries of left eye and orbit, subsequent encounter (S05.8X2D)45582803;5137 patients | 
1.2%~Other injuries of right eye and orbit, subsequent encounter (S05.8X1D)45558576;4870 patients | 
1%~Other injuries of unspecified eye and orbit, initial encounter (S05.8X9A)45563392;5451 patients | 
0.6%~Unspecified injury of unspecified eye and orbit, subsequent encounter (S05.90XD)45587600;2575 patients | 
0.1%~Open bite of unspecified eyelid and periocular area, initial encounter (S01.159A)45597237;723 patients | 
0.1%~Open bite of right eyelid and periocular area, subsequent encounter (S01.151D)45577851;571 patients | 
0.1%~Open bite of left eyelid and periocular area, subsequent encounter (S01.152D)45602060;528 patients | 
0.1%~Other injuries of unspecified eye and orbit, subsequent encounter (S05.8X9D)45573114;443 patients | 
0%~Open bite of unspecified eyelid and periocular area, subsequent encounter (S01.159D)45544198;57 patients | 
NA | 
NA | 
NA | 
NA | 
NA | 
NA | 
NA | 
NA | 
NA","Unspecified injury of left eye and orbit, initial encounter | 
Unspecified injury of right eye and orbit, initial encounter | 
Unspecified injury of unspecified eye and orbit, initial encounter | 
Other injuries of left eye and orbit, initial encounter | 
Other injuries of right eye and orbit, initial encounter | 
Unspecified injury of left eye and orbit, subsequent encounter | 
Unspecified injury of right eye and orbit, subsequent encounter | 
Open bite of right eyelid and periocular area, initial encounter | 
Open bite of left eyelid and periocular area, initial encounter | 
Other injuries of left eye and orbit, subsequent encounter | 
Other injuries of right eye and orbit, subsequent encounter | 
Other injuries of unspecified eye and orbit, initial encounter | 
Unspecified injury of unspecified eye and orbit, subsequent encounter | 
Open bite of unspecified eyelid and periocular area, initial encounter | 
Open bite of right eyelid and periocular area, subsequent encounter | 
Open bite of left eyelid and periocular area, subsequent encounter | 
Other injuries of unspecified eye and orbit, subsequent encounter | 
Open bite of unspecified eyelid and periocular area, subsequent encounter | 
Other injuries of unspecified eye and orbit | 
Unspecified injury of left eye and orbit | 
Open bite of right eyelid and periocular area | 
Other injuries of left eye and orbit | 
Unspecified injury of unspecified eye and orbit | 
Unspecified injury of right eye and orbit | 
Open bite of left eyelid and periocular area | 
Open bite of unspecified eyelid and periocular area | 
Other injuries of right eye and orbit",0.89437585733882,"282752000"
4103749,"Keratoconjunctivitis sicca (excluding Sjögren syndrome)",347942,764963,3,"38.7%~Keratoconjunctivitis sicca, not specified as Sjogren's, right eye (H16.221)45547822;135721 patients | 
38.2%~Keratoconjunctivitis sicca, not specified as Sjogren's, left eye (H16.222)45600864;134455 patients | 
23.1%~Keratoconjunctivitis sicca, not specified as Sjogren's, unspecified eye (H16.229)45600865;77766 patients","Keratoconjunctivitis sicca, not specified as Sjogren's, right eye | 
Keratoconjunctivitis sicca, not specified as Sjogren's, left eye | 
Keratoconjunctivitis sicca, not specified as Sjogren's, unspecified eye",0.893004115226337,"193776001"
375551,"Blepharochalasis",371057,736528,5,"39.1%~Blepharochalasis right upper eyelid (H02.31)45566925;143131 patients | 
35.7%~Blepharochalasis left upper eyelid (H02.34)45566926;132052 patients | 
16.1%~Blepharochalasis unspecified eye, unspecified eyelid (H02.30)45542934;57436 patients | 
4.6%~Blepharochalasis right eye, unspecified eyelid (H02.33)45586341;19553 patients | 
4.4%~Blepharochalasis left eye, unspecified eyelid (H02.36)45538167;18885 patients","Blepharochalasis right upper eyelid | 
Blepharochalasis left upper eyelid | 
Blepharochalasis unspecified eye, unspecified eyelid | 
Blepharochalasis right eye, unspecified eyelid | 
Blepharochalasis left eye, unspecified eyelid",0.891632373113855,"47704002"
376965,"Hypertensive retinopathy",312604,736382,3,"37.6%~Hypertensive retinopathy, unspecified eye (H35.039)45547866;104639 patients | 
32.3%~Hypertensive retinopathy, right eye (H35.031)45567040;108308 patients | 
30.1%~Hypertensive retinopathy, left eye (H35.032)45552669;99657 patients","Hypertensive retinopathy, unspecified eye | 
Hypertensive retinopathy, right eye | 
Hypertensive retinopathy, left eye",0.890260631001372,"6962006"
4265749,"Meibomian gland dysfunction",406643,731274,4,"48.8%~Meibomian gland dysfunction left eye, upper and lower eyelids (H02.88B)1595585;198699 patients | 
27.5%~Meibomian gland dysfunction of left eye, unspecified eyelid (H02.886)1595582;104406 patients | 
14.9%~Meibomian gland dysfunction left lower eyelid (H02.885)1595581;63855 patients | 
8.8%~Meibomian gland dysfunction left upper eyelid (H02.884)1595580;39683 patients","Meibomian gland dysfunction left eye, upper and lower eyelids | 
Meibomian gland dysfunction of left eye, unspecified eyelid | 
Meibomian gland dysfunction left lower eyelid | 
Meibomian gland dysfunction left upper eyelid",0.888888888888889,"397549002"
381295,"Senile cataract",172574,691392,3,"49.3%~Age-related cataract, morgagnian type, right eye (H25.21)45591300;84754 patients | 
46.2%~Age-related cataract, morgagnian type, left eye (H25.22)45600889;79525 patients | 
4.4%~Age-related cataract, morgagnian type, unspecified eye (H25.20)45562206;8295 patients","Age-related cataract, morgagnian type, right eye | 
Age-related cataract, morgagnian type, left eye | 
Age-related cataract, morgagnian type, unspecified eye",0.886145404663923,"39450006"
4130588,"Morgagnian cataract",172574,691392,3,"49.3%~Age-related cataract, morgagnian type, right eye (H25.21)45591300;84754 patients | 
46.2%~Age-related cataract, morgagnian type, left eye (H25.22)45600889;79525 patients | 
4.4%~Age-related cataract, morgagnian type, unspecified eye (H25.20)45562206;8295 patients","Age-related cataract, morgagnian type, right eye | 
Age-related cataract, morgagnian type, left eye | 
Age-related cataract, morgagnian type, unspecified eye",0.886145404663923,"264443002"
319016,"Retinal lattice degeneration",276013,667560,3,"50.3%~Lattice degeneration of retina, left eye (H35.412)45591328;136727 patients | 
45.4%~Lattice degeneration of retina, right eye (H35.411)45586447;123780 patients | 
4.3%~Lattice degeneration of retina, unspecified eye (H35.419)45576736;15506 patients","Lattice degeneration of retina, left eye | 
Lattice degeneration of retina, right eye | 
Lattice degeneration of retina, unspecified eye",0.88477366255144,"3577000"
4055484,"Rhegmatogenous retinal detachment",190569,648730,3,"48.9%~Unspecified retinal detachment with retinal break, right eye (H33.001)45562223;92082 patients | 
45.1%~Unspecified retinal detachment with retinal break, left eye (H33.002)45576718;85515 patients | 
6%~Unspecified retinal detachment with retinal break, unspecified eye (H33.009)45596063;12972 patients","Unspecified retinal detachment with retinal break, right eye | 
Unspecified retinal detachment with retinal break, left eye | 
Unspecified retinal detachment with retinal break, unspecified eye",0.883401920438957,"19620000"
373202,"Corneal ulcer",169901,642379,3,"47.7%~Unspecified corneal ulcer, left eye (H16.002)45538212;78315 patients | 
45.3%~Unspecified corneal ulcer, right eye (H16.001)45586384;75119 patients | 
7%~Unspecified corneal ulcer, unspecified eye (H16.009)45605618;16467 patients","Unspecified corneal ulcer, left eye | 
Unspecified corneal ulcer, right eye | 
Unspecified corneal ulcer, unspecified eye",0.882030178326475,"91514001"
374640,"Serous retinal detachment",219746,625704,3,"43%~Serous retinal detachment, right eye (H33.21)45581645;91837 patients | 
40.9%~Serous retinal detachment, left eye (H33.22)45576725;87380 patients | 
16.1%~Serous retinal detachment, unspecified eye (H33.20)45547860;40529 patients","Serous retinal detachment, right eye | 
Serous retinal detachment, left eye | 
Serous retinal detachment, unspecified eye",0.880658436213992,"38599001"
373487,"Ischemic optic neuropathy",170825,623254,3,"45.3%~Ischemic optic neuropathy, right eye (H47.011)45571996;73485 patients | 
44.5%~Ischemic optic neuropathy, left eye (H47.012)45581686;73155 patients | 
10.2%~Ischemic optic neuropathy, unspecified eye (H47.019)45543064;24185 patients","Ischemic optic neuropathy, right eye | 
Ischemic optic neuropathy, left eye | 
Ischemic optic neuropathy, unspecified eye",0.879286694101509,"14357004"
372907,"Scarred macula",235776,622518,3,"48.7%~Macula scars of posterior pole (postinflammatory) (post-traumatic), left eye (H31.012)45543018;112744 patients | 
47.3%~Macula scars of posterior pole (postinflammatory) (post-traumatic), right eye (H31.011)45547849;110681 patients | 
4%~Macula scars of posterior pole (postinflammatory) (post-traumatic), unspecified eye (H31.019)45567025;12351 patients","Macula scars of posterior pole (postinflammatory) (post-traumatic), left eye | 
Macula scars of posterior pole (postinflammatory) (post-traumatic), right eye | 
Macula scars of posterior pole (postinflammatory) (post-traumatic), unspecified eye",0.877914951989026,"18410006"
4009187,"Manifest vertical squint",238225,622370,2,"51.8%~Vertical strabismus, right eye (H50.21)45557459;123530 patients | 
48.2%~Vertical strabismus, left eye (H50.22)45533349;114695 patients","Vertical strabismus, right eye | 
Vertical strabismus, left eye",0.876543209876543,"111530003"
4023310,"Blindness AND/OR vision impairment level",172629,613251,2,"92.5%~Blindness, one eye, unspecified eye (H54.40)45552723;154365 patients | 
7.5%~Unqualified visual loss, one eye, unspecified (H54.60)45557477;18264 patients","Blindness, one eye, unspecified eye | 
Unqualified visual loss, one eye, unspecified",0.87517146776406,"105597003"
46273180,"Retinal detachment with single break",169777,603359,3,"51.8%~Retinal detachment with single break, right eye (H33.011)45533291;87016 patients | 
46.9%~Retinal detachment with single break, left eye (H33.012)45571947;78921 patients | 
1.3%~Retinal detachment with single break, unspecified eye (H33.019)45596064;3840 patients","Retinal detachment with single break, right eye | 
Retinal detachment with single break, left eye | 
Retinal detachment with single break, unspecified eye",0.873799725651577,"712506009"
45763584,"Proliferative retinopathy due to type 1 diabetes mellitus",105109,593996,18,"25.4%~Type 1 diabetes mellitus with proliferative diabetic retinopathy with macular edema, right eye (E10.3511)37200165;17730 patients | 
23.9%~Type 1 diabetes mellitus with proliferative diabetic retinopathy with macular edema, left eye (E10.3512)37200166;16441 patients | 
12.1%~Type 1 diabetes mellitus with proliferative diabetic retinopathy without macular edema, right eye (E10.3591)37200189;18074 patients | 
11.6%~Type 1 diabetes mellitus with proliferative diabetic retinopathy without macular edema, left eye (E10.3592)37200190;17293 patients | 
8.7%~Type 1 diabetes mellitus with proliferative diabetic retinopathy without macular edema, unspecified eye (E10.3599)37200192;12739 patients | 
4%~Type 1 diabetes mellitus with proliferative diabetic retinopathy with macular edema, unspecified eye (E10.3519)37200168;3687 patients | 
2.6%~Type 1 diabetes mellitus with proliferative diabetic retinopathy with traction retinal detachment involving the macula, left eye (E10.3522)37200171;2680 patients | 
2.5%~Type 1 diabetes mellitus with proliferative diabetic retinopathy with traction retinal detachment involving the macula, right eye (E10.3521)37200170;2732 patients | 
2%~Type 1 diabetes mellitus with proliferative diabetic retinopathy with traction retinal detachment not involving the macula, left eye (E10.3532)37200176;2180 patients | 
1.9%~Type 1 diabetes mellitus with proliferative diabetic retinopathy with traction retinal detachment not involving the macula, right eye (E10.3531)37200175;2209 patients | 
1.6%~Type 1 diabetes mellitus with stable proliferative diabetic retinopathy, right eye (E10.3551)37200185;3226 patients | 
1.5%~Type 1 diabetes mellitus with stable proliferative diabetic retinopathy, left eye (E10.3552)37200186;2927 patients | 
0.8%~Type 1 diabetes mellitus with stable proliferative diabetic retinopathy, unspecified eye (E10.3559)37200188;1402 patients | 
0.5%~Type 1 diabetes mellitus with proliferative diabetic retinopathy with combined traction retinal detachment and rhegmatogenous retinal detachment, right eye (E10.3541)37200180;606 patients | 
0.4%~Type 1 diabetes mellitus with proliferative diabetic retinopathy with combined traction retinal detachment and rhegmatogenous retinal detachment, left eye (E10.3542)37200181;576 patients | 
0.3%~Type 1 diabetes mellitus with proliferative diabetic retinopathy with traction retinal detachment not involving the macula, unspecified eye (E10.3539)37200178;389 patients | 
0.1%~Type 1 diabetes mellitus with proliferative diabetic retinopathy with traction retinal detachment involving the macula, unspecified eye (E10.3529)37200173;167 patients | 
0%~Type 1 diabetes mellitus with proliferative diabetic retinopathy with combined traction retinal detachment and rhegmatogenous retinal detachment, unspecified eye (E10.3549)37200183;51 patients","Type 1 diabetes mellitus with proliferative diabetic retinopathy with macular edema, right eye | 
Type 1 diabetes mellitus with proliferative diabetic retinopathy with macular edema, left eye | 
Type 1 diabetes mellitus with proliferative diabetic retinopathy without macular edema, right eye | 
Type 1 diabetes mellitus with proliferative diabetic retinopathy without macular edema, left eye | 
Type 1 diabetes mellitus with proliferative diabetic retinopathy without macular edema, unspecified eye | 
Type 1 diabetes mellitus with proliferative diabetic retinopathy with macular edema, unspecified eye | 
Type 1 diabetes mellitus with proliferative diabetic retinopathy with traction retinal detachment involving the macula, left eye | 
Type 1 diabetes mellitus with proliferative diabetic retinopathy with traction retinal detachment involving the macula, right eye | 
Type 1 diabetes mellitus with proliferative diabetic retinopathy with traction retinal detachment not involving the macula, left eye | 
Type 1 diabetes mellitus with proliferative diabetic retinopathy with traction retinal detachment not involving the macula, right eye | 
Type 1 diabetes mellitus with stable proliferative diabetic retinopathy, right eye | 
Type 1 diabetes mellitus with stable proliferative diabetic retinopathy, left eye | 
Type 1 diabetes mellitus with stable proliferative diabetic retinopathy, unspecified eye | 
Type 1 diabetes mellitus with proliferative diabetic retinopathy with combined traction retinal detachment and rhegmatogenous retinal detachment, right eye | 
Type 1 diabetes mellitus with proliferative diabetic retinopathy with combined traction retinal detachment and rhegmatogenous retinal detachment, left eye | 
Type 1 diabetes mellitus with proliferative diabetic retinopathy with traction retinal detachment not involving the macula, unspecified eye | 
Type 1 diabetes mellitus with proliferative diabetic retinopathy with traction retinal detachment involving the macula, unspecified eye | 
Type 1 diabetes mellitus with proliferative diabetic retinopathy with combined traction retinal detachment and rhegmatogenous retinal detachment, unspecified eye",0.872427983539095,"60971000119101"
375249,"Traction detachment of retina",135496,588280,3,"49.8%~Traction detachment of retina, left eye (H33.42)45538258;66350 patients | 
48.6%~Traction detachment of retina, right eye (H33.41)45576727;64848 patients | 
1.6%~Traction detachment of retina, unspecified eye (H33.40)45596067;4298 patients","Traction detachment of retina, left eye | 
Traction detachment of retina, right eye | 
Traction detachment of retina, unspecified eye",0.871056241426612,"34711008"
313761,"Central retinal vein occlusion",150066,578992,6,"45.9%~Central retinal vein occlusion, left eye, stable (H34.8122)37200360;66222 patients | 
43.6%~Central retinal vein occlusion, right eye, stable (H34.8112)37200357;63909 patients | 
10.5%~Central retinal vein occlusion, unspecified eye, stable (H34.8192)37200366;19935 patients | 
NA | 
NA | 
NA","Central retinal vein occlusion, left eye, stable | 
Central retinal vein occlusion, right eye, stable | 
Central retinal vein occlusion, unspecified eye, stable | 
Central retinal vein occlusion, right eye | 
Central retinal vein occlusion, unspecified eye | 
Central retinal vein occlusion, left eye",0.869684499314129,"68478007"
374649,"Strabismic amblyopia",234215,565353,3,"52.1%~Strabismic amblyopia, left eye (H53.032)45576789;121030 patients | 
43.9%~Strabismic amblyopia, right eye (H53.031)45586510;102384 patients | 
4%~Strabismic amblyopia, unspecified eye (H53.039)45596132;10801 patients","Strabismic amblyopia, left eye | 
Strabismic amblyopia, right eye | 
Strabismic amblyopia, unspecified eye",0.868312757201646,"35600002"
316126,"Crystalline deposits in vitreous",198190,551962,3,"51.1%~Crystalline deposits in vitreous body, left eye (H43.22)45591359;99917 patients | 
46.6%~Crystalline deposits in vitreous body, right eye (H43.21)45557432;90930 patients | 
2.3%~Crystalline deposits in vitreous body, unspecified eye (H43.20)45586472;7343 patients","Crystalline deposits in vitreous body, left eye | 
Crystalline deposits in vitreous body, right eye | 
Crystalline deposits in vitreous body, unspecified eye",0.866941015089163,"29297002"
45757571,"Bilateral visual impairment",47510,527412,3,"100%~Blindness, one eye, low vision other eye, unspecified eyes (H54.10)45572017;47510 patients | 
NA | 
NA","Blindness, one eye, low vision other eye, unspecified eyes | 
Blindness, left eye, low vision right eye | 
Blindness, right eye, low vision left eye",0.86556927297668,"218951000119100"
438422,"Primary iridocyclitis",191842,526518,3,"49.2%~Primary iridocyclitis, left eye (H20.012)45567002;93593 patients | 
48.7%~Primary iridocyclitis, right eye (H20.011)45600883;92991 patients | 
2.1%~Primary iridocyclitis, unspecified eye (H20.019)45567003;5258 patients","Primary iridocyclitis, left eye | 
Primary iridocyclitis, right eye | 
Primary iridocyclitis, unspecified eye",0.864197530864197,"12630008"
4317982,"Lower eyelid ectropion",236590,519797,2,"50.5%~Unspecified ectropion of left lower eyelid (H02.105)45538162;119806 patients | 
49.5%~Unspecified ectropion of right lower eyelid (H02.102)45557276;116784 patients","Unspecified ectropion of left lower eyelid | 
Unspecified ectropion of right lower eyelid",0.862825788751715,"95758006"
4120318,"Retinal round hole",202329,516311,3,"49.2%~Round hole, left eye (H33.322)45552666;98771 patients | 
48.9%~Round hole, right eye (H33.321)45586442;97758 patients | 
1.9%~Round hole, unspecified eye (H33.329)45581647;5800 patients","Round hole, left eye | 
Round hole, right eye | 
Round hole, unspecified eye",0.861454046639232,"302888003"
437540,"Central retinal artery occlusion",101505,503541,3,"49.9%~Central retinal artery occlusion, right eye (H34.11)45547861;46675 patients | 
42.9%~Central retinal artery occlusion, left eye (H34.12)45591320;41456 patients | 
7.2%~Central retinal artery occlusion, unspecified eye (H34.10)45567036;13374 patients","Central retinal artery occlusion, right eye | 
Central retinal artery occlusion, left eye | 
Central retinal artery occlusion, unspecified eye",0.860082304526749,"38742007"
381572,"Abducens nerve palsy",143531,465208,3,"45.7%~Sixth [abducent] nerve palsy, left eye (H49.22)45581694;61832 patients | 
38.5%~Sixth [abducent] nerve palsy, right eye (H49.21)45596120;51592 patients | 
15.7%~Sixth [abducent] nerve palsy, unspecified eye (H49.20)45605707;30107 patients","Sixth [abducent] nerve palsy, left eye | 
Sixth [abducent] nerve palsy, right eye | 
Sixth [abducent] nerve palsy, unspecified eye",0.854595336076818,"398760006"
437544,"Arterial retinal branch occlusion",118829,456139,3,"50.3%~Retinal artery branch occlusion, right eye (H34.231)45543024;56770 patients | 
42.1%~Retinal artery branch occlusion, left eye (H34.232)45562226;48739 patients | 
7.5%~Retinal artery branch occlusion, unspecified eye (H34.239)45600903;13320 patients","Retinal artery branch occlusion, right eye | 
Retinal artery branch occlusion, left eye | 
Retinal artery branch occlusion, unspecified eye",0.853223593964335,"50821009"
381033,"Aphakia",127307,448158,3,"49.1%~Aphakia, right eye (H27.01)45543010;60415 patients | 
46.4%~Aphakia, left eye (H27.02)45533283;56583 patients | 
4.5%~Aphakia, unspecified eye (H27.00)45605652;10309 patients","Aphakia, right eye | 
Aphakia, left eye | 
Aphakia, unspecified eye",0.851851851851852,"24010005"
375285,"Monocular esotropia",186264,442825,2,"52.4%~Monocular esotropia, left eye (H50.012)45596123;96458 patients | 
47.6%~Monocular esotropia, right eye (H50.011)45586499;89806 patients","Monocular esotropia, left eye | 
Monocular esotropia, right eye",0.850480109739369,"5455000"
441851,"Serous detachment of retinal pigment epithelium",110425,435763,3,"49.1%~Serous detachment of retinal pigment epithelium, left eye (H35.722)45571961;53500 patients | 
48.2%~Serous detachment of retinal pigment epithelium, right eye (H35.721)45600915;51834 patients | 
2.7%~Serous detachment of retinal pigment epithelium, unspecified eye (H35.729)45552679;5091 patients","Serous detachment of retinal pigment epithelium, left eye | 
Serous detachment of retinal pigment epithelium, right eye | 
Serous detachment of retinal pigment epithelium, unspecified eye",0.849108367626886,"52002008"
377560,"Internal hordeolum",248051,431564,3,"37.7%~Hordeolum internum unspecified eye, unspecified eyelid (H00.029)45576619;96384 patients | 
34.6%~Hordeolum internum right eye, unspecified eyelid (H00.023)45586329;81880 patients | 
27.7%~Hordeolum internum left eye, unspecified eyelid (H00.026)45586330;69787 patients","Hordeolum internum unspecified eye, unspecified eyelid | 
Hordeolum internum right eye, unspecified eyelid | 
Hordeolum internum left eye, unspecified eyelid",0.847736625514403,"414521009"
46273990,"Retinal detachment with multiple breaks",110169,430575,3,"51.2%~Retinal detachment with multiple breaks, right eye (H33.021)45533292;56066 patients | 
48.2%~Retinal detachment with multiple breaks, left eye (H33.022)45567030;52805 patients | 
0.6%~Retinal detachment with multiple breaks, unspecified eye (H33.029)45552660;1298 patients","Retinal detachment with multiple breaks, right eye | 
Retinal detachment with multiple breaks, left eye | 
Retinal detachment with multiple breaks, unspecified eye",0.84636488340192,"712507000"
435993,"Foreign body in conjunctival sac",307381,418855,9,"45.3%~Foreign body in conjunctival sac, right eye, initial encounter (T15.11XA)45589510;140216 patients | 
44.5%~Foreign body in conjunctival sac, left eye, initial encounter (T15.12XA)45584647;138833 patients | 
4.1%~Foreign body in conjunctival sac, unspecified eye, initial encounter (T15.10XA)45589508;12125 patients | 
3.1%~Foreign body in conjunctival sac, left eye, subsequent encounter (T15.12XD)45541249;7750 patients | 
2.7%~Foreign body in conjunctival sac, right eye, subsequent encounter (T15.11XD)45550905;7697 patients | 
0.3%~Foreign body in conjunctival sac, unspecified eye, subsequent encounter (T15.10XD)45589509;760 patients | 
NA | 
NA | 
NA","Foreign body in conjunctival sac, right eye, initial encounter | 
Foreign body in conjunctival sac, left eye, initial encounter | 
Foreign body in conjunctival sac, unspecified eye, initial encounter | 
Foreign body in conjunctival sac, left eye, subsequent encounter | 
Foreign body in conjunctival sac, right eye, subsequent encounter | 
Foreign body in conjunctival sac, unspecified eye, subsequent encounter | 
Foreign body in conjunctival sac, unspecified eye | 
Foreign body in conjunctival sac, left eye | 
Foreign body in conjunctival sac, right eye",0.842249657064472,"52497002"
432621,"Purulent endophthalmitis",100938,411814,3,"43.6%~Unspecified purulent endophthalmitis, right eye (H44.001)45576757;37688 patients | 
43.5%~Unspecified purulent endophthalmitis, left eye (H44.002)45557434;38155 patients | 
12.9%~Unspecified purulent endophthalmitis, unspecified eye (H44.009)45562249;25095 patients","Unspecified purulent endophthalmitis, right eye | 
Unspecified purulent endophthalmitis, left eye | 
Unspecified purulent endophthalmitis, unspecified eye",0.840877914951989,"41720003"
373203,"Central opacity of cornea",152218,402026,3,"49.7%~Central corneal opacity, right eye (H17.11)45591276;75931 patients | 
48.6%~Central corneal opacity, left eye (H17.12)45596030;72691 patients | 
1.7%~Central corneal opacity, unspecified eye (H17.10)45533251;3596 patients","Central corneal opacity, right eye | 
Central corneal opacity, left eye | 
Central corneal opacity, unspecified eye",0.838134430727023,"56530002"
45757695,"Total retinal detachment",114815,397703,3,"50.2%~Total retinal detachment, right eye (H33.051)45576722;56598 patients | 
46.8%~Total retinal detachment, left eye (H33.052)45591313;53175 patients | 
3%~Total retinal detachment, unspecified eye (H33.059)45533293;5042 patients","Total retinal detachment, right eye | 
Total retinal detachment, left eye | 
Total retinal detachment, unspecified eye",0.83676268861454,"331111000119108"
201254,"Type 1 diabetes mellitus",116355,391940,12,"18.3%~Type 1 diabetes mellitus with proliferative diabetic retinopathy without macular edema, right eye (E10.3591)37200189;18074 patients | 
17.6%~Type 1 diabetes mellitus with proliferative diabetic retinopathy without macular edema, left eye (E10.3592)37200190;17293 patients | 
14.7%~Type 1 diabetes mellitus with mild nonproliferative diabetic retinopathy without macular edema, unspecified eye (E10.3299)37200148;13427 patients | 
13.2%~Type 1 diabetes mellitus with proliferative diabetic retinopathy without macular edema, unspecified eye (E10.3599)37200192;12739 patients | 
10.3%~Type 1 diabetes mellitus with mild nonproliferative diabetic retinopathy without macular edema, right eye (E10.3291)37200145;17315 patients | 
8.6%~Type 1 diabetes mellitus with mild nonproliferative diabetic retinopathy without macular edema, left eye (E10.3292)37200146;14795 patients | 
4.5%~Type 1 diabetes mellitus with moderate nonproliferative diabetic retinopathy without macular edema, right eye (E10.3391)37200153;6426 patients | 
4%~Type 1 diabetes mellitus with moderate nonproliferative diabetic retinopathy without macular edema, left eye (E10.3392)37200154;5710 patients | 
2.9%~Type 1 diabetes mellitus with moderate nonproliferative diabetic retinopathy without macular edema, unspecified eye (E10.3399)37200156;3021 patients | 
2.5%~Type 1 diabetes mellitus with stable proliferative diabetic retinopathy, right eye (E10.3551)37200185;3226 patients | 
2.3%~Type 1 diabetes mellitus with stable proliferative diabetic retinopathy, left eye (E10.3552)37200186;2927 patients | 
1.1%~Type 1 diabetes mellitus with stable proliferative diabetic retinopathy, unspecified eye (E10.3559)37200188;1402 patients","Type 1 diabetes mellitus with proliferative diabetic retinopathy without macular edema, right eye | 
Type 1 diabetes mellitus with proliferative diabetic retinopathy without macular edema, left eye | 
Type 1 diabetes mellitus with mild nonproliferative diabetic retinopathy without macular edema, unspecified eye | 
Type 1 diabetes mellitus with proliferative diabetic retinopathy without macular edema, unspecified eye | 
Type 1 diabetes mellitus with mild nonproliferative diabetic retinopathy without macular edema, right eye | 
Type 1 diabetes mellitus with mild nonproliferative diabetic retinopathy without macular edema, left eye | 
Type 1 diabetes mellitus with moderate nonproliferative diabetic retinopathy without macular edema, right eye | 
Type 1 diabetes mellitus with moderate nonproliferative diabetic retinopathy without macular edema, left eye | 
Type 1 diabetes mellitus with moderate nonproliferative diabetic retinopathy without macular edema, unspecified eye | 
Type 1 diabetes mellitus with stable proliferative diabetic retinopathy, right eye | 
Type 1 diabetes mellitus with stable proliferative diabetic retinopathy, left eye | 
Type 1 diabetes mellitus with stable proliferative diabetic retinopathy, unspecified eye",0.835390946502058,"46635009"
381581,"Chalazion",254441,389784,3,"44.3%~Chalazion unspecified eye, unspecified eyelid (H00.19)45533179;116044 patients | 
28.7%~Chalazion right eye, unspecified eyelid (H00.13)45542920;70562 patients | 
27.1%~Chalazion left eye, unspecified eyelid (H00.16)45547773;67835 patients","Chalazion unspecified eye, unspecified eyelid | 
Chalazion right eye, unspecified eyelid | 
Chalazion left eye, unspecified eyelid",0.834019204389575,"1482004"
380720,"Secondary corneal edema",125225,387981,3,"49.6%~Secondary corneal edema, right eye (H18.231)45562177;61229 patients | 
48.3%~Secondary corneal edema, left eye (H18.232)45581610;59872 patients | 
2.1%~Secondary corneal edema, unspecified eye (H18.239)45586401;4124 patients","Secondary corneal edema, right eye | 
Secondary corneal edema, left eye | 
Secondary corneal edema, unspecified eye",0.832647462277092,"27536004"
380402,"Central corneal ulcer",86290,386200,3,"49.6%~Central corneal ulcer, left eye (H16.012)45538213;41446 patients | 
48.8%~Central corneal ulcer, right eye (H16.011)45571900;41690 patients | 
1.7%~Central corneal ulcer, unspecified eye (H16.019)45566971;3154 patients","Central corneal ulcer, left eye | 
Central corneal ulcer, right eye | 
Central corneal ulcer, unspecified eye",0.831275720164609,"7426009"
37311952,"Glaucoma due to eye inflammation",78135,385911,24,"12.4%~Glaucoma secondary to eye inflammation, bilateral, severe stage (H40.43X3)45571977;6243 patients | 
10%~Glaucoma secondary to eye inflammation, left eye, severe stage (H40.42X3)45533321;6630 patients | 
9.3%~Glaucoma secondary to eye inflammation, right eye, severe stage (H40.41X3)45533320;6540 patients | 
7.8%~Glaucoma secondary to eye inflammation, bilateral, moderate stage (H40.43X2)45533322;5032 patients | 
7.1%~Glaucoma secondary to eye inflammation, left eye, moderate stage (H40.42X2)45538285;5355 patients | 
7%~Glaucoma secondary to eye inflammation, right eye, moderate stage (H40.41X2)45600922;5124 patients | 
5.7%~Glaucoma secondary to eye inflammation, left eye, mild stage (H40.42X1)45596094;4605 patients | 
5.6%~Glaucoma secondary to eye inflammation, right eye, mild stage (H40.41X1)45547894;4700 patients | 
4.8%~Glaucoma secondary to eye inflammation, bilateral, mild stage (H40.43X1)45581672;3834 patients | 
4.8%~Glaucoma secondary to eye inflammation, unspecified eye, stage unspecified (H40.40X0)45576752;5221 patients | 
4.1%~Glaucoma secondary to eye inflammation, left eye, stage unspecified (H40.42X0)45591350;4544 patients | 
4%~Glaucoma secondary to eye inflammation, bilateral, stage unspecified (H40.43X0)45605687;3905 patients | 
3.9%~Glaucoma secondary to eye inflammation, right eye, stage unspecified (H40.41X0)45533319;4335 patients | 
3.8%~Glaucoma secondary to eye inflammation, bilateral, indeterminate stage (H40.43X4)45586465;2963 patients | 
3.5%~Glaucoma secondary to eye inflammation, left eye, indeterminate stage (H40.42X4)45567062;2976 patients | 
3.3%~Glaucoma secondary to eye inflammation, right eye, indeterminate stage (H40.41X4)45596093;2816 patients | 
0.9%~Glaucoma secondary to eye inflammation, unspecified eye, severe stage (H40.40X3)45533317;982 patients | 
0.8%~Glaucoma secondary to eye inflammation, unspecified eye, moderate stage (H40.40X2)45538284;917 patients | 
0.6%~Glaucoma secondary to eye inflammation, unspecified eye, mild stage (H40.40X1)45586464;835 patients | 
0.5%~Glaucoma secondary to eye inflammation, unspecified eye, indeterminate stage (H40.40X4)45533318;578 patients | 
NA | 
NA | 
NA | 
NA","Glaucoma secondary to eye inflammation, bilateral, severe stage | 
Glaucoma secondary to eye inflammation, left eye, severe stage | 
Glaucoma secondary to eye inflammation, right eye, severe stage | 
Glaucoma secondary to eye inflammation, bilateral, moderate stage | 
Glaucoma secondary to eye inflammation, left eye, moderate stage | 
Glaucoma secondary to eye inflammation, right eye, moderate stage | 
Glaucoma secondary to eye inflammation, left eye, mild stage | 
Glaucoma secondary to eye inflammation, right eye, mild stage | 
Glaucoma secondary to eye inflammation, bilateral, mild stage | 
Glaucoma secondary to eye inflammation, unspecified eye, stage unspecified | 
Glaucoma secondary to eye inflammation, left eye, stage unspecified | 
Glaucoma secondary to eye inflammation, bilateral, stage unspecified | 
Glaucoma secondary to eye inflammation, right eye, stage unspecified | 
Glaucoma secondary to eye inflammation, bilateral, indeterminate stage | 
Glaucoma secondary to eye inflammation, left eye, indeterminate stage | 
Glaucoma secondary to eye inflammation, right eye, indeterminate stage | 
Glaucoma secondary to eye inflammation, unspecified eye, severe stage | 
Glaucoma secondary to eye inflammation, unspecified eye, moderate stage | 
Glaucoma secondary to eye inflammation, unspecified eye, mild stage | 
Glaucoma secondary to eye inflammation, unspecified eye, indeterminate stage | 
Glaucoma secondary to eye inflammation, right eye | 
Glaucoma secondary to eye inflammation, left eye | 
Glaucoma secondary to eye inflammation, unspecified eye | 
Glaucoma secondary to eye inflammation, bilateral",0.829903978052126,"788946007"
374946,"Recurrent erosion of cornea",131270,384441,3,"49.2%~Recurrent erosion of cornea, left eye (H18.832)45586405;63781 patients | 
47.3%~Recurrent erosion of cornea, right eye (H18.831)45576685;61409 patients | 
3.5%~Recurrent erosion of cornea, unspecified eye (H18.839)45533264;6080 patients","Recurrent erosion of cornea, left eye | 
Recurrent erosion of cornea, right eye | 
Recurrent erosion of cornea, unspecified eye",0.828532235939643,"2055003"
375274,"Monocular exotropia",163554,381897,2,"50%~Monocular exotropia, right eye (H50.111)45586500;82319 patients | 
50%~Monocular exotropia, left eye (H50.112)45591386;81235 patients","Monocular exotropia, right eye | 
Monocular exotropia, left eye",0.82716049382716,"5725006"
4266637,"Severe nonproliferative retinopathy without macular edema due to diabetes mellitus",66265,358394,12,"43.4%~Type 2 diabetes mellitus with severe nonproliferative diabetic retinopathy without macular edema, right eye (E11.3491)37200218;28187 patients | 
40%~Type 2 diabetes mellitus with severe nonproliferative diabetic retinopathy without macular edema, left eye (E11.3492)37200219;26600 patients | 
14.2%~Type 2 diabetes mellitus with severe nonproliferative diabetic retinopathy without macular edema, unspecified eye (E11.3499)37200221;9453 patients | 
0.7%~Diabetes mellitus due to underlying condition with severe nonproliferative diabetic retinopathy without macular edema, right eye (E08.3491)37200047;418 patients | 
0.6%~Diabetes mellitus due to underlying condition with severe nonproliferative diabetic retinopathy without macular edema, unspecified eye (E08.3499)37200050;444 patients | 
0.5%~Diabetes mellitus due to underlying condition with severe nonproliferative diabetic retinopathy without macular edema, left eye (E08.3492)37200048;320 patients | 
0.3%~Other specified diabetes mellitus with severe nonproliferative diabetic retinopathy without macular edema, unspecified eye (E13.3499)37200278;299 patients | 
0.1%~Other specified diabetes mellitus with severe nonproliferative diabetic retinopathy without macular edema, right eye (E13.3491)37200275;248 patients | 
0.1%~Other specified diabetes mellitus with severe nonproliferative diabetic retinopathy without macular edema, left eye (E13.3492)37200276;226 patients | 
0.1%~Drug or chemical induced diabetes mellitus with severe nonproliferative diabetic retinopathy without macular edema, unspecified eye (E09.3499)37200107;39 patients | 
0%~Drug or chemical induced diabetes mellitus with severe nonproliferative diabetic retinopathy without macular edema, right eye (E09.3491)37200104;20 patients | 
0%~Drug or chemical induced diabetes mellitus with severe nonproliferative diabetic retinopathy without macular edema, left eye (E09.3492)37200105;11 patients","Type 2 diabetes mellitus with severe nonproliferative diabetic retinopathy without macular edema, right eye | 
Type 2 diabetes mellitus with severe nonproliferative diabetic retinopathy without macular edema, left eye | 
Type 2 diabetes mellitus with severe nonproliferative diabetic retinopathy without macular edema, unspecified eye | 
Diabetes mellitus due to underlying condition with severe nonproliferative diabetic retinopathy without macular edema, right eye | 
Diabetes mellitus due to underlying condition with severe nonproliferative diabetic retinopathy without macular edema, unspecified eye | 
Diabetes mellitus due to underlying condition with severe nonproliferative diabetic retinopathy without macular edema, left eye | 
Other specified diabetes mellitus with severe nonproliferative diabetic retinopathy without macular edema, unspecified eye | 
Other specified diabetes mellitus with severe nonproliferative diabetic retinopathy without macular edema, right eye | 
Other specified diabetes mellitus with severe nonproliferative diabetic retinopathy without macular edema, left eye | 
Drug or chemical induced diabetes mellitus with severe nonproliferative diabetic retinopathy without macular edema, unspecified eye | 
Drug or chemical induced diabetes mellitus with severe nonproliferative diabetic retinopathy without macular edema, right eye | 
Drug or chemical induced diabetes mellitus with severe nonproliferative diabetic retinopathy without macular edema, left eye",0.825788751714678,"399873008"
376124,"Pinguecula",203330,357390,3,"44%~Pinguecula, right eye (H11.151)45591259;89842 patients | 
43%~Pinguecula, left eye (H11.152)45596013;86400 patients | 
13%~Pinguecula, unspecified eye (H11.159)45605613;27088 patients","Pinguecula, right eye | 
Pinguecula, left eye | 
Pinguecula, unspecified eye",0.824417009602195,"87614000"
4291143,"Basal cell carcinoma of lower eyelid",57086,352311,2,"52.3%~Basal cell carcinoma of skin of left lower eyelid, including canthus (C44.1192)1595498;29573 patients | 
47.7%~Basal cell carcinoma of skin of right lower eyelid, including canthus (C44.1122)1595496;27513 patients","Basal cell carcinoma of skin of left lower eyelid, including canthus | 
Basal cell carcinoma of skin of right lower eyelid, including canthus",0.823045267489712,"402494003"
4189235,"Third cranial nerve weakness",92733,334104,3,"41%~Third [oculomotor] nerve palsy, right eye (H49.01)45581693;34898 patients | 
40.3%~Third [oculomotor] nerve palsy, left eye (H49.02)45552715;33953 patients | 
18.6%~Third [oculomotor] nerve palsy, unspecified eye (H49.00)45552714;23882 patients","Third [oculomotor] nerve palsy, right eye | 
Third [oculomotor] nerve palsy, left eye | 
Third [oculomotor] nerve palsy, unspecified eye",0.821673525377229,"388980004"
375815,"Bullous keratopathy",74500,333519,3,"48.9%~Bullous keratopathy, right eye (H18.11)45600875;35598 patients | 
47.7%~Bullous keratopathy, left eye (H18.12)45542984;34294 patients | 
3.3%~Bullous keratopathy, unspecified eye (H18.10)45562175;4608 patients","Bullous keratopathy, right eye | 
Bullous keratopathy, left eye | 
Bullous keratopathy, unspecified eye",0.820301783264746,"57207003"
45763766,"Ulcerative blepharitis of upper eyelid",160825,332091,2,"55.7%~Ulcerative blepharitis right upper eyelid (H01.011)45557266;89674 patients | 
44.3%~Ulcerative blepharitis left upper eyelid (H01.014)45571844;71151 patients","Ulcerative blepharitis right upper eyelid | 
Ulcerative blepharitis left upper eyelid",0.818930041152263,"700270000"
44784454,"Localized visual field defect",178223,324365,3,"44.1%~Other localized visual field defect, left eye (H53.452)45600964;77966 patients | 
40.9%~Other localized visual field defect, right eye (H53.451)45567101;72659 patients | 
15%~Other localized visual field defect, unspecified eye (H53.459)45543085;27598 patients","Other localized visual field defect, left eye | 
Other localized visual field defect, right eye | 
Other localized visual field defect, unspecified eye",0.81755829903978,"698606000"
372646,"Peripheral pterygium, stationary",149964,321520,3,"48.9%~Peripheral pterygium, stationary, left eye (H11.042)45581578;73620 patients | 
48.1%~Peripheral pterygium, stationary, right eye (H11.041)45547809;71986 patients | 
3%~Peripheral pterygium, stationary, unspecified eye (H11.049)45547810;4358 patients","Peripheral pterygium, stationary, left eye | 
Peripheral pterygium, stationary, right eye | 
Peripheral pterygium, stationary, unspecified eye",0.816186556927298,"193880000"
374950,"Edema of eyelid",226724,315452,3,"38.7%~Edema of left eye, unspecified eyelid (H02.846)45571862;89148 patients | 
37.9%~Edema of right eye, unspecified eyelid (H02.843)45600832;87281 patients | 
23.5%~Edema of unspecified eye, unspecified eyelid (H02.849)45547790;50295 patients","Edema of left eye, unspecified eyelid | 
Edema of right eye, unspecified eyelid | 
Edema of unspecified eye, unspecified eyelid",0.814814814814815,"89091004"
434926,"Iridocyclitis",75922,314620,3,"43.5%~Chronic iridocyclitis, left eye (H20.12)45562193;33042 patients | 
42.2%~Chronic iridocyclitis, right eye (H20.11)45533268;31955 patients | 
14.3%~Chronic iridocyclitis, unspecified eye (H20.10)45562192;10925 patients","Chronic iridocyclitis, left eye | 
Chronic iridocyclitis, right eye | 
Chronic iridocyclitis, unspecified eye",0.813443072702332,"77971008"
37118667,"Disorder of anterior uveal tract",42477,313281,4,"47.5%~Other vascular disorders of iris and ciliary body, right eye (H21.1X1)45557366;19501 patients | 
47.1%~Other vascular disorders of iris and ciliary body, left eye (H21.1X2)45605639;18940 patients | 
4.8%~Other vascular disorders of iris and ciliary body, unspecified eye (H21.1X9)45557367;3015 patients | 
0.6%~Unspecified adhesions of iris and ciliary body, unspecified eye (H21.509)45562202;1021 patients","Other vascular disorders of iris and ciliary body, right eye | 
Other vascular disorders of iris and ciliary body, left eye | 
Other vascular disorders of iris and ciliary body, unspecified eye | 
Unspecified adhesions of iris and ciliary body, unspecified eye",0.812071330589849,"733316000"
443784,"Vascular disorder",41456,311395,3,"47.8%~Other vascular disorders of iris and ciliary body, right eye (H21.1X1)45557366;19501 patients | 
47.3%~Other vascular disorders of iris and ciliary body, left eye (H21.1X2)45605639;18940 patients | 
4.9%~Other vascular disorders of iris and ciliary body, unspecified eye (H21.1X9)45557367;3015 patients","Other vascular disorders of iris and ciliary body, right eye | 
Other vascular disorders of iris and ciliary body, left eye | 
Other vascular disorders of iris and ciliary body, unspecified eye",0.809327846364883,"27550009"
433909,"Foreign body on external eye",223788,310812,19,"36.3%~Foreign body on external eye, part unspecified, right eye, initial encounter (T15.91XA)45604019;79615 patients | 
35.8%~Foreign body on external eye, part unspecified, left eye, initial encounter (T15.92XA)45555707;78262 patients | 
10.7%~Foreign body on external eye, part unspecified, unspecified eye, initial encounter (T15.90XA)45536470;26488 patients | 
6.4%~Foreign body in other and multiple parts of external eye, right eye, initial encounter (T15.81XA)45604018;15144 patients | 
6.3%~Foreign body in other and multiple parts of external eye, left eye, initial encounter (T15.82XA)45608757;15010 patients | 
1.2%~Foreign body on external eye, part unspecified, left eye, subsequent encounter (T15.92XD)45604020;2086 patients | 
1.1%~Foreign body on external eye, part unspecified, right eye, subsequent encounter (T15.91XD)45565292;1972 patients | 
1.1%~Foreign body in other and multiple parts of external eye, unspecified eye, initial encounter (T15.80XA)45594361;2721 patients | 
0.4%~Foreign body on external eye, part unspecified, unspecified eye, subsequent encounter (T15.90XD)45536471;900 patients | 
0.4%~Foreign body in other and multiple parts of external eye, left eye, subsequent encounter (T15.82XD)45565291;750 patients | 
0.3%~Foreign body in other and multiple parts of external eye, right eye, subsequent encounter (T15.81XD)45579831;720 patients | 
0%~Foreign body in other and multiple parts of external eye, unspecified eye, subsequent encounter (T15.80XD)45546090;120 patients | 
NA | 
NA | 
NA | 
NA | 
NA | 
NA | 
NA","Foreign body on external eye, part unspecified, right eye, initial encounter | 
Foreign body on external eye, part unspecified, left eye, initial encounter | 
Foreign body on external eye, part unspecified, unspecified eye, initial encounter | 
Foreign body in other and multiple parts of external eye, right eye, initial encounter | 
Foreign body in other and multiple parts of external eye, left eye, initial encounter | 
Foreign body on external eye, part unspecified, left eye, subsequent encounter | 
Foreign body on external eye, part unspecified, right eye, subsequent encounter | 
Foreign body in other and multiple parts of external eye, unspecified eye, initial encounter | 
Foreign body on external eye, part unspecified, unspecified eye, subsequent encounter | 
Foreign body in other and multiple parts of external eye, left eye, subsequent encounter | 
Foreign body in other and multiple parts of external eye, right eye, subsequent encounter | 
Foreign body in other and multiple parts of external eye, unspecified eye, subsequent encounter | 
Foreign body in other and multiple parts of external eye, left eye | 
Foreign body on external eye, part unspecified, unspecified eye | 
Foreign body in other and multiple parts of external eye, unspecified eye | 
Foreign body on external eye, part unspecified, right eye | 
Foreign body on external eye, part unspecified, left eye | 
Foreign body in other and multiple parts of external eye, right eye | 
Foreign body on external eye, part unspecified",0.8079561042524,"55899000"
379812,"Exposure keratoconjunctivitis",110452,307282,3,"47.5%~Exposure keratoconjunctivitis, left eye (H16.212)45596027;52083 patients | 
44.1%~Exposure keratoconjunctivitis, right eye (H16.211)45605622;47346 patients | 
8.5%~Exposure keratoconjunctivitis, unspecified eye (H16.219)45591273;11023 patients","Exposure keratoconjunctivitis, left eye | 
Exposure keratoconjunctivitis, right eye | 
Exposure keratoconjunctivitis, unspecified eye",0.805212620027435,"14366000"
195771,"Secondary diabetes mellitus",53897,302228,38,"8.3%~Diabetes mellitus due to underlying condition with mild nonproliferative diabetic retinopathy with macular edema, right eye (E08.3211)37200027;3735 patients | 
7.2%~Diabetes mellitus due to underlying condition with proliferative diabetic retinopathy with macular edema, right eye (E08.3511)37200051;3187 patients | 
7.2%~Diabetes mellitus due to underlying condition with mild nonproliferative diabetic retinopathy without macular edema, right eye (E08.3291)37200031;6128 patients | 
6.5%~Diabetes mellitus due to underlying condition with mild nonproliferative diabetic retinopathy without macular edema, unspecified eye (E08.3299)37200034;3549 patients | 
6.5%~Diabetes mellitus due to underlying condition with proliferative diabetic retinopathy with macular edema, unspecified eye (E08.3519)37200054;2599 patients | 
6%~Diabetes mellitus due to underlying condition with mild nonproliferative diabetic retinopathy with macular edema, left eye (E08.3212)37200028;2659 patients | 
5.8%~Diabetes mellitus due to underlying condition with mild nonproliferative diabetic retinopathy without macular edema, left eye (E08.3292)37200032;5150 patients | 
5.4%~Diabetes mellitus due to underlying condition with mild nonproliferative diabetic retinopathy with macular edema, unspecified eye (E08.3219)37200030;1966 patients | 
4.9%~Diabetes mellitus due to underlying condition with proliferative diabetic retinopathy with macular edema, left eye (E08.3512)37200052;2199 patients | 
4.7%~Diabetes mellitus due to underlying condition with proliferative diabetic retinopathy without macular edema, unspecified eye (E08.3599)37200078;2814 patients | 
4.2%~Diabetes mellitus due to underlying condition with moderate nonproliferative diabetic retinopathy with macular edema, right eye (E08.3311)37200035;1859 patients | 
2.9%~Diabetes mellitus due to underlying condition with proliferative diabetic retinopathy with traction retinal detachment involving the macula, right eye (E08.3521)37200056;1259 patients | 
2.9%~Diabetes mellitus due to underlying condition with moderate nonproliferative diabetic retinopathy with macular edema, left eye (E08.3312)37200036;1444 patients | 
2.4%~Diabetes mellitus due to underlying condition with proliferative diabetic retinopathy without macular edema, right eye (E08.3591)37200075;1609 patients | 
2.3%~Diabetes mellitus due to underlying condition with stable proliferative diabetic retinopathy, unspecified eye (E08.3559)37200074;1207 patients | 
1.8%~Diabetes mellitus due to underlying condition with severe nonproliferative diabetic retinopathy with macular edema, left eye (E08.3412)37200044;629 patients | 
1.8%~Diabetes mellitus due to underlying condition with moderate nonproliferative diabetic retinopathy without macular edema, right eye (E08.3391)37200039;1491 patients | 
1.7%~Diabetes mellitus due to underlying condition with proliferative diabetic retinopathy without macular edema, left eye (E08.3592)37200076;1251 patients | 
1.7%~Diabetes mellitus due to underlying condition with severe nonproliferative diabetic retinopathy with macular edema, right eye (E08.3411)37200043;765 patients | 
1.4%~Diabetes mellitus due to underlying condition with moderate nonproliferative diabetic retinopathy without macular edema, unspecified eye (E08.3399)37200042;1246 patients | 
1.3%~Diabetes mellitus due to underlying condition with moderate nonproliferative diabetic retinopathy without macular edema, left eye (E08.3392)37200040;1117 patients | 
1.3%~Diabetes mellitus due to underlying condition with stable proliferative diabetic retinopathy, right eye (E08.3551)37200071;804 patients | 
1.3%~Diabetes mellitus due to underlying condition with diabetic macular edema, resolved following treatment, left eye (E08.37X2)37200081;186 patients | 
1.1%~Diabetes mellitus due to underlying condition with proliferative diabetic retinopathy with traction retinal detachment involving the macula, left eye (E08.3522)37200057;607 patients | 
1.1%~Diabetes mellitus due to underlying condition with stable proliferative diabetic retinopathy, left eye (E08.3552)37200072;715 patients | 
1%~Diabetes mellitus due to underlying condition with diabetic macular edema, resolved following treatment, unspecified eye (E08.37X9)37200083;200 patients | 
1%~Diabetes mellitus due to underlying condition with proliferative diabetic retinopathy with combined traction retinal detachment and rhegmatogenous retinal detachment, unspecified eye (E08.3549)37200069;104 patients | 
0.8%~Diabetes mellitus due to underlying condition with diabetic macular edema, resolved following treatment, right eye (E08.37X1)37200080;258 patients | 
0.8%~Diabetes mellitus due to underlying condition with severe nonproliferative diabetic retinopathy without macular edema, right eye (E08.3491)37200047;418 patients | 
0.8%~Diabetes mellitus due to underlying condition with severe nonproliferative diabetic retinopathy without macular edema, unspecified eye (E08.3499)37200050;444 patients | 
0.7%~Diabetes mellitus due to underlying condition with proliferative diabetic retinopathy with combined traction retinal detachment and rhegmatogenous retinal detachment, left eye (E08.3542)37200067;356 patients | 
0.7%~Diabetes mellitus due to underlying condition with severe nonproliferative diabetic retinopathy with macular edema, unspecified eye (E08.3419)37200046;466 patients | 
0.6%~Diabetes mellitus due to underlying condition with proliferative diabetic retinopathy with combined traction retinal detachment and rhegmatogenous retinal detachment, right eye (E08.3541)37200066;335 patients | 
0.6%~Diabetes mellitus due to underlying condition with severe nonproliferative diabetic retinopathy without macular edema, left eye (E08.3492)37200048;320 patients | 
0.5%~Diabetes mellitus due to underlying condition with proliferative diabetic retinopathy with traction retinal detachment not involving the macula, left eye (E08.3532)37200062;284 patients | 
0.4%~Diabetes mellitus due to underlying condition with proliferative diabetic retinopathy with traction retinal detachment not involving the macula, right eye (E08.3531)37200061;280 patients | 
0.4%~Diabetes mellitus due to underlying condition with proliferative diabetic retinopathy with traction retinal detachment involving the macula, unspecified eye (E08.3529)37200059;180 patients | 
0.2%~Diabetes mellitus due to underlying condition with proliferative diabetic retinopathy with traction retinal detachment not involving the macula, unspecified eye (E08.3539)37200064;77 patients","Diabetes mellitus due to underlying condition with mild nonproliferative diabetic retinopathy with macular edema, right eye | 
Diabetes mellitus due to underlying condition with proliferative diabetic retinopathy with macular edema, right eye | 
Diabetes mellitus due to underlying condition with mild nonproliferative diabetic retinopathy without macular edema, right eye | 
Diabetes mellitus due to underlying condition with mild nonproliferative diabetic retinopathy without macular edema, unspecified eye | 
Diabetes mellitus due to underlying condition with proliferative diabetic retinopathy with macular edema, unspecified eye | 
Diabetes mellitus due to underlying condition with mild nonproliferative diabetic retinopathy with macular edema, left eye | 
Diabetes mellitus due to underlying condition with mild nonproliferative diabetic retinopathy without macular edema, left eye | 
Diabetes mellitus due to underlying condition with mild nonproliferative diabetic retinopathy with macular edema, unspecified eye | 
Diabetes mellitus due to underlying condition with proliferative diabetic retinopathy with macular edema, left eye | 
Diabetes mellitus due to underlying condition with proliferative diabetic retinopathy without macular edema, unspecified eye | 
Diabetes mellitus due to underlying condition with moderate nonproliferative diabetic retinopathy with macular edema, right eye | 
Diabetes mellitus due to underlying condition with proliferative diabetic retinopathy with traction retinal detachment involving the macula, right eye | 
Diabetes mellitus due to underlying condition with moderate nonproliferative diabetic retinopathy with macular edema, left eye | 
Diabetes mellitus due to underlying condition with proliferative diabetic retinopathy without macular edema, right eye | 
Diabetes mellitus due to underlying condition with stable proliferative diabetic retinopathy, unspecified eye | 
Diabetes mellitus due to underlying condition with severe nonproliferative diabetic retinopathy with macular edema, left eye | 
Diabetes mellitus due to underlying condition with moderate nonproliferative diabetic retinopathy without macular edema, right eye | 
Diabetes mellitus due to underlying condition with proliferative diabetic retinopathy without macular edema, left eye | 
Diabetes mellitus due to underlying condition with severe nonproliferative diabetic retinopathy with macular edema, right eye | 
Diabetes mellitus due to underlying condition with moderate nonproliferative diabetic retinopathy without macular edema, unspecified eye | 
Diabetes mellitus due to underlying condition with moderate nonproliferative diabetic retinopathy without macular edema, left eye | 
Diabetes mellitus due to underlying condition with stable proliferative diabetic retinopathy, right eye | 
Diabetes mellitus due to underlying condition with diabetic macular edema, resolved following treatment, left eye | 
Diabetes mellitus due to underlying condition with proliferative diabetic retinopathy with traction retinal detachment involving the macula, left eye | 
Diabetes mellitus due to underlying condition with stable proliferative diabetic retinopathy, left eye | 
Diabetes mellitus due to underlying condition with diabetic macular edema, resolved following treatment, unspecified eye | 
Diabetes mellitus due to underlying condition with proliferative diabetic retinopathy with combined traction retinal detachment and rhegmatogenous retinal detachment, unspecified eye | 
Diabetes mellitus due to underlying condition with diabetic macular edema, resolved following treatment, right eye | 
Diabetes mellitus due to underlying condition with severe nonproliferative diabetic retinopathy without macular edema, right eye | 
Diabetes mellitus due to underlying condition with severe nonproliferative diabetic retinopathy without macular edema, unspecified eye | 
Diabetes mellitus due to underlying condition with proliferative diabetic retinopathy with combined traction retinal detachment and rhegmatogenous retinal detachment, left eye | 
Diabetes mellitus due to underlying condition with severe nonproliferative diabetic retinopathy with macular edema, unspecified eye | 
Diabetes mellitus due to underlying condition with proliferative diabetic retinopathy with combined traction retinal detachment and rhegmatogenous retinal detachment, right eye | 
Diabetes mellitus due to underlying condition with severe nonproliferative diabetic retinopathy without macular edema, left eye | 
Diabetes mellitus due to underlying condition with proliferative diabetic retinopathy with traction retinal detachment not involving the macula, left eye | 
Diabetes mellitus due to underlying condition with proliferative diabetic retinopathy with traction retinal detachment not involving the macula, right eye | 
Diabetes mellitus due to underlying condition with proliferative diabetic retinopathy with traction retinal detachment involving the macula, unspecified eye | 
Diabetes mellitus due to underlying condition with proliferative diabetic retinopathy with traction retinal detachment not involving the macula, unspecified eye",0.803840877914952,"8801005"
4108644,"Abrasion of eye region",204691,297085,9,"49%~Abrasion of left eyelid and periocular area, initial encounter (S00.212A)45534488;99783 patients | 
45.9%~Abrasion of right eyelid and periocular area, initial encounter (S00.211A)45606837;93952 patients | 
2.6%~Abrasion of unspecified eyelid and periocular area, initial encounter (S00.219A)45592448;5870 patients | 
1.3%~Abrasion of right eyelid and periocular area, subsequent encounter (S00.211D)45577832;2488 patients | 
1.1%~Abrasion of left eyelid and periocular area, subsequent encounter (S00.212D)45553761;2383 patients | 
0.1%~Abrasion of unspecified eyelid and periocular area, subsequent encounter (S00.219D)45592449;215 patients | 
NA | 
NA | 
NA","Abrasion of left eyelid and periocular area, initial encounter | 
Abrasion of right eyelid and periocular area, initial encounter | 
Abrasion of unspecified eyelid and periocular area, initial encounter | 
Abrasion of right eyelid and periocular area, subsequent encounter | 
Abrasion of left eyelid and periocular area, subsequent encounter | 
Abrasion of unspecified eyelid and periocular area, subsequent encounter | 
Abrasion of right eyelid and periocular area | 
Abrasion of left eyelid and periocular area | 
Abrasion of unspecified eyelid and periocular area",0.802469135802469,"283050005"
372894,"Central serous chorioretinopathy",71541,295299,3,"47.8%~Central serous chorioretinopathy, left eye (H35.712)45543038;33031 patients | 
47.6%~Central serous chorioretinopathy, right eye (H35.711)45562234;33171 patients | 
4.6%~Central serous chorioretinopathy, unspecified eye (H35.719)45543039;5339 patients","Central serous chorioretinopathy, left eye | 
Central serous chorioretinopathy, right eye | 
Central serous chorioretinopathy, unspecified eye",0.801097393689986,"312956001"
436695,"Band-shaped keratopathy",69782,285360,3,"49.8%~Band keratopathy, right eye (H18.421)45552621;34058 patients | 
46.7%~Band keratopathy, left eye (H18.422)45552622;31835 patients | 
3.4%~Band keratopathy, unspecified eye (H18.429)45538227;3889 patients","Band keratopathy, right eye | 
Band keratopathy, left eye | 
Band keratopathy, unspecified eye",0.798353909465021,"35055000"
377291,"Peripheral pterygium, progressive",111788,281337,3,"49.3%~Peripheral pterygium, progressive, right eye (H11.051)45571890;54830 patients | 
48.5%~Peripheral pterygium, progressive, left eye (H11.052)45533226;53902 patients | 
2.2%~Peripheral pterygium, progressive, unspecified eye (H11.059)45591257;3056 patients","Peripheral pterygium, progressive, right eye | 
Peripheral pterygium, progressive, left eye | 
Peripheral pterygium, progressive, unspecified eye",0.796982167352538,"193881001"
374931,"Marginal corneal ulcer",99350,280044,3,"50.2%~Marginal corneal ulcer, left eye (H16.042)45533240;48945 patients | 
47.8%~Marginal corneal ulcer, right eye (H16.041)45557341;47568 patients | 
2%~Marginal corneal ulcer, unspecified eye (H16.049)45571901;2837 patients","Marginal corneal ulcer, left eye | 
Marginal corneal ulcer, right eye | 
Marginal corneal ulcer, unspecified eye",0.795610425240055,"47398006"
376412,"Acute follicular conjunctivitis",193181,274876,3,"44%~Acute follicular conjunctivitis, right eye (H10.011)45533212;85507 patients | 
42.5%~Acute follicular conjunctivitis, left eye (H10.012)45591244;82379 patients | 
13.5%~Acute follicular conjunctivitis, unspecified eye (H10.019)45533213;25295 patients","Acute follicular conjunctivitis, right eye | 
Acute follicular conjunctivitis, left eye | 
Acute follicular conjunctivitis, unspecified eye",0.794238683127572,"41308008"
44782821,"Cataract fragments in the eye post cataract surgery",77229,274597,4,"46%~Cataract (lens) fragments in eye following cataract surgery, left eye (H59.022)45600972;33377 patients | 
45.8%~Cataract (lens) fragments in eye following cataract surgery, right eye (H59.021)45581712;33319 patients | 
4.5%~Cataract (lens) fragments in eye following cataract surgery, unspecified eye (H59.029)45576798;6281 patients | 
3.7%~Cataract (lens) fragments in eye following cataract surgery, bilateral (H59.023)45562295;4252 patients","Cataract (lens) fragments in eye following cataract surgery, left eye | 
Cataract (lens) fragments in eye following cataract surgery, right eye | 
Cataract (lens) fragments in eye following cataract surgery, unspecified eye | 
Cataract (lens) fragments in eye following cataract surgery, bilateral",0.792866941015089,"698818007"
4208200,"Postoperative cystoid macular edema",93207,273211,3,"49.6%~Cystoid macular edema following cataract surgery, right eye (H59.031)45533370;45709 patients | 
48.6%~Cystoid macular edema following cataract surgery, left eye (H59.032)45600973;45084 patients | 
1.8%~Cystoid macular edema following cataract surgery, unspecified eye (H59.039)45576799;2414 patients","Cystoid macular edema following cataract surgery, right eye | 
Cystoid macular edema following cataract surgery, left eye | 
Cystoid macular edema following cataract surgery, unspecified eye",0.791495198902606,"312920004"
372914,"Optic atrophy",111309,265414,3,"46.5%~Other optic atrophy, left eye (H47.292)45557446;51055 patients | 
42.1%~Other optic atrophy, right eye (H47.291)45533341;46706 patients | 
11.4%~Other optic atrophy, unspecified eye (H47.299)45571997;13548 patients","Other optic atrophy, left eye | 
Other optic atrophy, right eye | 
Other optic atrophy, unspecified eye",0.790123456790123,"76976005"
432904,"Hyphema",74900,264203,3,"48.9%~Hyphema, right eye (H21.01)45533270;35527 patients | 
48.1%~Hyphema, left eye (H21.02)45576689;35009 patients | 
3%~Hyphema, unspecified eye (H21.00)45586411;4364 patients","Hyphema, right eye | 
Hyphema, left eye | 
Hyphema, unspecified eye",0.788751714677641,"75229002"
378439,"Fourth nerve palsy",92670,257388,3,"44.5%~Fourth [trochlear] nerve palsy, right eye (H49.11)45586496;39727 patients | 
43.8%~Fourth [trochlear] nerve palsy, left eye (H49.12)45586497;39115 patients | 
11.8%~Fourth [trochlear] nerve palsy, unspecified eye (H49.10)45586495;13828 patients","Fourth [trochlear] nerve palsy, right eye | 
Fourth [trochlear] nerve palsy, left eye | 
Fourth [trochlear] nerve palsy, unspecified eye",0.787379972565158,"20610004"
381281,"Degenerative progressive high myopia",86343,257038,15,"29.3%~Degenerative myopia, right eye (H44.21)45562251;29667 patients | 
24.1%~Degenerative myopia, left eye (H44.22)45600930;24351 patients | 
12.9%~Degenerative myopia, unspecified eye (H44.20)45567073;16166 patients | 
6.2%~Degenerative myopia with other maculopathy, right eye (H44.2E1)1326531;3463 patients | 
6%~Degenerative myopia with other maculopathy, left eye (H44.2E2)1326532;3390 patients | 
4.4%~Degenerative myopia with retinal detachment, right eye (H44.2C1)1326521;1936 patients | 
4.1%~Degenerative myopia with macular hole, right eye (H44.2B1)1326516;1790 patients | 
4%~Degenerative myopia with retinal detachment, left eye (H44.2C2)1326522;1743 patients | 
3.9%~Degenerative myopia with macular hole, left eye (H44.2B2)1326517;1806 patients | 
2.2%~Degenerative myopia with foveoschisis, right eye (H44.2D1)1326526;753 patients | 
2%~Degenerative myopia with foveoschisis, left eye (H44.2D2)1326527;735 patients | 
0.5%~Degenerative myopia with macular hole, unspecified eye (H44.2B9)1326519;281 patients | 
0.3%~Degenerative myopia with other maculopathy, unspecified eye (H44.2E9)1326534;152 patients | 
0.1%~Degenerative myopia with retinal detachment, unspecified eye (H44.2C9)1326524;77 patients | 
0.1%~Degenerative myopia with foveoschisis, unspecified eye (H44.2D9)1326529;33 patients","Degenerative myopia, right eye | 
Degenerative myopia, left eye | 
Degenerative myopia, unspecified eye | 
Degenerative myopia with other maculopathy, right eye | 
Degenerative myopia with other maculopathy, left eye | 
Degenerative myopia with retinal detachment, right eye | 
Degenerative myopia with macular hole, right eye | 
Degenerative myopia with retinal detachment, left eye | 
Degenerative myopia with macular hole, left eye | 
Degenerative myopia with foveoschisis, right eye | 
Degenerative myopia with foveoschisis, left eye | 
Degenerative myopia with macular hole, unspecified eye | 
Degenerative myopia with other maculopathy, unspecified eye | 
Degenerative myopia with retinal detachment, unspecified eye | 
Degenerative myopia with foveoschisis, unspecified eye",0.786008230452675,"32022003"
40482507,"Incipient senile cataract",140279,255839,3,"37.1%~Other age-related incipient cataract, right eye (H25.091)45547841;52600 patients | 
34.5%~Other age-related incipient cataract, left eye (H25.092)45547842;49137 patients | 
28.4%~Other age-related incipient cataract, unspecified eye (H25.099)45591299;38542 patients","Other age-related incipient cataract, right eye | 
Other age-related incipient cataract, left eye | 
Other age-related incipient cataract, unspecified eye",0.784636488340192,"445213003"
441283,"Recurrent iridocyclitis",73590,254185,3,"48.6%~Recurrent acute iridocyclitis, left eye (H20.022)45533266;35155 patients | 
45.8%~Recurrent acute iridocyclitis, right eye (H20.021)45571912;33166 patients | 
5.6%~Recurrent acute iridocyclitis, unspecified eye (H20.029)45533267;5269 patients","Recurrent acute iridocyclitis, left eye | 
Recurrent acute iridocyclitis, right eye | 
Recurrent acute iridocyclitis, unspecified eye",0.783264746227709,"6869001"
45763781,"Ulcerative blepharitis of lower eyelid",121889,249638,2,"53.7%~Ulcerative blepharitis right lower eyelid (H01.012)45538157;65300 patients | 
46.3%~Ulcerative blepharitis left lower eyelid (H01.015)45542922;56589 patients","Ulcerative blepharitis right lower eyelid | 
Ulcerative blepharitis left lower eyelid",0.781893004115226,"700291008"
376132,"Ectropion",119873,249158,3,"40.7%~Unspecified ectropion of unspecified eye, unspecified eyelid (H02.109)45552562;46267 patients | 
30.9%~Unspecified ectropion of right eye, unspecified eyelid (H02.103)45557277;38385 patients | 
28.4%~Unspecified ectropion of left eye, unspecified eyelid (H02.106)45586338;35221 patients","Unspecified ectropion of unspecified eye, unspecified eyelid | 
Unspecified ectropion of right eye, unspecified eyelid | 
Unspecified ectropion of left eye, unspecified eyelid",0.780521262002744,"62909004"
438155,"Glaucomatous atrophy of optic disc",105036,244617,3,"36.2%~Glaucomatous optic atrophy, left eye (H47.232)45557445;36871 patients | 
35.9%~Glaucomatous optic atrophy, right eye (H47.231)45567082;36756 patients | 
27.9%~Glaucomatous optic atrophy, unspecified eye (H47.239)45576780;31409 patients","Glaucomatous optic atrophy, left eye | 
Glaucomatous optic atrophy, right eye | 
Glaucomatous optic atrophy, unspecified eye",0.777777777777778,"1207009"
4338896,"Traction retinal detachment involving macula",40416,244277,15,"41.1%~Type 2 diabetes mellitus with proliferative diabetic retinopathy with traction retinal detachment involving the macula, left eye (E11.3522)37200228;16223 patients | 
38.6%~Type 2 diabetes mellitus with proliferative diabetic retinopathy with traction retinal detachment involving the macula, right eye (E11.3521)37200227;15316 patients | 
6.3%~Type 1 diabetes mellitus with proliferative diabetic retinopathy with traction retinal detachment involving the macula, left eye (E10.3522)37200171;2680 patients | 
6.1%~Type 1 diabetes mellitus with proliferative diabetic retinopathy with traction retinal detachment involving the macula, right eye (E10.3521)37200170;2732 patients | 
3.6%~Diabetes mellitus due to underlying condition with proliferative diabetic retinopathy with traction retinal detachment involving the macula, right eye (E08.3521)37200056;1259 patients | 
1.4%~Type 2 diabetes mellitus with proliferative diabetic retinopathy with traction retinal detachment involving the macula, unspecified eye (E11.3529)37200230;835 patients | 
1.4%~Diabetes mellitus due to underlying condition with proliferative diabetic retinopathy with traction retinal detachment involving the macula, left eye (E08.3522)37200057;607 patients | 
0.5%~Diabetes mellitus due to underlying condition with proliferative diabetic retinopathy with traction retinal detachment involving the macula, unspecified eye (E08.3529)37200059;180 patients | 
0.3%~Other specified diabetes mellitus with proliferative diabetic retinopathy with traction retinal detachment involving the macula, right eye (E13.3521)37200284;149 patients | 
0.2%~Type 1 diabetes mellitus with proliferative diabetic retinopathy with traction retinal detachment involving the macula, unspecified eye (E10.3529)37200173;167 patients | 
0.2%~Other specified diabetes mellitus with proliferative diabetic retinopathy with traction retinal detachment involving the macula, left eye (E13.3522)37200285;147 patients | 
0.1%~Drug or chemical induced diabetes mellitus with proliferative diabetic retinopathy with traction retinal detachment involving the macula, left eye (E09.3522)37200114;38 patients | 
0.1%~Other specified diabetes mellitus with proliferative diabetic retinopathy with traction retinal detachment involving the macula, unspecified eye (E13.3529)37200287;43 patients | 
0.1%~Drug or chemical induced diabetes mellitus with proliferative diabetic retinopathy with traction retinal detachment involving the macula, right eye (E09.3521)37200113;40 patients | 
NA","Type 2 diabetes mellitus with proliferative diabetic retinopathy with traction retinal detachment involving the macula, left eye | 
Type 2 diabetes mellitus with proliferative diabetic retinopathy with traction retinal detachment involving the macula, right eye | 
Type 1 diabetes mellitus with proliferative diabetic retinopathy with traction retinal detachment involving the macula, left eye | 
Type 1 diabetes mellitus with proliferative diabetic retinopathy with traction retinal detachment involving the macula, right eye | 
Diabetes mellitus due to underlying condition with proliferative diabetic retinopathy with traction retinal detachment involving the macula, right eye | 
Type 2 diabetes mellitus with proliferative diabetic retinopathy with traction retinal detachment involving the macula, unspecified eye | 
Diabetes mellitus due to underlying condition with proliferative diabetic retinopathy with traction retinal detachment involving the macula, left eye | 
Diabetes mellitus due to underlying condition with proliferative diabetic retinopathy with traction retinal detachment involving the macula, unspecified eye | 
Other specified diabetes mellitus with proliferative diabetic retinopathy with traction retinal detachment involving the macula, right eye | 
Type 1 diabetes mellitus with proliferative diabetic retinopathy with traction retinal detachment involving the macula, unspecified eye | 
Other specified diabetes mellitus with proliferative diabetic retinopathy with traction retinal detachment involving the macula, left eye | 
Drug or chemical induced diabetes mellitus with proliferative diabetic retinopathy with traction retinal detachment involving the macula, left eye | 
Other specified diabetes mellitus with proliferative diabetic retinopathy with traction retinal detachment involving the macula, unspecified eye | 
Drug or chemical induced diabetes mellitus with proliferative diabetic retinopathy with traction retinal detachment involving the macula, right eye | 
Drug or chemical induced diabetes mellitus with proliferative diabetic retinopathy with traction retinal detachment involving the macula, unspecified eye",0.776406035665295,"232010004"
374036,"Chronic conjunctivitis",111164,242769,6,"21.3%~Chronic giant papillary conjunctivitis, right eye (H10.411)45557325;19439 patients | 
21.1%~Chronic giant papillary conjunctivitis, left eye (H10.412)45538200;19091 patients | 
17.4%~Unspecified chronic conjunctivitis, unspecified eye (H10.409)45552587;19270 patients | 
16.8%~Unspecified chronic conjunctivitis, left eye (H10.402)45576655;23509 patients | 
15.7%~Unspecified chronic conjunctivitis, right eye (H10.401)45581573;22552 patients | 
7.8%~Chronic giant papillary conjunctivitis, unspecified eye (H10.419)45552588;7303 patients","Chronic giant papillary conjunctivitis, right eye | 
Chronic giant papillary conjunctivitis, left eye | 
Unspecified chronic conjunctivitis, unspecified eye | 
Unspecified chronic conjunctivitis, left eye | 
Unspecified chronic conjunctivitis, right eye | 
Chronic giant papillary conjunctivitis, unspecified eye",0.775034293552812,"73762008"
372627,"Transient visual loss",123117,238836,3,"37.6%~Transient visual loss, left eye (H53.122)45547939;44395 patients | 
36.9%~Transient visual loss, right eye (H53.121)45562276;44112 patients | 
25.5%~Transient visual loss, unspecified eye (H53.129)45600960;34610 patients","Transient visual loss, left eye | 
Transient visual loss, right eye | 
Transient visual loss, unspecified eye",0.772290809327846,"36994005"
377558,"Irregular astigmatism",142424,238137,3,"40.9%~Irregular astigmatism, right eye (H52.211)45547936;58774 patients | 
39.1%~Irregular astigmatism, left eye (H52.212)45557464;55276 patients | 
20%~Irregular astigmatism, unspecified eye (H52.219)45581702;28374 patients","Irregular astigmatism, right eye | 
Irregular astigmatism, left eye | 
Irregular astigmatism, unspecified eye",0.770919067215364,"47099006"
45763814,"Cyst of lower eyelid",140622,237413,2,"51.4%~Cysts of left lower eyelid (H02.825)45586346;72240 patients | 
48.6%~Cysts of right lower eyelid (H02.822)45566932;68382 patients","Cysts of left lower eyelid | 
Cysts of right lower eyelid",0.769547325102881,"700330005"
45763823,"Allergic contact dermatitis of upper eyelid",149333,234388,2,"54.7%~Allergic dermatitis of right upper eyelid (H01.111)45595972;80602 patients | 
45.3%~Allergic dermatitis of left upper eyelid (H01.114)45586334;68731 patients","Allergic dermatitis of right upper eyelid | 
Allergic dermatitis of left upper eyelid",0.768175582990398,"700340008"
45763790,"Cyst of upper eyelid",135595,228490,2,"51.6%~Cysts of right upper eyelid (H02.821)45557287;70169 patients | 
48.4%~Cysts of left upper eyelid (H02.824)45542945;65426 patients","Cysts of right upper eyelid | 
Cysts of left upper eyelid",0.765432098765432,"700302005"
376984,"Conjunctival cyst",119232,228214,3,"49.3%~Conjunctival cysts, left eye (H11.442)45547813;58480 patients | 
47.9%~Conjunctival cysts, right eye (H11.441)45557329;56716 patients | 
2.8%~Conjunctival cysts, unspecified eye (H11.449)45557330;4036 patients","Conjunctival cysts, left eye | 
Conjunctival cysts, right eye | 
Conjunctival cysts, unspecified eye",0.764060356652949,"193901000"
37016179,"Mild nonproliferative retinopathy due to type 1 diabetes mellitus",61498,225272,6,"25.6%~Type 1 diabetes mellitus with mild nonproliferative diabetic retinopathy without macular edema, unspecified eye (E10.3299)37200148;13427 patients | 
18%~Type 1 diabetes mellitus with mild nonproliferative diabetic retinopathy with macular edema, right eye (E10.3211)37200141;7081 patients | 
17.9%~Type 1 diabetes mellitus with mild nonproliferative diabetic retinopathy without macular edema, right eye (E10.3291)37200145;17315 patients | 
15.2%~Type 1 diabetes mellitus with mild nonproliferative diabetic retinopathy with macular edema, left eye (E10.3212)37200142;6006 patients | 
14.9%~Type 1 diabetes mellitus with mild nonproliferative diabetic retinopathy without macular edema, left eye (E10.3292)37200146;14795 patients | 
8.4%~Type 1 diabetes mellitus with mild nonproliferative diabetic retinopathy with macular edema, unspecified eye (E10.3219)37200144;2874 patients","Type 1 diabetes mellitus with mild nonproliferative diabetic retinopathy without macular edema, unspecified eye | 
Type 1 diabetes mellitus with mild nonproliferative diabetic retinopathy with macular edema, right eye | 
Type 1 diabetes mellitus with mild nonproliferative diabetic retinopathy without macular edema, right eye | 
Type 1 diabetes mellitus with mild nonproliferative diabetic retinopathy with macular edema, left eye | 
Type 1 diabetes mellitus with mild nonproliferative diabetic retinopathy without macular edema, left eye | 
Type 1 diabetes mellitus with mild nonproliferative diabetic retinopathy with macular edema, unspecified eye",0.761316872427984,"138881000119106"
372479,"Laceration of eye",100998,223735,9,"36.2%~Ocular laceration without prolapse or loss of intraocular tissue, left eye, initial encounter (S05.32XA)45544240;36984 patients | 
33.4%~Ocular laceration without prolapse or loss of intraocular tissue, right eye, initial encounter (S05.31XA)45553829;34452 patients | 
10.3%~Ocular laceration without prolapse or loss of intraocular tissue, left eye, subsequent encounter (S05.32XD)45602087;7632 patients | 
9.9%~Ocular laceration without prolapse or loss of intraocular tissue, unspecified eye, initial encounter (S05.30XA)45592500;13933 patients | 
9.4%~Ocular laceration without prolapse or loss of intraocular tissue, right eye, subsequent encounter (S05.31XD)45544239;7167 patients | 
0.8%~Ocular laceration without prolapse or loss of intraocular tissue, unspecified eye, subsequent encounter (S05.30XD)45602086;830 patients | 
NA | 
NA | 
NA","Ocular laceration without prolapse or loss of intraocular tissue, left eye, initial encounter | 
Ocular laceration without prolapse or loss of intraocular tissue, right eye, initial encounter | 
Ocular laceration without prolapse or loss of intraocular tissue, left eye, subsequent encounter | 
Ocular laceration without prolapse or loss of intraocular tissue, unspecified eye, initial encounter | 
Ocular laceration without prolapse or loss of intraocular tissue, right eye, subsequent encounter | 
Ocular laceration without prolapse or loss of intraocular tissue, unspecified eye, subsequent encounter | 
Ocular laceration without prolapse or loss of intraocular tissue, left eye | 
Ocular laceration without prolapse or loss of intraocular tissue, unspecified eye | 
Ocular laceration without prolapse or loss of intraocular tissue, right eye",0.759945130315501,"231795004"
381021,"Lagophthalmos",106374,222438,9,"18.1%~Unspecified lagophthalmos right eye, unspecified eyelid (H02.203)45591224;18663 patients | 
17.3%~Unspecified lagophthalmos unspecified eye, unspecified eyelid (H02.209)45562130;17290 patients | 
16.2%~Unspecified lagophthalmos right upper eyelid (H02.201)45542932;17508 patients | 
14.9%~Unspecified lagophthalmos left eye, unspecified eyelid (H02.206)45566922;14865 patients | 
14.6%~Unspecified lagophthalmos left upper eyelid (H02.204)45566921;15821 patients | 
9.2%~Unspecified lagophthalmos right lower eyelid (H02.202)45600826;10628 patients | 
8.5%~Unspecified lagophthalmos left lower eyelid (H02.205)45562129;10175 patients | 
0.6%~Unspecified lagophthalmos right eye, upper and lower eyelids (H02.20A)1595564;724 patients | 
0.6%~Unspecified lagophthalmos left eye, upper and lower eyelids (H02.20B)1595565;700 patients","Unspecified lagophthalmos right eye, unspecified eyelid | 
Unspecified lagophthalmos unspecified eye, unspecified eyelid | 
Unspecified lagophthalmos right upper eyelid | 
Unspecified lagophthalmos left eye, unspecified eyelid | 
Unspecified lagophthalmos left upper eyelid | 
Unspecified lagophthalmos right lower eyelid | 
Unspecified lagophthalmos left lower eyelid | 
Unspecified lagophthalmos right eye, upper and lower eyelids | 
Unspecified lagophthalmos left eye, upper and lower eyelids",0.758573388203018,"60735000"
604700,"Glaucoma suspect caused by corticosteroid",53801,214697,3,"47.3%~Steroid responder, right eye (H40.041)45557413;24325 patients | 
45.8%~Steroid responder, left eye (H40.042)45576739;23913 patients | 
6.9%~Steroid responder, unspecified eye (H40.049)45543043;5563 patients","Steroid responder, right eye | 
Steroid responder, left eye | 
Steroid responder, unspecified eye",0.757201646090535,"1003530008"
374643,"Superficial keratitis",112370,214396,3,"48.1%~Unspecified superficial keratitis, left eye (H16.102)45547820;53754 patients | 
42.9%~Unspecified superficial keratitis, right eye (H16.101)45600862;48222 patients | 
9.1%~Unspecified superficial keratitis, unspecified eye (H16.109)45566975;10394 patients","Unspecified superficial keratitis, left eye | 
Unspecified superficial keratitis, right eye | 
Unspecified superficial keratitis, unspecified eye",0.755829903978052,"27019000"
4319602,"Lower eyelid entropion",85901,209521,2,"54%~Unspecified entropion of right lower eyelid (H02.002)45552558;45850 patients | 
46%~Unspecified entropion of left lower eyelid (H02.005)45542927;40051 patients","Unspecified entropion of right lower eyelid | 
Unspecified entropion of left lower eyelid",0.754458161865569,"95754008"
377280,"Disorder of cornea",87664,207573,5,"41.9%~Other specified disorders of cornea, left eye (H18.892)45538231;37059 patients | 
41.1%~Other specified disorders of cornea, right eye (H18.891)45600881;36655 patients | 
15.2%~Other specified disorders of cornea, unspecified eye (H18.899)45562188;12937 patients | 
1.1%~Corneal transplant rejection, unspecified eye (T86.8409)725613;504 patients | 
0.7%~Corneal transplant failure, unspecified eye (T86.8419)725617;509 patients","Other specified disorders of cornea, left eye | 
Other specified disorders of cornea, right eye | 
Other specified disorders of cornea, unspecified eye | 
Corneal transplant rejection, unspecified eye | 
Corneal transplant failure, unspecified eye",0.753086419753086,"15250008"
4218083,"Episcleritis",96698,201701,4,"46.7%~Unspecified episcleritis, left eye (H15.102)45576664;45352 patients | 
44%~Unspecified episcleritis, right eye (H15.101)45533235;42452 patients | 
7.8%~Unspecified episcleritis, unspecified eye (H15.109)45538209;7242 patients | 
1.4%~Episcleritis periodica fugax, unspecified eye (H15.119)45552600;1652 patients","Unspecified episcleritis, left eye | 
Unspecified episcleritis, right eye | 
Unspecified episcleritis, unspecified eye | 
Episcleritis periodica fugax, unspecified eye",0.751714677640604,"815008"
4147020,"Insect bite of eyelids and periocular area",135501,196981,18,"45.2%~Insect bite (nonvenomous) of left eyelid and periocular area, initial encounter (S00.262A)45549001;60769 patients | 
45.2%~Insect bite (nonvenomous) of right eyelid and periocular area, initial encounter (S00.261A)45573054;60735 patients | 
4.8%~Insect bite (nonvenomous) of unspecified eyelid and periocular area, initial encounter (S00.269A)45539377;7153 patients | 
1.2%~Other superficial bite of right eyelid and periocular area, initial encounter (S00.271A)45573055;1771 patients | 
1.1%~Other superficial bite of left eyelid and periocular area, initial encounter (S00.272A)45582743;1702 patients | 
1%~Insect bite (nonvenomous) of right eyelid and periocular area, subsequent encounter (S00.261D)45539376;1340 patients | 
1%~Insect bite (nonvenomous) of left eyelid and periocular area, subsequent encounter (S00.262D)45587543;1337 patients | 
0.3%~Insect bite (nonvenomous) of unspecified eyelid and periocular area, subsequent encounter (S00.269D)45597220;477 patients | 
0.1%~Other superficial bite of unspecified eyelid and periocular area, initial encounter (S00.279A)45592452;103 patients | 
0%~Other superficial bite of right eyelid and periocular area, subsequent encounter (S00.271D)45558501;49 patients | 
0%~Other superficial bite of left eyelid and periocular area, subsequent encounter (S00.272D)45587545;54 patients | 
0%~Other superficial bite of unspecified eyelid and periocular area, subsequent encounter (S00.279D)45597221;11 patients | 
NA | 
NA | 
NA | 
NA | 
NA | 
NA","Insect bite (nonvenomous) of left eyelid and periocular area, initial encounter | 
Insect bite (nonvenomous) of right eyelid and periocular area, initial encounter | 
Insect bite (nonvenomous) of unspecified eyelid and periocular area, initial encounter | 
Other superficial bite of right eyelid and periocular area, initial encounter | 
Other superficial bite of left eyelid and periocular area, initial encounter | 
Insect bite (nonvenomous) of right eyelid and periocular area, subsequent encounter | 
Insect bite (nonvenomous) of left eyelid and periocular area, subsequent encounter | 
Insect bite (nonvenomous) of unspecified eyelid and periocular area, subsequent encounter | 
Other superficial bite of unspecified eyelid and periocular area, initial encounter | 
Other superficial bite of right eyelid and periocular area, subsequent encounter | 
Other superficial bite of left eyelid and periocular area, subsequent encounter | 
Other superficial bite of unspecified eyelid and periocular area, subsequent encounter | 
Insect bite (nonvenomous) of unspecified eyelid and periocular area | 
Other superficial bite of right eyelid and periocular area | 
Other superficial bite of left eyelid and periocular area | 
Insect bite (nonvenomous) of left eyelid and periocular area | 
Other superficial bite of unspecified eyelid and periocular area | 
Insect bite (nonvenomous) of right eyelid and periocular area",0.748971193415638,"269211001"
440396,"Glaucoma due to ocular trauma",47184,196203,24,"16.6%~Glaucoma secondary to eye trauma, right eye, severe stage (H40.31X3)45567059;5918 patients | 
16.3%~Glaucoma secondary to eye trauma, left eye, severe stage (H40.32X3)45596092;6117 patients | 
9.2%~Glaucoma secondary to eye trauma, left eye, moderate stage (H40.32X2)45605684;3895 patients | 
8.2%~Glaucoma secondary to eye trauma, right eye, moderate stage (H40.31X2)45581670;3512 patients | 
7.4%~Glaucoma secondary to eye trauma, right eye, mild stage (H40.31X1)45586462;3476 patients | 
7.2%~Glaucoma secondary to eye trauma, left eye, mild stage (H40.32X1)45576751;3396 patients | 
6.1%~Glaucoma secondary to eye trauma, left eye, stage unspecified (H40.32X0)45591349;3792 patients | 
5.9%~Glaucoma secondary to eye trauma, unspecified eye, stage unspecified (H40.30X0)45543049;2876 patients | 
5.4%~Glaucoma secondary to eye trauma, right eye, stage unspecified (H40.31X0)45533316;3515 patients | 
4.1%~Glaucoma secondary to eye trauma, left eye, indeterminate stage (H40.32X4)45547891;2232 patients | 
4%~Glaucoma secondary to eye trauma, right eye, indeterminate stage (H40.31X4)45557428;2153 patients | 
2%~Glaucoma secondary to eye trauma, bilateral, severe stage (H40.33X3)45567061;1051 patients | 
1.9%~Glaucoma secondary to eye trauma, bilateral, moderate stage (H40.33X2)45567060;1113 patients | 
1.5%~Glaucoma secondary to eye trauma, bilateral, mild stage (H40.33X1)45581671;945 patients | 
1.2%~Glaucoma secondary to eye trauma, bilateral, stage unspecified (H40.33X0)45605685;1091 patients | 
0.8%~Glaucoma secondary to eye trauma, bilateral, indeterminate stage (H40.33X4)45547893;450 patients | 
0.8%~Glaucoma secondary to eye trauma, unspecified eye, severe stage (H40.30X3)45562243;515 patients | 
0.6%~Glaucoma secondary to eye trauma, unspecified eye, moderate stage (H40.30X2)45538282;483 patients | 
0.6%~Glaucoma secondary to eye trauma, unspecified eye, mild stage (H40.30X1)45557426;435 patients | 
0.3%~Glaucoma secondary to eye trauma, unspecified eye, indeterminate stage (H40.30X4)45567058;219 patients | 
NA | 
NA | 
NA | 
NA","Glaucoma secondary to eye trauma, right eye, severe stage | 
Glaucoma secondary to eye trauma, left eye, severe stage | 
Glaucoma secondary to eye trauma, left eye, moderate stage | 
Glaucoma secondary to eye trauma, right eye, moderate stage | 
Glaucoma secondary to eye trauma, right eye, mild stage | 
Glaucoma secondary to eye trauma, left eye, mild stage | 
Glaucoma secondary to eye trauma, left eye, stage unspecified | 
Glaucoma secondary to eye trauma, unspecified eye, stage unspecified | 
Glaucoma secondary to eye trauma, right eye, stage unspecified | 
Glaucoma secondary to eye trauma, left eye, indeterminate stage | 
Glaucoma secondary to eye trauma, right eye, indeterminate stage | 
Glaucoma secondary to eye trauma, bilateral, severe stage | 
Glaucoma secondary to eye trauma, bilateral, moderate stage | 
Glaucoma secondary to eye trauma, bilateral, mild stage | 
Glaucoma secondary to eye trauma, bilateral, stage unspecified | 
Glaucoma secondary to eye trauma, bilateral, indeterminate stage | 
Glaucoma secondary to eye trauma, unspecified eye, severe stage | 
Glaucoma secondary to eye trauma, unspecified eye, moderate stage | 
Glaucoma secondary to eye trauma, unspecified eye, mild stage | 
Glaucoma secondary to eye trauma, unspecified eye, indeterminate stage | 
Glaucoma secondary to eye trauma, unspecified eye | 
Glaucoma secondary to eye trauma, right eye | 
Glaucoma secondary to eye trauma, left eye | 
Glaucoma secondary to eye trauma, bilateral",0.747599451303155,"68241007"
437847,"Partial retinal artery occlusion",66959,195863,3,"49.5%~Partial retinal artery occlusion, right eye (H34.211)45600902;32095 patients | 
41%~Partial retinal artery occlusion, left eye (H34.212)45586443;26896 patients | 
9.4%~Partial retinal artery occlusion, unspecified eye (H34.219)45552668;7968 patients","Partial retinal artery occlusion, right eye | 
Partial retinal artery occlusion, left eye | 
Partial retinal artery occlusion, unspecified eye",0.746227709190672,"776009"
374360,"Disorder of optic nerve",82879,194466,3,"34.8%~Other disorders of optic nerve, not elsewhere classified, unspecified eye (H47.099)45596115;24350 patients | 
32.9%~Other disorders of optic nerve, not elsewhere classified, right eye (H47.091)45586487;29187 patients | 
32.4%~Other disorders of optic nerve, not elsewhere classified, left eye (H47.092)45605704;29342 patients","Other disorders of optic nerve, not elsewhere classified, unspecified eye | 
Other disorders of optic nerve, not elsewhere classified, right eye | 
Other disorders of optic nerve, not elsewhere classified, left eye",0.744855967078189,"77157004"
4318656,"Postsurgical chorioretinal scar",77254,194417,3,"51.2%~Chorioretinal scars after surgery for detachment, right eye (H59.811)45567107;39122 patients | 
46.4%~Chorioretinal scars after surgery for detachment, left eye (H59.812)45547945;35846 patients | 
2.4%~Chorioretinal scars after surgery for detachment, unspecified eye (H59.819)45600977;2286 patients","Chorioretinal scars after surgery for detachment, right eye | 
Chorioretinal scars after surgery for detachment, left eye | 
Chorioretinal scars after surgery for detachment, unspecified eye",0.743484224965706,"22017009"
4222138,"Allergic contact dermatitis of eyelid",118488,193612,3,"52.1%~Allergic dermatitis of unspecified eye, unspecified eyelid (H01.119)45566914;60983 patients | 
26.7%~Allergic dermatitis of right eye, unspecified eyelid (H01.113)45571846;31888 patients | 
21.2%~Allergic dermatitis of left eye, unspecified eyelid (H01.116)45557269;25617 patients","Allergic dermatitis of unspecified eye, unspecified eyelid | 
Allergic dermatitis of right eye, unspecified eyelid | 
Allergic dermatitis of left eye, unspecified eyelid",0.742112482853224,"402249007"
443545,"Nonvenomous insect bite",131811,192163,9,"46.4%~Insect bite (nonvenomous) of left eyelid and periocular area, initial encounter (S00.262A)45549001;60769 patients | 
46.3%~Insect bite (nonvenomous) of right eyelid and periocular area, initial encounter (S00.261A)45573054;60735 patients | 
4.9%~Insect bite (nonvenomous) of unspecified eyelid and periocular area, initial encounter (S00.269A)45539377;7153 patients | 
1.1%~Insect bite (nonvenomous) of right eyelid and periocular area, subsequent encounter (S00.261D)45539376;1340 patients | 
1%~Insect bite (nonvenomous) of left eyelid and periocular area, subsequent encounter (S00.262D)45587543;1337 patients | 
0.4%~Insect bite (nonvenomous) of unspecified eyelid and periocular area, subsequent encounter (S00.269D)45597220;477 patients | 
NA | 
NA | 
NA","Insect bite (nonvenomous) of left eyelid and periocular area, initial encounter | 
Insect bite (nonvenomous) of right eyelid and periocular area, initial encounter | 
Insect bite (nonvenomous) of unspecified eyelid and periocular area, initial encounter | 
Insect bite (nonvenomous) of right eyelid and periocular area, subsequent encounter | 
Insect bite (nonvenomous) of left eyelid and periocular area, subsequent encounter | 
Insect bite (nonvenomous) of unspecified eyelid and periocular area, subsequent encounter | 
Insect bite (nonvenomous) of unspecified eyelid and periocular area | 
Insect bite (nonvenomous) of left eyelid and periocular area | 
Insect bite (nonvenomous) of right eyelid and periocular area",0.740740740740741,"429305003"
436108,"Acute angle-closure glaucoma",52850,191324,3,"33.9%~Acute angle-closure glaucoma, right eye (H40.211)45557423;20527 patients | 
33.3%~Acute angle-closure glaucoma, unspecified eye (H40.219)45543047;12250 patients | 
32.8%~Acute angle-closure glaucoma, left eye (H40.212)45547889;20073 patients","Acute angle-closure glaucoma, right eye | 
Acute angle-closure glaucoma, unspecified eye | 
Acute angle-closure glaucoma, left eye",0.739368998628258,"30041005"
381282,"Retinoschisis",50083,189607,3,"36%~Unspecified retinoschisis, left eye (H33.102)45538257;24225 patients | 
35.1%~Unspecified retinoschisis, right eye (H33.101)45586441;23190 patients | 
28.9%~Unspecified retinoschisis, unspecified eye (H33.109)45567031;2668 patients","Unspecified retinoschisis, left eye | 
Unspecified retinoschisis, right eye | 
Unspecified retinoschisis, unspecified eye",0.737997256515775,"44268007"
377556,"Sudden visual loss",97076,184497,3,"41%~Sudden visual loss, right eye (H53.131)45562277;39782 patients | 
39.7%~Sudden visual loss, left eye (H53.132)45576790;38233 patients | 
19.3%~Sudden visual loss, unspecified eye (H53.139)45572013;19061 patients","Sudden visual loss, right eye | 
Sudden visual loss, left eye | 
Sudden visual loss, unspecified eye",0.732510288065844,"15203004"
4078543,"Absolute glaucoma",35663,178859,3,"49.1%~Absolute glaucoma, unspecified eye (H44.519)45591366;12517 patients | 
26%~Absolute glaucoma, right eye (H44.511)45596107;11749 patients | 
25%~Absolute glaucoma, left eye (H44.512)45596108;11397 patients","Absolute glaucoma, unspecified eye | 
Absolute glaucoma, right eye | 
Absolute glaucoma, left eye",0.729766803840878,"19144002"
374347,"Blepharoconjunctivitis",104924,176676,3,"40.8%~Unspecified blepharoconjunctivitis, left eye (H10.502)45600849;44826 patients | 
40.1%~Unspecified blepharoconjunctivitis, right eye (H10.501)45566959;41963 patients | 
19.1%~Unspecified blepharoconjunctivitis, unspecified eye (H10.509)45562157;18135 patients","Unspecified blepharoconjunctivitis, left eye | 
Unspecified blepharoconjunctivitis, right eye | 
Unspecified blepharoconjunctivitis, unspecified eye",0.728395061728395,"68659002"
380406,"Intermittent monocular exotropia",71882,176113,2,"52%~Intermittent monocular exotropia, left eye (H50.332)45600954;37793 patients | 
48%~Intermittent monocular exotropia, right eye (H50.331)45586501;34089 patients","Intermittent monocular exotropia, left eye | 
Intermittent monocular exotropia, right eye",0.727023319615912,"194103006"
373479,"Peripheral opacity of cornea",83196,174876,3,"50.4%~Peripheral opacity of cornea, right eye (H17.821)45591277;41841 patients | 
46.7%~Peripheral opacity of cornea, left eye (H17.822)45566990;38856 patients | 
2.9%~Peripheral opacity of cornea, unspecified eye (H17.829)45562172;2499 patients","Peripheral opacity of cornea, right eye | 
Peripheral opacity of cornea, left eye | 
Peripheral opacity of cornea, unspecified eye",0.725651577503429,"55713007"
434033,"Chorioretinitis",43989,172604,6,"30.7%~Unspecified chorioretinal inflammation, left eye (H30.92)45596060;11936 patients | 
30.1%~Unspecified chorioretinal inflammation, right eye (H30.91)45571938;11204 patients | 
19.7%~Unspecified chorioretinal inflammation, unspecified eye (H30.90)45605660;9292 patients | 
7.7%~Other chorioretinal inflammations, right eye (H30.891)45567024;4515 patients | 
7.2%~Other chorioretinal inflammations, left eye (H30.892)45552652;4154 patients | 
4.7%~Other chorioretinal inflammations, unspecified eye (H30.899)45552653;2888 patients","Unspecified chorioretinal inflammation, left eye | 
Unspecified chorioretinal inflammation, right eye | 
Unspecified chorioretinal inflammation, unspecified eye | 
Other chorioretinal inflammations, right eye | 
Other chorioretinal inflammations, left eye | 
Other chorioretinal inflammations, unspecified eye",0.724279835390947,"46627006"
377283,"Conjunctival hyperemia",115649,171991,3,"40.1%~Conjunctival hyperemia, right eye (H11.431)45562164;46743 patients | 
39%~Conjunctival hyperemia, left eye (H11.432)45596016;46006 patients | 
20.9%~Conjunctival hyperemia, unspecified eye (H11.439)45596017;22900 patients","Conjunctival hyperemia, right eye | 
Conjunctival hyperemia, left eye | 
Conjunctival hyperemia, unspecified eye",0.722908093278464,"193894004"
441558,"Ulcerative blepharitis",88075,170136,5,"32.5%~Ulcerative blepharitis unspecified eye, unspecified eyelid (H01.019)45586333;24021 patients | 
23.2%~Ulcerative blepharitis right eye, upper and lower eyelids (H01.01A)1595552;21112 patients | 
20.7%~Ulcerative blepharitis left eye, upper and lower eyelids (H01.01B)1595553;19281 patients | 
13.9%~Ulcerative blepharitis right eye, unspecified eyelid (H01.013)45600817;13939 patients | 
9.6%~Ulcerative blepharitis left eye, unspecified eyelid (H01.016)45542923;9722 patients","Ulcerative blepharitis unspecified eye, unspecified eyelid | 
Ulcerative blepharitis right eye, upper and lower eyelids | 
Ulcerative blepharitis left eye, upper and lower eyelids | 
Ulcerative blepharitis right eye, unspecified eyelid | 
Ulcerative blepharitis left eye, unspecified eyelid",0.721536351165981,"91662004"
45763762,"Abnormal retraction of lower eyelid",68748,169938,2,"50.9%~Eyelid retraction right lower eyelid (H02.532)45566927;34928 patients | 
49.1%~Eyelid retraction left lower eyelid (H02.535)45542940;33820 patients","Eyelid retraction right lower eyelid | 
Eyelid retraction left lower eyelid",0.720164609053498,"700264006"
381291,"Neurotrophic keratoconjunctivitis",29740,169357,3,"48.3%~Neurotrophic keratoconjunctivitis, left eye (H16.232)45600866;14134 patients | 
47.6%~Neurotrophic keratoconjunctivitis, right eye (H16.231)45562168;13817 patients | 
4.1%~Neurotrophic keratoconjunctivitis, unspecified eye (H16.239)45557346;1789 patients","Neurotrophic keratoconjunctivitis, left eye | 
Neurotrophic keratoconjunctivitis, right eye | 
Neurotrophic keratoconjunctivitis, unspecified eye",0.718792866941015,"77080005"
380117,"Conjunctival edema",103874,168765,3,"45.5%~Conjunctival edema, left eye (H11.422)45552596;47170 patients | 
45.2%~Conjunctival edema, right eye (H11.421)45552595;46915 patients | 
9.4%~Conjunctival edema, unspecified eye (H11.429)45557328;9789 patients","Conjunctival edema, left eye | 
Conjunctival edema, right eye | 
Conjunctival edema, unspecified eye",0.717421124828532,"84178004"
436975,"Pigmentary glaucoma",44930,167989,18,"16.6%~Pigmentary glaucoma, right eye, mild stage (H40.1311)45567054;7807 patients | 
14.4%~Pigmentary glaucoma, left eye, moderate stage (H40.1322)45591339;5589 patients | 
14.3%~Pigmentary glaucoma, left eye, mild stage (H40.1321)45547884;6147 patients | 
13.7%~Pigmentary glaucoma, right eye, moderate stage (H40.1312)45600919;5506 patients | 
12.4%~Pigmentary glaucoma, right eye, severe stage (H40.1313)45571967;3993 patients | 
11.4%~Pigmentary glaucoma, left eye, severe stage (H40.1323)45571968;3888 patients | 
5.7%~Pigmentary glaucoma, unspecified eye, stage unspecified (H40.1390)45571971;3314 patients | 
4%~Pigmentary glaucoma, right eye, stage unspecified (H40.1310)45600918;3689 patients | 
2.2%~Pigmentary glaucoma, left eye, stage unspecified (H40.1320)45591338;1790 patients | 
1.5%~Pigmentary glaucoma, right eye, indeterminate stage (H40.1314)45605681;854 patients | 
1.3%~Pigmentary glaucoma, left eye, indeterminate stage (H40.1324)45571969;783 patients | 
0.9%~Pigmentary glaucoma, unspecified eye, mild stage (H40.1391)45576745;550 patients | 
0.7%~Pigmentary glaucoma, unspecified eye, moderate stage (H40.1392)45538279;446 patients | 
0.5%~Pigmentary glaucoma, unspecified eye, severe stage (H40.1393)45576746;322 patients | 
0.4%~Pigmentary glaucoma, unspecified eye, indeterminate stage (H40.1394)45581661;252 patients | 
NA | 
NA | 
NA","Pigmentary glaucoma, right eye, mild stage | 
Pigmentary glaucoma, left eye, moderate stage | 
Pigmentary glaucoma, left eye, mild stage | 
Pigmentary glaucoma, right eye, moderate stage | 
Pigmentary glaucoma, right eye, severe stage | 
Pigmentary glaucoma, left eye, severe stage | 
Pigmentary glaucoma, unspecified eye, stage unspecified | 
Pigmentary glaucoma, right eye, stage unspecified | 
Pigmentary glaucoma, left eye, stage unspecified | 
Pigmentary glaucoma, right eye, indeterminate stage | 
Pigmentary glaucoma, left eye, indeterminate stage | 
Pigmentary glaucoma, unspecified eye, mild stage | 
Pigmentary glaucoma, unspecified eye, moderate stage | 
Pigmentary glaucoma, unspecified eye, severe stage | 
Pigmentary glaucoma, unspecified eye, indeterminate stage | 
Pigmentary glaucoma, unspecified eye | 
Pigmentary glaucoma, right eye | 
Pigmentary glaucoma, left eye",0.716049382716049,"46168003"
434944,"Scleritis",48505,162623,6,"32.2%~Unspecified scleritis, left eye (H15.002)45533230;15570 patients | 
31.5%~Unspecified scleritis, right eye (H15.001)45576661;15172 patients | 
18.6%~Unspecified scleritis, unspecified eye (H15.009)45566966;9591 patients | 
7.4%~Other scleritis, left eye (H15.092)45596020;3483 patients | 
6.7%~Other scleritis, right eye (H15.091)45571899;3324 patients | 
3.5%~Other scleritis, unspecified eye (H15.099)45542969;1365 patients","Unspecified scleritis, left eye | 
Unspecified scleritis, right eye | 
Unspecified scleritis, unspecified eye | 
Other scleritis, left eye | 
Other scleritis, right eye | 
Other scleritis, unspecified eye",0.714677640603567,"78370002"
380729,"Primary optic atrophy",67394,161642,3,"42.5%~Primary optic atrophy, right eye (H47.211)45596116;30046 patients | 
42.2%~Primary optic atrophy, left eye (H47.212)45591378;29417 patients | 
15.3%~Primary optic atrophy, unspecified eye (H47.219)45567081;7931 patients","Primary optic atrophy, right eye | 
Primary optic atrophy, left eye | 
Primary optic atrophy, unspecified eye",0.713305898491084,"21098003"
381308,"Abscess of eyelid",98632,160219,3,"41%~Abscess of eyelid left eye, unspecified eyelid (H00.036)45576620;39831 patients | 
38.3%~Abscess of eyelid right eye, unspecified eyelid (H00.033)45562117;37340 patients | 
20.8%~Abscess of eyelid unspecified eye, unspecified eyelid (H00.039)45591213;21461 patients","Abscess of eyelid left eye, unspecified eyelid | 
Abscess of eyelid right eye, unspecified eyelid | 
Abscess of eyelid unspecified eye, unspecified eyelid",0.711934156378601,"76126009"
437295,"Abnormal pupillary function",84333,158827,3,"48%~Pupillary abnormality, left eye (H21.562)45567012;39965 patients | 
45.5%~Pupillary abnormality, right eye (H21.561)45596046;38289 patients | 
6.5%~Pupillary abnormality, unspecified eye (H21.569)45596047;6079 patients","Pupillary abnormality, left eye | 
Pupillary abnormality, right eye | 
Pupillary abnormality, unspecified eye",0.710562414266118,"72124005"
380728,"Filamentary keratitis",48513,157226,3,"53.1%~Filamentary keratitis, left eye (H16.122)45538215;25061 patients | 
41.4%~Filamentary keratitis, right eye (H16.121)45538214;20230 patients | 
5.5%~Filamentary keratitis, unspecified eye (H16.129)45533244;3222 patients","Filamentary keratitis, left eye | 
Filamentary keratitis, right eye | 
Filamentary keratitis, unspecified eye",0.709190672153635,"51286002"
440713,"Posterior synechiae",64003,154617,3,"49.5%~Posterior synechiae (iris), right eye (H21.541)45538238;31480 patients | 
48.3%~Posterior synechiae (iris), left eye (H21.542)45567010;30826 patients | 
2.2%~Posterior synechiae (iris), unspecified eye (H21.549)45547839;1697 patients","Posterior synechiae (iris), right eye | 
Posterior synechiae (iris), left eye | 
Posterior synechiae (iris), unspecified eye",0.707818930041152,"111512005"
45773064,"Traction detachment of retina due to type 2 diabetes mellitus",28964,154192,3,"50.7%~Type 2 diabetes mellitus with proliferative diabetic retinopathy with traction retinal detachment not involving the macula, left eye (E11.3532)37200233;14310 patients | 
47.5%~Type 2 diabetes mellitus with proliferative diabetic retinopathy with traction retinal detachment not involving the macula, right eye (E11.3531)37200232;13878 patients | 
1.8%~Type 2 diabetes mellitus with proliferative diabetic retinopathy with traction retinal detachment not involving the macula, unspecified eye (E11.3539)37200235;776 patients","Type 2 diabetes mellitus with proliferative diabetic retinopathy with traction retinal detachment not involving the macula, left eye | 
Type 2 diabetes mellitus with proliferative diabetic retinopathy with traction retinal detachment not involving the macula, right eye | 
Type 2 diabetes mellitus with proliferative diabetic retinopathy with traction retinal detachment not involving the macula, unspecified eye",0.70644718792867,"82541000119100"
432632,"Secondary noninfectious iridocyclitis",60103,153292,3,"49.7%~Secondary noninfectious iridocyclitis, left eye (H20.042)45591287;29436 patients | 
46.5%~Secondary noninfectious iridocyclitis, right eye (H20.041)45557363;28070 patients | 
3.8%~Secondary noninfectious iridocyclitis, unspecified eye (H20.049)45576687;2597 patients","Secondary noninfectious iridocyclitis, left eye | 
Secondary noninfectious iridocyclitis, right eye | 
Secondary noninfectious iridocyclitis, unspecified eye",0.705075445816187,"46916006"
4188581,"Toxic conjunctivitis",71575,152372,3,"45.1%~Acute toxic conjunctivitis, left eye (H10.212)45596009;31298 patients | 
44.4%~Acute toxic conjunctivitis, right eye (H10.211)45552585;31603 patients | 
10.5%~Acute toxic conjunctivitis, unspecified eye (H10.219)45586363;8674 patients","Acute toxic conjunctivitis, left eye | 
Acute toxic conjunctivitis, right eye | 
Acute toxic conjunctivitis, unspecified eye",0.703703703703704,"415733008"
373766,"Retinopathy of prematurity",45961,150444,6,"74.8%~Retinopathy of prematurity, unspecified, unspecified eye (H35.109)45600907;35123 patients | 
10.6%~Retrolental fibroplasia, unspecified eye (H35.179)45538265;2623 patients | 
7%~Retinopathy of prematurity, unspecified, right eye (H35.101)45571952;3759 patients | 
3.9%~Retinopathy of prematurity, unspecified, left eye (H35.102)45605672;2723 patients | 
2.7%~Retrolental fibroplasia, right eye (H35.171)45533307;1065 patients | 
0.9%~Retrolental fibroplasia, left eye (H35.172)45591327;668 patients","Retinopathy of prematurity, unspecified, unspecified eye | 
Retrolental fibroplasia, unspecified eye | 
Retinopathy of prematurity, unspecified, right eye | 
Retinopathy of prematurity, unspecified, left eye | 
Retrolental fibroplasia, right eye | 
Retrolental fibroplasia, left eye",0.702331961591221,"415297005"
434337,"Retinal vascular disorder",63423,150368,3,"41%~Changes in retinal vascular appearance, right eye (H35.011)45547865;26064 patients | 
39%~Changes in retinal vascular appearance, left eye (H35.012)45581651;23387 patients | 
20%~Changes in retinal vascular appearance, unspecified eye (H35.019)45567039;13972 patients","Changes in retinal vascular appearance, right eye | 
Changes in retinal vascular appearance, left eye | 
Changes in retinal vascular appearance, unspecified eye",0.700960219478738,"57534004"
37016180,"Moderate nonproliferative retinopathy due to type 1 diabetes mellitus",31205,149362,6,"34.3%~Type 1 diabetes mellitus with moderate nonproliferative diabetic retinopathy with macular edema, right eye (E10.3311)37200149;7754 patients | 
31.1%~Type 1 diabetes mellitus with moderate nonproliferative diabetic retinopathy with macular edema, left eye (E10.3312)37200150;6935 patients | 
11.8%~Type 1 diabetes mellitus with moderate nonproliferative diabetic retinopathy without macular edema, right eye (E10.3391)37200153;6426 patients | 
10.4%~Type 1 diabetes mellitus with moderate nonproliferative diabetic retinopathy without macular edema, left eye (E10.3392)37200154;5710 patients | 
7.7%~Type 1 diabetes mellitus with moderate nonproliferative diabetic retinopathy without macular edema, unspecified eye (E10.3399)37200156;3021 patients | 
4.7%~Type 1 diabetes mellitus with moderate nonproliferative diabetic retinopathy with macular edema, unspecified eye (E10.3319)37200152;1359 patients","Type 1 diabetes mellitus with moderate nonproliferative diabetic retinopathy with macular edema, right eye | 
Type 1 diabetes mellitus with moderate nonproliferative diabetic retinopathy with macular edema, left eye | 
Type 1 diabetes mellitus with moderate nonproliferative diabetic retinopathy without macular edema, right eye | 
Type 1 diabetes mellitus with moderate nonproliferative diabetic retinopathy without macular edema, left eye | 
Type 1 diabetes mellitus with moderate nonproliferative diabetic retinopathy without macular edema, unspecified eye | 
Type 1 diabetes mellitus with moderate nonproliferative diabetic retinopathy with macular edema, unspecified eye",0.699588477366255,"138891000119109"
437557,"Eczematous dermatitis of eyelid",96792,149247,3,"63.8%~Eczematous dermatitis of unspecified eye, unspecified eyelid (H01.139)45538161;60433 patients | 
18.5%~Eczematous dermatitis of right eye, unspecified eyelid (H01.133)45547778;18402 patients | 
17.7%~Eczematous dermatitis of left eye, unspecified eyelid (H01.136)45552556;17957 patients","Eczematous dermatitis of unspecified eye, unspecified eyelid | 
Eczematous dermatitis of right eye, unspecified eyelid | 
Eczematous dermatitis of left eye, unspecified eyelid",0.698216735253772,"36259009"
374362,"Keratoconus",49792,148620,3,"36.4%~Keratoconus, unspecified, unspecified eye (H18.609)45591283;15629 patients | 
32.2%~Keratoconus, unspecified, left eye (H18.602)45557357;17205 patients | 
31.4%~Keratoconus, unspecified, right eye (H18.601)45538228;16958 patients","Keratoconus, unspecified, unspecified eye | 
Keratoconus, unspecified, left eye | 
Keratoconus, unspecified, right eye",0.69684499314129,"65636009"
45763824,"Allergic contact dermatitis of lower eyelid",92978,147790,2,"52.2%~Allergic dermatitis of right lower eyelid (H01.112)45562119;48073 patients | 
47.8%~Allergic dermatitis of left lower eyelid (H01.115)45538159;44905 patients","Allergic dermatitis of right lower eyelid | 
Allergic dermatitis of left lower eyelid",0.695473251028807,"700341007"
376123,"Subluxation of lens",46071,146949,3,"48.5%~Subluxation of lens, left eye (H27.112)45605654;21952 patients | 
48.3%~Subluxation of lens, right eye (H27.111)45538248;21834 patients | 
3.2%~Subluxation of lens, unspecified eye (H27.119)45586427;2285 patients","Subluxation of lens, left eye | 
Subluxation of lens, right eye | 
Subluxation of lens, unspecified eye",0.694101508916324,"65814009"
376116,"Central scotoma",72409,144896,3,"43.8%~Scotoma involving central area, right eye (H53.411)45567100;31322 patients | 
41.3%~Scotoma involving central area, left eye (H53.412)45600962;29432 patients | 
15%~Scotoma involving central area, unspecified eye (H53.419)45605713;11655 patients","Scotoma involving central area, right eye | 
Scotoma involving central area, left eye | 
Scotoma involving central area, unspecified eye",0.692729766803841,"38950008"
379822,"Cyst of eyelid",92363,143685,3,"36.1%~Cysts of left eye, unspecified eyelid (H02.826)45566933;32902 patients | 
35.7%~Cysts of right eye, unspecified eyelid (H02.823)45576637;32445 patients | 
28.2%~Cysts of unspecified eye, unspecified eyelid (H02.829)45581545;27016 patients","Cysts of left eye, unspecified eyelid | 
Cysts of right eye, unspecified eyelid | 
Cysts of unspecified eye, unspecified eyelid",0.689986282578875,"46210008"
4242957,"Benign neoplasm of skin of eyelid",84692,143129,1,"100%~Other benign neoplasm of skin of unspecified eyelid, including canthus (D23.10)45547584;84692 patients","Other benign neoplasm of skin of unspecified eyelid, including canthus",0.688614540466392,"92358003"
4200286,"Paralytic ectropion",80342,143099,6,"99%~Meibomian gland dysfunction of unspecified eye, unspecified eyelid (H02.889)1595583;79583 patients | 
0.3%~Paralytic ectropion of unspecified eye, unspecified eyelid (H02.159)1595563;239 patients | 
0.2%~Paralytic ectropion of right upper eyelid (H02.151)1595557;147 patients | 
0.2%~Paralytic ectropion of right eye, unspecified eyelid (H02.153)1595559;134 patients | 
0.1%~Paralytic ectropion of left eye, unspecified eyelid (H02.156)1595562;119 patients | 
0.1%~Paralytic ectropion of left upper eyelid (H02.154)1595560;120 patients","Meibomian gland dysfunction of unspecified eye, unspecified eyelid | 
Paralytic ectropion of unspecified eye, unspecified eyelid | 
Paralytic ectropion of right upper eyelid | 
Paralytic ectropion of right eye, unspecified eyelid | 
Paralytic ectropion of left eye, unspecified eyelid | 
Paralytic ectropion of left upper eyelid",0.68724279835391,"314510001"
45770919,"Infantile and/or juvenile cataract",48431,140034,18,"22.3%~Unspecified infantile and juvenile cataract, unspecified eye (H26.009)45605646;4598 patients | 
10.9%~Posterior subcapsular polar infantile and juvenile cataract, right eye (H26.051)45533278;5477 patients | 
10.2%~Posterior subcapsular polar infantile and juvenile cataract, left eye (H26.052)45533279;5264 patients | 
9.9%~Infantile and juvenile nuclear cataract, unspecified eye (H26.039)45600890;4001 patients | 
4.6%~Infantile and juvenile nuclear cataract, right eye (H26.031)45543006;2572 patients | 
4.6%~Infantile and juvenile nuclear cataract, left eye (H26.032)45591301;2520 patients | 
4.5%~Unspecified infantile and juvenile cataract, right eye (H26.001)45543005;3417 patients | 
4.4%~Anterior subcapsular polar infantile and juvenile cataract, left eye (H26.042)45562209;2494 patients | 
4.1%~Anterior subcapsular polar infantile and juvenile cataract, right eye (H26.041)45576701;2323 patients | 
4%~Infantile and juvenile cortical, lamellar, or zonular cataract, right eye (H26.011)45538242;3084 patients | 
4%~Infantile and juvenile cortical, lamellar, or zonular cataract, left eye (H26.012)45547844;2943 patients | 
3.5%~Unspecified infantile and juvenile cataract, left eye (H26.002)45557380;2647 patients | 
3%~Posterior subcapsular polar infantile and juvenile cataract, unspecified eye (H26.059)45562210;1487 patients | 
2.8%~Anterior subcapsular polar infantile and juvenile cataract, unspecified eye (H26.049)45586422;713 patients | 
2.1%~Infantile and juvenile cortical, lamellar, or zonular cataract, unspecified eye (H26.019)45581630;1579 patients | 
1.8%~Combined forms of infantile and juvenile cataract, right eye (H26.061)45552641;1361 patients | 
1.7%~Combined forms of infantile and juvenile cataract, left eye (H26.062)45596051;1300 patients | 
1.7%~Combined forms of infantile and juvenile cataract, unspecified eye (H26.069)45596052;651 patients","Unspecified infantile and juvenile cataract, unspecified eye | 
Posterior subcapsular polar infantile and juvenile cataract, right eye | 
Posterior subcapsular polar infantile and juvenile cataract, left eye | 
Infantile and juvenile nuclear cataract, unspecified eye | 
Infantile and juvenile nuclear cataract, right eye | 
Infantile and juvenile nuclear cataract, left eye | 
Unspecified infantile and juvenile cataract, right eye | 
Anterior subcapsular polar infantile and juvenile cataract, left eye | 
Anterior subcapsular polar infantile and juvenile cataract, right eye | 
Infantile and juvenile cortical, lamellar, or zonular cataract, right eye | 
Infantile and juvenile cortical, lamellar, or zonular cataract, left eye | 
Unspecified infantile and juvenile cataract, left eye | 
Posterior subcapsular polar infantile and juvenile cataract, unspecified eye | 
Anterior subcapsular polar infantile and juvenile cataract, unspecified eye | 
Infantile and juvenile cortical, lamellar, or zonular cataract, unspecified eye | 
Combined forms of infantile and juvenile cataract, right eye | 
Combined forms of infantile and juvenile cataract, left eye | 
Combined forms of infantile and juvenile cataract, unspecified eye",0.685871056241427,"342291000119102"
381296,"Nodular degeneration of cornea",51878,137628,3,"44.2%~Nodular corneal degeneration, right eye (H18.451)45591280;22650 patients | 
43.6%~Nodular corneal degeneration, left eye (H18.452)45566997;22324 patients | 
12.2%~Nodular corneal degeneration, unspecified eye (H18.459)45552623;6904 patients","Nodular corneal degeneration, right eye | 
Nodular corneal degeneration, left eye | 
Nodular corneal degeneration, unspecified eye",0.684499314128944,"72620002"
4334246,"Central retinal vein occlusion with neovascularization",33547,136779,3,"49.5%~Central retinal vein occlusion, left eye, with retinal neovascularization (H34.8121)37200359;15919 patients | 
49.5%~Central retinal vein occlusion, right eye, with retinal neovascularization (H34.8111)37200356;16981 patients | 
0.9%~Central retinal vein occlusion, unspecified eye, with retinal neovascularization (H34.8191)37200365;647 patients","Central retinal vein occlusion, left eye, with retinal neovascularization | 
Central retinal vein occlusion, right eye, with retinal neovascularization | 
Central retinal vein occlusion, unspecified eye, with retinal neovascularization",0.683127572016461,"232038007"
4103741,"Low vision, both eyes",51656,136628,4,"60.5%~Low vision right eye category 1, low vision left eye category 1 (H54.2X11)1326567;32655 patients | 
23.5%~Low vision right eye category 2, low vision left eye category 2 (H54.2X22)1326571;10948 patients | 
8.6%~Low vision right eye category 1, low vision left eye category 2 (H54.2X12)1326568;4352 patients | 
7.3%~Low vision right eye category 2, low vision left eye category 1 (H54.2X21)1326570;3701 patients","Low vision right eye category 1, low vision left eye category 1 | 
Low vision right eye category 2, low vision left eye category 2 | 
Low vision right eye category 1, low vision left eye category 2 | 
Low vision right eye category 2, low vision left eye category 1",0.681755829903978,"193722001"
438748,"Paving stone retinal degeneration",63233,135025,3,"47.7%~Paving stone degeneration of retina, left eye (H35.432)45547872;30271 patients | 
46.3%~Paving stone degeneration of retina, right eye (H35.431)45538269;28946 patients | 
6%~Paving stone degeneration of retina, unspecified eye (H35.439)45552675;4016 patients","Paving stone degeneration of retina, left eye | 
Paving stone degeneration of retina, right eye | 
Paving stone degeneration of retina, unspecified eye",0.680384087791495,"69134001"
4134605,"Optic disc disorder",60002,130855,3,"36.6%~Other disorders of optic disc, right eye (H47.391)45571998;21814 patients | 
34.9%~Other disorders of optic disc, left eye (H47.392)45543068;20393 patients | 
28.5%~Other disorders of optic disc, unspecified eye (H47.399)45600946;17795 patients","Other disorders of optic disc, right eye | 
Other disorders of optic disc, left eye | 
Other disorders of optic disc, unspecified eye",0.679012345679012,"128331005"
318766,"Vitreous prolapse",56348,129707,3,"50%~Vitreous prolapse, right eye (H43.01)45600925;28050 patients | 
48%~Vitreous prolapse, left eye (H43.02)45552697;26582 patients | 
2%~Vitreous prolapse, unspecified eye (H43.00)45547900;1716 patients","Vitreous prolapse, right eye | 
Vitreous prolapse, left eye | 
Vitreous prolapse, unspecified eye",0.67764060356653,"3044008"
439014,"Panuveitis",24590,128762,3,"44.6%~Panuveitis, right eye (H44.111)45567070;10472 patients | 
42.9%~Panuveitis, left eye (H44.112)45576761;10239 patients | 
12.4%~Panuveitis, unspecified eye (H44.119)45576762;3879 patients","Panuveitis, right eye | 
Panuveitis, left eye | 
Panuveitis, unspecified eye",0.676268861454047,"75614007"
372912,"Visual discomfort",89608,127346,2,"50.5%~Visual discomfort, right eye (H53.141)45576791;45129 patients | 
49.5%~Visual discomfort, left eye (H53.142)45557468;44479 patients","Visual discomfort, right eye | 
Visual discomfort, left eye",0.674897119341564,"7751009"
372896,"Stimulus deprivation amblyopia",52787,125958,3,"50.6%~Deprivation amblyopia, left eye (H53.012)45543081;26586 patients | 
46.3%~Deprivation amblyopia, right eye (H53.011)45605712;24021 patients | 
3.1%~Deprivation amblyopia, unspecified eye (H53.019)45533357;2180 patients","Deprivation amblyopia, left eye | 
Deprivation amblyopia, right eye | 
Deprivation amblyopia, unspecified eye",0.673525377229081,"193638002"
436701,"Drusen of optic disc",57828,124677,3,"42.2%~Drusen of optic disc, right eye (H47.321)45581691;23937 patients | 
40.6%~Drusen of optic disc, left eye (H47.322)45557448;22970 patients | 
17.2%~Drusen of optic disc, unspecified eye (H47.329)45576782;10921 patients","Drusen of optic disc, right eye | 
Drusen of optic disc, left eye | 
Drusen of optic disc, unspecified eye",0.672153635116598,"33629003"
380397,"Keratoconjunctivitis",66224,123040,6,"28%~Unspecified keratoconjunctivitis, left eye (H16.202)45596026;19215 patients | 
26.4%~Unspecified keratoconjunctivitis, right eye (H16.201)45571902;18223 patients | 
15.4%~Unspecified keratoconjunctivitis, unspecified eye (H16.209)45576674;10074 patients | 
11.8%~Other keratoconjunctivitis, left eye (H16.292)45566983;7849 patients | 
10.2%~Other keratoconjunctivitis, right eye (H16.291)45538219;6967 patients | 
8.2%~Other keratoconjunctivitis, unspecified eye (H16.299)45571903;3896 patients","Unspecified keratoconjunctivitis, left eye | 
Unspecified keratoconjunctivitis, right eye | 
Unspecified keratoconjunctivitis, unspecified eye | 
Other keratoconjunctivitis, left eye | 
Other keratoconjunctivitis, right eye | 
Other keratoconjunctivitis, unspecified eye",0.670781893004115,"88151007"
432890,"Microaneurysm of retinal artery",51562,122371,3,"48.1%~Retinal micro-aneurysms, unspecified, right eye (H35.041)45557400;24450 patients | 
44.1%~Retinal micro-aneurysms, unspecified, left eye (H35.042)45591325;22351 patients | 
7.8%~Retinal micro-aneurysms, unspecified, unspecified eye (H35.049)45605670;4761 patients","Retinal micro-aneurysms, unspecified, right eye | 
Retinal micro-aneurysms, unspecified, left eye | 
Retinal micro-aneurysms, unspecified, unspecified eye",0.669410150891632,"34037000"
4334736,"Giant papillary conjunctivitis",45833,121622,3,"42.4%~Chronic giant papillary conjunctivitis, right eye (H10.411)45557325;19439 patients | 
42.1%~Chronic giant papillary conjunctivitis, left eye (H10.412)45538200;19091 patients | 
15.5%~Chronic giant papillary conjunctivitis, unspecified eye (H10.419)45552588;7303 patients","Chronic giant papillary conjunctivitis, right eye | 
Chronic giant papillary conjunctivitis, left eye | 
Chronic giant papillary conjunctivitis, unspecified eye",0.66803840877915,"231857004"
374338,"Nondiabetic proliferative retinopathy",36280,118477,3,"44.8%~Other non-diabetic proliferative retinopathy, right eye (H35.21)45547869;15704 patients | 
42.8%~Other non-diabetic proliferative retinopathy, left eye (H35.22)45543032;14839 patients | 
12.4%~Other non-diabetic proliferative retinopathy, unspecified eye (H35.20)45600909;5737 patients","Other non-diabetic proliferative retinopathy, right eye | 
Other non-diabetic proliferative retinopathy, left eye | 
Other non-diabetic proliferative retinopathy, unspecified eye",0.665294924554184,"46674002"
4334248,"Branch retinal vein occlusion with neovascularization",33755,118009,3,"50.9%~Tributary (branch) retinal vein occlusion, right eye, with retinal neovascularization (H34.8311)37200368;17255 patients | 
48.5%~Tributary (branch) retinal vein occlusion, left eye, with retinal neovascularization (H34.8321)37200371;16066 patients | 
0.7%~Tributary (branch) retinal vein occlusion, unspecified eye, with retinal neovascularization (H34.8391)37200377;434 patients","Tributary (branch) retinal vein occlusion, right eye, with retinal neovascularization | 
Tributary (branch) retinal vein occlusion, left eye, with retinal neovascularization | 
Tributary (branch) retinal vein occlusion, unspecified eye, with retinal neovascularization",0.663923182441701,"232046008"
4297185,"Basal cell carcinoma of upper eyelid",25276,115462,2,"51%~Basal cell carcinoma of skin of right upper eyelid, including canthus (C44.1121)1595495;13009 patients | 
49%~Basal cell carcinoma of skin of left upper eyelid, including canthus (C44.1191)1595497;12267 patients","Basal cell carcinoma of skin of right upper eyelid, including canthus | 
Basal cell carcinoma of skin of left upper eyelid, including canthus",0.662551440329218,"403919005"
374648,"Intermittent monocular esotropia",47921,113571,2,"52%~Intermittent monocular esotropia, left eye (H50.312)45572007;25581 patients | 
48%~Intermittent monocular esotropia, right eye (H50.311)45576786;22340 patients","Intermittent monocular esotropia, left eye | 
Intermittent monocular esotropia, right eye",0.661179698216735,"194101008"
4318691,"Secondary glaucoma",27153,111413,18,"13%~Glaucoma secondary to drugs, right eye, mild stage (H40.61X1)45571982;3656 patients | 
11.7%~Glaucoma secondary to drugs, left eye, mild stage (H40.62X1)45571983;3206 patients | 
10.7%~Glaucoma secondary to drugs, right eye, stage unspecified (H40.61X0)45591354;2610 patients | 
9.6%~Glaucoma secondary to drugs, left eye, stage unspecified (H40.62X0)45586468;2451 patients | 
9.1%~Glaucoma secondary to drugs, left eye, moderate stage (H40.62X2)45567066;2302 patients | 
8.9%~Glaucoma secondary to drugs, unspecified eye, stage unspecified (H40.60X0)45581673;2988 patients | 
8.9%~Glaucoma secondary to drugs, right eye, moderate stage (H40.61X2)45533327;2352 patients | 
6.8%~Glaucoma secondary to drugs, right eye, severe stage (H40.61X3)45586467;1683 patients | 
6.6%~Glaucoma secondary to drugs, left eye, severe stage (H40.62X3)45547896;1552 patients | 
5.6%~Glaucoma secondary to drugs, left eye, indeterminate stage (H40.62X4)45586469;1413 patients | 
5.5%~Glaucoma secondary to drugs, right eye, indeterminate stage (H40.61X4)45596099;1431 patients | 
1.4%~Glaucoma secondary to drugs, unspecified eye, mild stage (H40.60X1)45605690;593 patients | 
0.9%~Glaucoma secondary to drugs, unspecified eye, moderate stage (H40.60X2)45600923;382 patients | 
0.7%~Glaucoma secondary to drugs, unspecified eye, indeterminate stage (H40.60X4)45562245;269 patients | 
0.6%~Glaucoma secondary to drugs, unspecified eye, severe stage (H40.60X3)45576753;265 patients | 
NA | 
NA | 
NA","Glaucoma secondary to drugs, right eye, mild stage | 
Glaucoma secondary to drugs, left eye, mild stage | 
Glaucoma secondary to drugs, right eye, stage unspecified | 
Glaucoma secondary to drugs, left eye, stage unspecified | 
Glaucoma secondary to drugs, left eye, moderate stage | 
Glaucoma secondary to drugs, unspecified eye, stage unspecified | 
Glaucoma secondary to drugs, right eye, moderate stage | 
Glaucoma secondary to drugs, right eye, severe stage | 
Glaucoma secondary to drugs, left eye, severe stage | 
Glaucoma secondary to drugs, left eye, indeterminate stage | 
Glaucoma secondary to drugs, right eye, indeterminate stage | 
Glaucoma secondary to drugs, unspecified eye, mild stage | 
Glaucoma secondary to drugs, unspecified eye, moderate stage | 
Glaucoma secondary to drugs, unspecified eye, indeterminate stage | 
Glaucoma secondary to drugs, unspecified eye, severe stage | 
Glaucoma secondary to drugs, unspecified eye | 
Glaucoma secondary to drugs, left eye | 
Glaucoma secondary to drugs, right eye",0.659807956104252,"95717004"
374363,"Posterior dislocation of lens",30826,111106,3,"49.6%~Posterior dislocation of lens, right eye (H27.131)45596056;14949 patients | 
48.3%~Posterior dislocation of lens, left eye (H27.132)45533285;14801 patients | 
2%~Posterior dislocation of lens, unspecified eye (H27.139)45557385;1076 patients","Posterior dislocation of lens, right eye | 
Posterior dislocation of lens, left eye | 
Posterior dislocation of lens, unspecified eye",0.65843621399177,"14169000"
45757804,"Sector and/or arcuate visual field defect",54998,110734,3,"49.3%~Sector or arcuate defects, left eye (H53.432)45547941;26693 patients | 
45.3%~Sector or arcuate defects, right eye (H53.431)45562281;25051 patients | 
5.4%~Sector or arcuate defects, unspecified eye (H53.439)45557470;3254 patients","Sector or arcuate defects, left eye | 
Sector or arcuate defects, right eye | 
Sector or arcuate defects, unspecified eye",0.657064471879287,"43661000119103"
376402,"Low vision, one eye",32531,110332,6,"100%~Low vision, one eye, unspecified eye (H54.50)45572019;32531 patients | 
NA | 
NA | 
NA | 
NA | 
NA","Low vision, one eye, unspecified eye | 
Low vision, right eye, category 2 | 
Low vision, right eye, category 1 | 
Low vision, left eye, category 1-2 | 
Low vision, right eye, category 2 | 
Low vision, right eye, category 1",0.655692729766804,"193745007"
372906,"Blindness - both eyes",19165,108880,6,"57.4%~Blindness right eye category 5, blindness left eye category 5 (H54.0X55)1326547;9232 patients | 
23.6%~Blindness right eye category 4, blindness left eye category 4 (H54.0X44)1326542;4686 patients | 
5.1%~Blindness right eye category 4, blindness left eye category 5 (H54.0X45)1326543;1307 patients | 
5%~Blindness right eye category 5, blindness left eye category 4 (H54.0X54)1326546;1310 patients | 
4.6%~Blindness right eye category 5, blindness left eye category 3 (H54.0X53)1326545;1184 patients | 
4.2%~Blindness right eye category 4, blindness left eye category 3 (H54.0X43)1326541;1446 patients","Blindness right eye category 5, blindness left eye category 5 | 
Blindness right eye category 4, blindness left eye category 4 | 
Blindness right eye category 4, blindness left eye category 5 | 
Blindness right eye category 5, blindness left eye category 4 | 
Blindness right eye category 5, blindness left eye category 3 | 
Blindness right eye category 4, blindness left eye category 3",0.652949245541838,"193699007"
4338893,"Giant retinal tear",25097,107641,3,"49.7%~Retinal detachment with giant retinal tear, right eye (H33.031)45552661;12377 patients | 
48.3%~Retinal detachment with giant retinal tear, left eye (H33.032)45596065;11898 patients | 
2%~Retinal detachment with giant retinal tear, unspecified eye (H33.039)45547858;822 patients","Retinal detachment with giant retinal tear, right eye | 
Retinal detachment with giant retinal tear, left eye | 
Retinal detachment with giant retinal tear, unspecified eye",0.64883401920439,"232004004"
379020,"Entropion",50437,107483,3,"36.6%~Unspecified entropion of unspecified eye, unspecified eyelid (H02.009)45591217;18694 patients | 
34.8%~Unspecified entropion of right eye, unspecified eyelid (H02.003)45566917;17211 patients | 
28.6%~Unspecified entropion of left eye, unspecified eyelid (H02.006)45581531;14532 patients","Unspecified entropion of unspecified eye, unspecified eyelid | 
Unspecified entropion of right eye, unspecified eyelid | 
Unspecified entropion of left eye, unspecified eyelid",0.647462277091907,"33168009"
375823,"Hypoplasia of the optic nerve",25074,105762,3,"47.2%~Optic nerve hypoplasia, unspecified eye (H47.039)45547912;8398 patients | 
27.2%~Optic nerve hypoplasia, right eye (H47.031)45581688;8311 patients | 
25.6%~Optic nerve hypoplasia, left eye (H47.032)45591377;8365 patients","Optic nerve hypoplasia, unspecified eye | 
Optic nerve hypoplasia, right eye | 
Optic nerve hypoplasia, left eye",0.646090534979424,"95499004"
374874,"Primary malignant neoplasm of eye",23986,101450,4,"39.8%~Malignant neoplasm of unspecified site of unspecified eye (C69.90)45537833;9746 patients | 
30.7%~Malignant neoplasm of unspecified site of right eye (C69.91)45537834;7096 patients | 
29.5%~Malignant neoplasm of unspecified site of left eye (C69.92)45595681;7144 patients | 
NA","Malignant neoplasm of unspecified site of unspecified eye | 
Malignant neoplasm of unspecified site of right eye | 
Malignant neoplasm of unspecified site of left eye | 
Malignant neoplasm of unspecified site of eye",0.63923182441701,"371986009"
376114,"Severe nonproliferative retinopathy due to diabetes mellitus",13434,98808,6,"34.5%~Type 1 diabetes mellitus with severe nonproliferative diabetic retinopathy with macular edema, right eye (E10.3411)37200157;3830 patients | 
31%~Type 1 diabetes mellitus with severe nonproliferative diabetic retinopathy with macular edema, left eye (E10.3412)37200158;3448 patients | 
10.4%~Type 1 diabetes mellitus with severe nonproliferative diabetic retinopathy without macular edema, right eye (E10.3491)37200161;2275 patients | 
9.5%~Type 1 diabetes mellitus with severe nonproliferative diabetic retinopathy without macular edema, left eye (E10.3492)37200162;2070 patients | 
8.3%~Type 1 diabetes mellitus with severe nonproliferative diabetic retinopathy without macular edema, unspecified eye (E10.3499)37200164;1105 patients | 
6.3%~Type 1 diabetes mellitus with severe nonproliferative diabetic retinopathy with macular edema, unspecified eye (E10.3419)37200160;706 patients","Type 1 diabetes mellitus with severe nonproliferative diabetic retinopathy with macular edema, right eye | 
Type 1 diabetes mellitus with severe nonproliferative diabetic retinopathy with macular edema, left eye | 
Type 1 diabetes mellitus with severe nonproliferative diabetic retinopathy without macular edema, right eye | 
Type 1 diabetes mellitus with severe nonproliferative diabetic retinopathy without macular edema, left eye | 
Type 1 diabetes mellitus with severe nonproliferative diabetic retinopathy without macular edema, unspecified eye | 
Type 1 diabetes mellitus with severe nonproliferative diabetic retinopathy with macular edema, unspecified eye",0.636488340192044,"312905005"
45763583,"Nonproliferative diabetic retinopathy due to type 1 diabetes mellitus",13434,98808,6,"34.5%~Type 1 diabetes mellitus with severe nonproliferative diabetic retinopathy with macular edema, right eye (E10.3411)37200157;3830 patients | 
31%~Type 1 diabetes mellitus with severe nonproliferative diabetic retinopathy with macular edema, left eye (E10.3412)37200158;3448 patients | 
10.4%~Type 1 diabetes mellitus with severe nonproliferative diabetic retinopathy without macular edema, right eye (E10.3491)37200161;2275 patients | 
9.5%~Type 1 diabetes mellitus with severe nonproliferative diabetic retinopathy without macular edema, left eye (E10.3492)37200162;2070 patients | 
8.3%~Type 1 diabetes mellitus with severe nonproliferative diabetic retinopathy without macular edema, unspecified eye (E10.3499)37200164;1105 patients | 
6.3%~Type 1 diabetes mellitus with severe nonproliferative diabetic retinopathy with macular edema, unspecified eye (E10.3419)37200160;706 patients","Type 1 diabetes mellitus with severe nonproliferative diabetic retinopathy with macular edema, right eye | 
Type 1 diabetes mellitus with severe nonproliferative diabetic retinopathy with macular edema, left eye | 
Type 1 diabetes mellitus with severe nonproliferative diabetic retinopathy without macular edema, right eye | 
Type 1 diabetes mellitus with severe nonproliferative diabetic retinopathy without macular edema, left eye | 
Type 1 diabetes mellitus with severe nonproliferative diabetic retinopathy without macular edema, unspecified eye | 
Type 1 diabetes mellitus with severe nonproliferative diabetic retinopathy with macular edema, unspecified eye",0.636488340192044,"60961000119107"
375256,"Anterior subcapsular polar senile cataract",48898,94708,3,"46.5%~Anterior subcapsular polar age-related cataract, right eye (H25.031)45576700;23223 patients | 
44%~Anterior subcapsular polar age-related cataract, left eye (H25.032)45586421;21315 patients | 
9.6%~Anterior subcapsular polar age-related cataract, unspecified eye (H25.039)45562204;4360 patients","Anterior subcapsular polar age-related cataract, right eye | 
Anterior subcapsular polar age-related cataract, left eye | 
Anterior subcapsular polar age-related cataract, unspecified eye",0.635116598079561,"111515007"
4052225,"Sequelae of injury of eye and orbit",47690,93768,45,"11.2%~Contusion of eyeball and orbital tissues, left eye, sequela (S05.12XS)45573110;5175 patients | 
10.9%~Unspecified injury of left eye and orbit, sequela (S05.92XS)45573116;5553 patients | 
10.7%~Unspecified injury of right eye and orbit, sequela (S05.91XS)45534546;5193 patients | 
9.8%~Contusion of eyeball and orbital tissues, right eye, sequela (S05.11XS)45534543;4736 patients | 
6%~Laceration without foreign body of left eyelid and periocular area, sequela (S01.112S)45563354;3601 patients | 
5.7%~Ocular laceration without prolapse or loss of intraocular tissue, right eye, sequela (S05.31XS)45592501;2046 patients | 
5.7%~Ocular laceration without prolapse or loss of intraocular tissue, left eye, sequela (S05.32XS)45577884;2113 patients | 
5.6%~Laceration without foreign body of right eyelid and periocular area, sequela (S01.111S)45549014;3375 patients | 
3.7%~Other injuries of left eye and orbit, sequela (S05.8X2S)45582804;1859 patients | 
3.6%~Other injuries of right eye and orbit, sequela (S05.8X1S)45544244;1810 patients | 
3.2%~Avulsion of right eye, sequela (S05.71XS)45568220;1157 patients | 
3.1%~Avulsion of left eye, sequela (S05.72XS)45558575;1260 patients | 
3%~Ocular laceration and rupture with prolapse or loss of intraocular tissue, left eye, sequela (S05.22XS)45577883;1033 patients | 
3%~Unspecified injury of unspecified eye and orbit, sequela (S05.90XS)45558577;1648 patients | 
2.6%~Contusion of eyeball and orbital tissues, unspecified eye, sequela (S05.10XS)45602083;1342 patients | 
2.5%~Ocular laceration and rupture with prolapse or loss of intraocular tissue, right eye, sequela (S05.21XS)45602084;878 patients | 
0.9%~Laceration without foreign body of unspecified eyelid and periocular area, sequela (S01.119S)45597234;557 patients | 
0.8%~Penetrating wound without foreign body of right eyeball, sequela (S05.61XS)45606899;354 patients | 
0.8%~Penetrating wound without foreign body of left eyeball, sequela (S05.62XS)45558573;337 patients | 
0.7%~Unspecified open wound of right eyelid and periocular area, sequela (S01.101S)45539399;431 patients | 
0.7%~Unspecified open wound of left eyelid and periocular area, sequela (S01.102S)45544191;399 patients | 
0.6%~Penetrating wound with foreign body of right eyeball, sequela (S05.51XS)45573113;287 patients | 
0.6%~Penetrating wound with foreign body of left eyeball, sequela (S05.52XS)45553832;275 patients | 
0.6%~Penetrating wound of orbit with or without foreign body, left eye, sequela (S05.42XS)45549057;291 patients | 
0.5%~Penetrating wound of orbit with or without foreign body, right eye, sequela (S05.41XS)45549056;248 patients | 
0.5%~Ocular laceration and rupture with prolapse or loss of intraocular tissue, unspecified eye, sequela (S05.20XS)45587597;181 patients | 
0.4%~Ocular laceration without prolapse or loss of intraocular tissue, unspecified eye, sequela (S05.30XS)45587598;191 patients | 
0.4%~Avulsion of unspecified eye, sequela (S05.70XS)45558574;158 patients | 
0.4%~Other injuries of unspecified eye and orbit, sequela (S05.8X9S)45592505;225 patients | 
0.3%~Unspecified open wound of unspecified eyelid and periocular area, sequela (S01.109S)45597233;123 patients | 
0.3%~Laceration with foreign body of right eyelid and periocular area, sequela (S01.121S)45577847;149 patients | 
0.3%~Laceration with foreign body of left eyelid and periocular area, sequela (S01.122S)45549015;175 patients | 
0.2%~Open bite of left eyelid and periocular area, sequela (S01.152S)45582762;102 patients | 
0.1%~Open bite of right eyelid and periocular area, sequela (S01.151S)45563358;98 patients | 
0.1%~Penetrating wound of orbit with or without foreign body, unspecified eye, sequela (S05.40XS)45592503;70 patients | 
0.1%~Penetrating wound without foreign body of unspecified eyeball, sequela (S05.60XS)45549058;46 patients | 
0.1%~Penetrating wound with foreign body of unspecified eyeball, sequela (S05.50XS)45602088;63 patients | 
0.1%~Puncture wound without foreign body of left eyelid and periocular area, sequela (S01.132S)45577848;35 patients | 
0%~Open bite of unspecified eyelid and periocular area, sequela (S01.159S)45587560;24 patients | 
0%~Laceration with foreign body of unspecified eyelid and periocular area, sequela (S01.129S)45549016;32 patients | 
0%~Puncture wound without foreign body of right eyelid and periocular area, sequela (S01.131S)45534505;27 patients | 
0%~Puncture wound with foreign body of left eyelid and periocular area, sequela (S01.142S)45544196;16 patients | 
0%~Puncture wound with foreign body of right eyelid and periocular area, sequela (S01.141S)45544195;17 patients | 
NA | 
NA","Contusion of eyeball and orbital tissues, left eye, sequela | 
Unspecified injury of left eye and orbit, sequela | 
Unspecified injury of right eye and orbit, sequela | 
Contusion of eyeball and orbital tissues, right eye, sequela | 
Laceration without foreign body of left eyelid and periocular area, sequela | 
Ocular laceration without prolapse or loss of intraocular tissue, right eye, sequela | 
Ocular laceration without prolapse or loss of intraocular tissue, left eye, sequela | 
Laceration without foreign body of right eyelid and periocular area, sequela | 
Other injuries of left eye and orbit, sequela | 
Other injuries of right eye and orbit, sequela | 
Avulsion of right eye, sequela | 
Avulsion of left eye, sequela | 
Ocular laceration and rupture with prolapse or loss of intraocular tissue, left eye, sequela | 
Unspecified injury of unspecified eye and orbit, sequela | 
Contusion of eyeball and orbital tissues, unspecified eye, sequela | 
Ocular laceration and rupture with prolapse or loss of intraocular tissue, right eye, sequela | 
Laceration without foreign body of unspecified eyelid and periocular area, sequela | 
Penetrating wound without foreign body of right eyeball, sequela | 
Penetrating wound without foreign body of left eyeball, sequela | 
Unspecified open wound of right eyelid and periocular area, sequela | 
Unspecified open wound of left eyelid and periocular area, sequela | 
Penetrating wound with foreign body of right eyeball, sequela | 
Penetrating wound with foreign body of left eyeball, sequela | 
Penetrating wound of orbit with or without foreign body, left eye, sequela | 
Penetrating wound of orbit with or without foreign body, right eye, sequela | 
Ocular laceration and rupture with prolapse or loss of intraocular tissue, unspecified eye, sequela | 
Ocular laceration without prolapse or loss of intraocular tissue, unspecified eye, sequela | 
Avulsion of unspecified eye, sequela | 
Other injuries of unspecified eye and orbit, sequela | 
Unspecified open wound of unspecified eyelid and periocular area, sequela | 
Laceration with foreign body of right eyelid and periocular area, sequela | 
Laceration with foreign body of left eyelid and periocular area, sequela | 
Open bite of left eyelid and periocular area, sequela | 
Open bite of right eyelid and periocular area, sequela | 
Penetrating wound of orbit with or without foreign body, unspecified eye, sequela | 
Penetrating wound without foreign body of unspecified eyeball, sequela | 
Penetrating wound with foreign body of unspecified eyeball, sequela | 
Puncture wound without foreign body of left eyelid and periocular area, sequela | 
Open bite of unspecified eyelid and periocular area, sequela | 
Laceration with foreign body of unspecified eyelid and periocular area, sequela | 
Puncture wound without foreign body of right eyelid and periocular area, sequela | 
Puncture wound with foreign body of left eyelid and periocular area, sequela | 
Puncture wound with foreign body of right eyelid and periocular area, sequela | 
Puncture wound without foreign body of unspecified eyelid and periocular area, sequela | 
Puncture wound with foreign body of unspecified eyelid and periocular area, sequela",0.633744855967078,"210955005"
381020,"Conjunctival concretion",55627,92044,3,"48.1%~Conjunctival concretions, left eye (H11.122)45538204;27285 patients | 
44.5%~Conjunctival concretions, right eye (H11.121)45586370;24216 patients | 
7.5%~Conjunctival concretions, unspecified eye (H11.129)45566963;4126 patients","Conjunctival concretions, left eye | 
Conjunctival concretions, right eye | 
Conjunctival concretions, unspecified eye",0.632373113854595,"13706005"
375266,"Serous conjunctivitis, except viral",63419,89708,3,"39.4%~Serous conjunctivitis, except viral, left eye (H10.232)45542960;24596 patients | 
39.1%~Serous conjunctivitis, except viral, right eye (H10.231)45557324;24260 patients | 
21.5%~Serous conjunctivitis, except viral, unspecified eye (H10.239)45566957;14563 patients","Serous conjunctivitis, except viral, left eye | 
Serous conjunctivitis, except viral, right eye | 
Serous conjunctivitis, except viral, unspecified eye",0.631001371742112,"9824006"
375821,"Paralytic lagophthalmos",32843,89041,10,"26%~Paralytic lagophthalmos right upper eyelid (H02.231)45538166;8156 patients | 
25.4%~Paralytic lagophthalmos left upper eyelid (H02.234)45600828;7859 patients | 
11.3%~Paralytic lagophthalmos left lower eyelid (H02.235)45571856;4058 patients | 
10.8%~Paralytic lagophthalmos right lower eyelid (H02.232)45547783;3978 patients | 
7.3%~Paralytic lagophthalmos right eye, unspecified eyelid (H02.233)45533186;2429 patients | 
7%~Paralytic lagophthalmos left eye, unspecified eyelid (H02.236)45571857;2323 patients | 
4.8%~Paralytic lagophthalmos unspecified eye, unspecified eyelid (H02.239)45557282;1753 patients | 
2.9%~Paralytic lagophthalmos left eye, upper and lower eyelids (H02.23B)1595574;967 patients | 
2.7%~Paralytic lagophthalmos right eye, upper and lower eyelids (H02.23A)1595573;898 patients | 
1.8%~Paralytic lagophthalmos, bilateral, upper and lower eyelids (H02.23C)1595575;422 patients","Paralytic lagophthalmos right upper eyelid | 
Paralytic lagophthalmos left upper eyelid | 
Paralytic lagophthalmos left lower eyelid | 
Paralytic lagophthalmos right lower eyelid | 
Paralytic lagophthalmos right eye, unspecified eyelid | 
Paralytic lagophthalmos left eye, unspecified eyelid | 
Paralytic lagophthalmos unspecified eye, unspecified eyelid | 
Paralytic lagophthalmos left eye, upper and lower eyelids | 
Paralytic lagophthalmos right eye, upper and lower eyelids | 
Paralytic lagophthalmos, bilateral, upper and lower eyelids",0.62962962962963,"59890007"
40480179,"Disorder of cornea associated with contact lens",56400,88517,3,"44.7%~Corneal disorder due to contact lens, left eye (H18.822)45571911;25069 patients | 
43.8%~Corneal disorder due to contact lens, right eye (H18.821)45600879;24441 patients | 
11.5%~Corneal disorder due to contact lens, unspecified eye (H18.829)45552628;6890 patients","Corneal disorder due to contact lens, left eye | 
Corneal disorder due to contact lens, right eye | 
Corneal disorder due to contact lens, unspecified eye",0.628257887517147,"443182008"
4220669,"Ocular amyloid deposit",28126,87560,4,"35.6%~Amyloid pterygium of right eye (H11.011)45533223;9880 patients | 
31.6%~Amyloid pterygium of eye, bilateral (H11.013)45547808;9144 patients | 
31%~Amyloid pterygium of left eye (H11.012)45586367;8556 patients | 
1.7%~Amyloid pterygium of unspecified eye (H11.019)45533224;546 patients","Amyloid pterygium of right eye | 
Amyloid pterygium of eye, bilateral | 
Amyloid pterygium of left eye | 
Amyloid pterygium of unspecified eye",0.626886145404664,"8231007"
373194,"Paralytic ptosis",45038,87060,4,"31.6%~Paralytic ptosis of left eyelid (H02.432)45576628;14180 patients | 
31.4%~Paralytic ptosis of right eyelid (H02.431)45576627;13801 patients | 
31.2%~Paralytic ptosis of bilateral eyelids (H02.433)45595983;14748 patients | 
5.9%~Paralytic ptosis unspecified eyelid (H02.439)45581539;2309 patients","Paralytic ptosis of left eyelid | 
Paralytic ptosis of right eyelid | 
Paralytic ptosis of bilateral eyelids | 
Paralytic ptosis unspecified eyelid",0.625514403292181,"30410001"
4180778,"Visual system complication of procedure",43038,86934,40,"19.6%~Other disorders of the left eye following cataract surgery (H59.092)45567105;9925 patients | 
19.4%~Other disorders of the right eye following cataract surgery (H59.091)45576800;9862 patients | 
18.2%~Other disorders of the eye following cataract surgery, bilateral (H59.093)45605719;9081 patients | 
7.6%~Other disorders of unspecified eye following cataract surgery (H59.099)45543092;2582 patients | 
5.6%~Accidental puncture and laceration of right eye and adnexa during an ophthalmic procedure (H59.211)45572023;2004 patients | 
5.4%~Accidental puncture and laceration of left eye and adnexa during an ophthalmic procedure (H59.212)45562297;1961 patients | 
4.2%~Postprocedural hemorrhage of left eye and adnexa following an ophthalmic procedure (H59.312)45600976;1208 patients | 
4.2%~Postprocedural hemorrhage of right eye and adnexa following an ophthalmic procedure (H59.311)45572025;1222 patients | 
1.6%~Postprocedural hemorrhage of right eye and adnexa following other procedure (H59.321)45557481;552 patients | 
1.5%~Intraoperative hemorrhage and hematoma of right eye and adnexa complicating an ophthalmic procedure (H59.111)45552727;433 patients | 
1.4%~Postprocedural hemorrhage of left eye and adnexa following other procedure (H59.322)45543095;506 patients | 
1.3%~Intraoperative hemorrhage and hematoma of left eye and adnexa complicating an ophthalmic procedure (H59.112)45572022;351 patients | 
0.9%~Postprocedural hemorrhage of unspecified eye and adnexa following an ophthalmic procedure (H59.319)45543094;321 patients | 
0.9%~Accidental puncture and laceration of unspecified eye and adnexa during an ophthalmic procedure (H59.219)45562298;286 patients | 
0.7%~Intraoperative hemorrhage and hematoma of left eye and adnexa complicating other procedure (H59.122)45600975;201 patients | 
0.7%~Postprocedural hematoma of left eye and adnexa following an ophthalmic procedure (H59.332)37200454;236 patients | 
0.7%~Postprocedural hemorrhage of eye and adnexa following an ophthalmic procedure, bilateral (H59.313)45562299;216 patients | 
0.7%~Postprocedural hematoma of right eye and adnexa following an ophthalmic procedure (H59.331)37200453;245 patients | 
0.7%~Intraoperative hemorrhage and hematoma of unspecified eye and adnexa complicating an ophthalmic procedure (H59.119)45567106;324 patients | 
0.5%~Postprocedural hematoma of left eye and adnexa following other procedure (H59.342)37200459;172 patients | 
0.5%~Postprocedural hematoma of right eye and adnexa following other procedure (H59.341)37200458;178 patients | 
0.5%~Intraoperative hemorrhage and hematoma of right eye and adnexa complicating other procedure (H59.121)45600974;176 patients | 
0.5%~Postprocedural hemorrhage of eye and adnexa following other procedure, bilateral (H59.323)45557482;176 patients | 
0.3%~Postprocedural hemorrhage of unspecified eye and adnexa following other procedure (H59.329)45552728;94 patients | 
0.3%~Intraoperative hemorrhage and hematoma of eye and adnexa complicating an ophthalmic procedure, bilateral (H59.113)45543093;91 patients | 
0.3%~Postprocedural seroma of eye and adnexa following an ophthalmic procedure, bilateral (H59.353)37200465;92 patients | 
0.2%~Postprocedural hematoma of unspecified eye and adnexa following other procedure (H59.349)37200461;48 patients | 
0.2%~Postprocedural seroma of right eye and adnexa following an ophthalmic procedure (H59.351)37200463;54 patients | 
0.2%~Intraoperative hemorrhage and hematoma of unspecified eye and adnexa complicating other procedure (H59.129)45562296;59 patients | 
0.2%~Postprocedural seroma of unspecified eye and adnexa following other procedure (H59.369)37200471;41 patients | 
0.1%~Postprocedural hematoma of eye and adnexa following an ophthalmic procedure, bilateral (H59.333)37200455;47 patients | 
0.1%~Postprocedural hematoma of unspecified eye and adnexa following an ophthalmic procedure (H59.339)37200456;33 patients | 
0.1%~Postprocedural seroma of left eye and adnexa following an ophthalmic procedure (H59.352)37200464;43 patients | 
0.1%~Intraoperative hemorrhage and hematoma of eye and adnexa complicating other procedure, bilateral (H59.123)45557480;31 patients | 
0.1%~Accidental puncture and laceration of eye and adnexa during an ophthalmic procedure, bilateral (H59.213)45572024;47 patients | 
0.1%~Postprocedural seroma of left eye and adnexa following other procedure (H59.362)37200469;33 patients | 
0.1%~Postprocedural hematoma of eye and adnexa following other procedure, bilateral (H59.343)37200460;36 patients | 
0.1%~Postprocedural seroma of right eye and adnexa following other procedure (H59.361)37200468;30 patients | 
0.1%~Postprocedural seroma of unspecified eye and adnexa following an ophthalmic procedure (H59.359)37200466;25 patients | 
0%~Postprocedural seroma of eye and adnexa following other procedure, bilateral (H59.363)37200470;16 patients","Other disorders of the left eye following cataract surgery | 
Other disorders of the right eye following cataract surgery | 
Other disorders of the eye following cataract surgery, bilateral | 
Other disorders of unspecified eye following cataract surgery | 
Accidental puncture and laceration of right eye and adnexa during an ophthalmic procedure | 
Accidental puncture and laceration of left eye and adnexa during an ophthalmic procedure | 
Postprocedural hemorrhage of left eye and adnexa following an ophthalmic procedure | 
Postprocedural hemorrhage of right eye and adnexa following an ophthalmic procedure | 
Postprocedural hemorrhage of right eye and adnexa following other procedure | 
Intraoperative hemorrhage and hematoma of right eye and adnexa complicating an ophthalmic procedure | 
Postprocedural hemorrhage of left eye and adnexa following other procedure | 
Intraoperative hemorrhage and hematoma of left eye and adnexa complicating an ophthalmic procedure | 
Postprocedural hemorrhage of unspecified eye and adnexa following an ophthalmic procedure | 
Accidental puncture and laceration of unspecified eye and adnexa during an ophthalmic procedure | 
Intraoperative hemorrhage and hematoma of left eye and adnexa complicating other procedure | 
Postprocedural hematoma of left eye and adnexa following an ophthalmic procedure | 
Postprocedural hemorrhage of eye and adnexa following an ophthalmic procedure, bilateral | 
Postprocedural hematoma of right eye and adnexa following an ophthalmic procedure | 
Intraoperative hemorrhage and hematoma of unspecified eye and adnexa complicating an ophthalmic procedure | 
Postprocedural hematoma of left eye and adnexa following other procedure | 
Postprocedural hematoma of right eye and adnexa following other procedure | 
Intraoperative hemorrhage and hematoma of right eye and adnexa complicating other procedure | 
Postprocedural hemorrhage of eye and adnexa following other procedure, bilateral | 
Postprocedural hemorrhage of unspecified eye and adnexa following other procedure | 
Intraoperative hemorrhage and hematoma of eye and adnexa complicating an ophthalmic procedure, bilateral | 
Postprocedural seroma of eye and adnexa following an ophthalmic procedure, bilateral | 
Postprocedural hematoma of unspecified eye and adnexa following other procedure | 
Postprocedural seroma of right eye and adnexa following an ophthalmic procedure | 
Intraoperative hemorrhage and hematoma of unspecified eye and adnexa complicating other procedure | 
Postprocedural seroma of unspecified eye and adnexa following other procedure | 
Postprocedural hematoma of eye and adnexa following an ophthalmic procedure, bilateral | 
Postprocedural hematoma of unspecified eye and adnexa following an ophthalmic procedure | 
Postprocedural seroma of left eye and adnexa following an ophthalmic procedure | 
Intraoperative hemorrhage and hematoma of eye and adnexa complicating other procedure, bilateral | 
Accidental puncture and laceration of eye and adnexa during an ophthalmic procedure, bilateral | 
Postprocedural seroma of left eye and adnexa following other procedure | 
Postprocedural hematoma of eye and adnexa following other procedure, bilateral | 
Postprocedural seroma of right eye and adnexa following other procedure | 
Postprocedural seroma of unspecified eye and adnexa following an ophthalmic procedure | 
Postprocedural seroma of eye and adnexa following other procedure, bilateral",0.624142661179698,"363342003"
378423,"Retinoschisis and retinal cysts",34418,85909,3,"45.4%~Other retinoschisis and retinal cysts, left eye (H33.192)45543022;15379 patients | 
44.7%~Other retinoschisis and retinal cysts, right eye (H33.191)45571950;15105 patients | 
9.8%~Other retinoschisis and retinal cysts, unspecified eye (H33.199)45533295;3934 patients","Other retinoschisis and retinal cysts, left eye | 
Other retinoschisis and retinal cysts, right eye | 
Other retinoschisis and retinal cysts, unspecified eye",0.622770919067215,"193329008"
375817,"Conjunctivochalasis",43602,85570,3,"45.2%~Conjunctivochalasis, left eye (H11.822)45581587;18923 patients | 
43%~Conjunctivochalasis, right eye (H11.821)45571897;18835 patients | 
11.8%~Conjunctivochalasis, unspecified eye (H11.829)45557331;5844 patients","Conjunctivochalasis, left eye | 
Conjunctivochalasis, right eye | 
Conjunctivochalasis, unspecified eye",0.621399176954732,"408663001"
4009186,"Arcus senilis",48687,84906,3,"55.7%~Arcus senilis, unspecified eye (H18.419)45542990;26887 patients | 
25.7%~Arcus senilis, right eye (H18.411)45547831;12757 patients | 
18.5%~Arcus senilis, left eye (H18.412)45557355;9043 patients","Arcus senilis, unspecified eye | 
Arcus senilis, right eye | 
Arcus senilis, left eye",0.62002743484225,"111522004"
381014,"Conjunctival pigmentation",41200,84790,3,"46%~Conjunctival pigmentations, right eye (H11.131)45557327;18558 patients | 
42.7%~Conjunctival pigmentations, left eye (H11.132)45581581;16990 patients | 
11.3%~Conjunctival pigmentations, unspecified eye (H11.139)45538205;5652 patients","Conjunctival pigmentations, right eye | 
Conjunctival pigmentations, left eye | 
Conjunctival pigmentations, unspecified eye",0.618655692729767,"66081003"
44784606,"Burn of cornea and conjunctival sac",54168,82539,18,"19.3%~Burn of cornea and conjunctival sac, right eye, initial encounter (T26.11XA)45584801;10705 patients | 
18.9%~Corrosion of cornea and conjunctival sac, left eye, initial encounter (T26.62XA)45599350;10808 patients | 
18.7%~Burn of cornea and conjunctival sac, left eye, initial encounter (T26.12XA)45570316;10408 patients | 
18%~Corrosion of cornea and conjunctival sac, right eye, initial encounter (T26.61XA)45560616;10550 patients | 
4.3%~Corrosion of cornea and conjunctival sac, left eye, subsequent encounter (T26.62XD)45551087;1595 patients | 
4.1%~Corrosion of cornea and conjunctival sac, right eye, subsequent encounter (T26.61XD)45570318;1595 patients | 
4.1%~Corrosion of cornea and conjunctival sac, unspecified eye, initial encounter (T26.60XA)45608934;2381 patients | 
3.8%~Burn of cornea and conjunctival sac, right eye, subsequent encounter (T26.11XD)45608931;1618 patients | 
3.7%~Burn of cornea and conjunctival sac, unspecified eye, initial encounter (T26.10XA)45589657;2251 patients | 
3.5%~Burn of cornea and conjunctival sac, left eye, subsequent encounter (T26.12XD)45536626;1539 patients | 
0.9%~Corrosion of cornea and conjunctival sac, unspecified eye, subsequent encounter (T26.60XD)45555863;418 patients | 
0.6%~Burn of cornea and conjunctival sac, unspecified eye, subsequent encounter (T26.10XD)45565443;300 patients | 
NA | 
NA | 
NA | 
NA | 
NA | 
NA","Burn of cornea and conjunctival sac, right eye, initial encounter | 
Corrosion of cornea and conjunctival sac, left eye, initial encounter | 
Burn of cornea and conjunctival sac, left eye, initial encounter | 
Corrosion of cornea and conjunctival sac, right eye, initial encounter | 
Corrosion of cornea and conjunctival sac, left eye, subsequent encounter | 
Corrosion of cornea and conjunctival sac, right eye, subsequent encounter | 
Corrosion of cornea and conjunctival sac, unspecified eye, initial encounter | 
Burn of cornea and conjunctival sac, right eye, subsequent encounter | 
Burn of cornea and conjunctival sac, unspecified eye, initial encounter | 
Burn of cornea and conjunctival sac, left eye, subsequent encounter | 
Corrosion of cornea and conjunctival sac, unspecified eye, subsequent encounter | 
Burn of cornea and conjunctival sac, unspecified eye, subsequent encounter | 
Burn of cornea and conjunctival sac, unspecified eye | 
Burn of cornea and conjunctival sac, left eye | 
Burn of cornea and conjunctival sac, right eye | 
Corrosion of cornea and conjunctival sac, left eye | 
Corrosion of cornea and conjunctival sac, right eye | 
Corrosion of cornea and conjunctival sac, unspecified eye",0.617283950617284,"698780001"
4338759,"Squamous cell carcinoma of eyelid",30300,77869,7,"29.9%~Squamous cell carcinoma of skin of unspecified eyelid, including canthus (C44.121)45547495;9419 patients | 
23.4%~Squamous cell carcinoma of skin of left lower eyelid, including canthus (C44.1292)1595502;6979 patients | 
21.1%~Squamous cell carcinoma of skin of right lower eyelid, including canthus (C44.1222)1595500;6310 patients | 
13.2%~Squamous cell carcinoma of skin of left upper eyelid, including canthus (C44.1291)1595501;3955 patients | 
12.3%~Squamous cell carcinoma of skin of right upper eyelid, including canthus (C44.1221)1595499;3637 patients | 
NA | 
NA","Squamous cell carcinoma of skin of unspecified eyelid, including canthus | 
Squamous cell carcinoma of skin of left lower eyelid, including canthus | 
Squamous cell carcinoma of skin of right lower eyelid, including canthus | 
Squamous cell carcinoma of skin of left upper eyelid, including canthus | 
Squamous cell carcinoma of skin of right upper eyelid, including canthus | 
Squamous cell carcinoma of skin of right eyelid, including canthus | 
Squamous cell carcinoma of skin of left eyelid, including canthus",0.611796982167353,"231831002"
380096,"Proliferative retinopathy due to diabetes mellitus",17239,77169,42,"25.3%~Diabetes mellitus due to underlying condition with proliferative diabetic retinopathy with macular edema, unspecified eye (E08.3519)37200054;2599 patients | 
18.3%~Diabetes mellitus due to underlying condition with proliferative diabetic retinopathy without macular edema, unspecified eye (E08.3599)37200078;2814 patients | 
8.8%~Diabetes mellitus due to underlying condition with stable proliferative diabetic retinopathy, unspecified eye (E08.3559)37200074;1207 patients | 
7.1%~Other specified diabetes mellitus with proliferative diabetic retinopathy without macular edema, unspecified eye (E13.3599)37200306;2155 patients | 
6.6%~Other specified diabetes mellitus with proliferative diabetic retinopathy with macular edema, right eye (E13.3511)37200279;1310 patients | 
6.1%~Other specified diabetes mellitus with proliferative diabetic retinopathy with macular edema, left eye (E13.3512)37200280;1225 patients | 
3.8%~Diabetes mellitus due to underlying condition with proliferative diabetic retinopathy with combined traction retinal detachment and rhegmatogenous retinal detachment, unspecified eye (E08.3549)37200069;104 patients | 
3.7%~Other specified diabetes mellitus with stable proliferative diabetic retinopathy, unspecified eye (E13.3559)37200302;785 patients | 
3.3%~Other specified diabetes mellitus with proliferative diabetic retinopathy with macular edema, unspecified eye (E13.3519)37200282;515 patients | 
3.3%~Other specified diabetes mellitus with proliferative diabetic retinopathy without macular edema, right eye (E13.3591)37200303;1351 patients | 
2.3%~Other specified diabetes mellitus with proliferative diabetic retinopathy without macular edema, left eye (E13.3592)37200304;926 patients | 
1.5%~Diabetes mellitus due to underlying condition with proliferative diabetic retinopathy with traction retinal detachment involving the macula, unspecified eye (E08.3529)37200059;180 patients | 
1%~Drug or chemical induced diabetes mellitus with proliferative diabetic retinopathy without macular edema, unspecified eye (E09.3599)37200135;140 patients | 
1%~Other specified diabetes mellitus with proliferative diabetic retinopathy with traction retinal detachment involving the macula, right eye (E13.3521)37200284;149 patients | 
0.7%~Drug or chemical induced diabetes mellitus with proliferative diabetic retinopathy with macular edema, unspecified eye (E09.3519)37200111;67 patients | 
0.6%~Diabetes mellitus due to underlying condition with proliferative diabetic retinopathy with traction retinal detachment not involving the macula, unspecified eye (E08.3539)37200064;77 patients | 
0.6%~Other specified diabetes mellitus with stable proliferative diabetic retinopathy, left eye (E13.3552)37200300;242 patients | 
0.6%~Other specified diabetes mellitus with proliferative diabetic retinopathy with traction retinal detachment not involving the macula, right eye (E13.3531)37200289;130 patients | 
0.6%~Other specified diabetes mellitus with proliferative diabetic retinopathy with traction retinal detachment involving the macula, left eye (E13.3522)37200285;147 patients | 
0.5%~Other specified diabetes mellitus with stable proliferative diabetic retinopathy, right eye (E13.3551)37200299;231 patients | 
0.5%~Other specified diabetes mellitus with proliferative diabetic retinopathy with combined traction retinal detachment and rhegmatogenous retinal detachment, right eye (E13.3541)37200294;116 patients | 
0.4%~Other specified diabetes mellitus with proliferative diabetic retinopathy with traction retinal detachment not involving the macula, left eye (E13.3532)37200290;135 patients | 
0.3%~Drug or chemical induced diabetes mellitus with proliferative diabetic retinopathy with macular edema, left eye (E09.3512)37200109;49 patients | 
0.3%~Other specified diabetes mellitus with proliferative diabetic retinopathy with combined traction retinal detachment and rhegmatogenous retinal detachment, left eye (E13.3542)37200295;81 patients | 
0.3%~Drug or chemical induced diabetes mellitus with proliferative diabetic retinopathy with traction retinal detachment involving the macula, left eye (E09.3522)37200114;38 patients | 
0.3%~Drug or chemical induced diabetes mellitus with proliferative diabetic retinopathy with macular edema, right eye (E09.3511)37200108;37 patients | 
0.3%~Drug or chemical induced diabetes mellitus with proliferative diabetic retinopathy without macular edema, left eye (E09.3592)37200133;53 patients | 
0.3%~Drug or chemical induced diabetes mellitus with proliferative diabetic retinopathy without macular edema, right eye (E09.3591)37200132;66 patients | 
0.3%~Drug or chemical induced diabetes mellitus with proliferative diabetic retinopathy with traction retinal detachment not involving the macula, right eye (E09.3531)37200118;30 patients | 
0.3%~Other specified diabetes mellitus with proliferative diabetic retinopathy with traction retinal detachment involving the macula, unspecified eye (E13.3529)37200287;43 patients | 
0.2%~Drug or chemical induced diabetes mellitus with proliferative diabetic retinopathy with traction retinal detachment involving the macula, right eye (E09.3521)37200113;40 patients | 
0.2%~Other specified diabetes mellitus with proliferative diabetic retinopathy with combined traction retinal detachment and rhegmatogenous retinal detachment, unspecified eye (E13.3549)37200297;29 patients | 
0.2%~Other specified diabetes mellitus with proliferative diabetic retinopathy with traction retinal detachment not involving the macula, unspecified eye (E13.3539)37200292;41 patients | 
0.1%~Drug or chemical induced diabetes mellitus with stable proliferative diabetic retinopathy, unspecified eye (E09.3559)37200131;25 patients | 
0.1%~Drug or chemical induced diabetes mellitus with stable proliferative diabetic retinopathy, left eye (E09.3552)37200129;20 patients | 
0.1%~Drug or chemical induced diabetes mellitus with proliferative diabetic retinopathy with combined traction retinal detachment and rhegmatogenous retinal detachment, left eye (E09.3542)37200124;20 patients | 
0.1%~Drug or chemical induced diabetes mellitus with proliferative diabetic retinopathy with combined traction retinal detachment and rhegmatogenous retinal detachment, right eye (E09.3541)37200123;19 patients | 
0.1%~Drug or chemical induced diabetes mellitus with stable proliferative diabetic retinopathy, right eye (E09.3551)37200128;26 patients | 
0.1%~Drug or chemical induced diabetes mellitus with proliferative diabetic retinopathy with traction retinal detachment not involving the macula, left eye (E09.3532)37200119;17 patients | 
NA | 
NA | 
NA","Diabetes mellitus due to underlying condition with proliferative diabetic retinopathy with macular edema, unspecified eye | 
Diabetes mellitus due to underlying condition with proliferative diabetic retinopathy without macular edema, unspecified eye | 
Diabetes mellitus due to underlying condition with stable proliferative diabetic retinopathy, unspecified eye | 
Other specified diabetes mellitus with proliferative diabetic retinopathy without macular edema, unspecified eye | 
Other specified diabetes mellitus with proliferative diabetic retinopathy with macular edema, right eye | 
Other specified diabetes mellitus with proliferative diabetic retinopathy with macular edema, left eye | 
Diabetes mellitus due to underlying condition with proliferative diabetic retinopathy with combined traction retinal detachment and rhegmatogenous retinal detachment, unspecified eye | 
Other specified diabetes mellitus with stable proliferative diabetic retinopathy, unspecified eye | 
Other specified diabetes mellitus with proliferative diabetic retinopathy with macular edema, unspecified eye | 
Other specified diabetes mellitus with proliferative diabetic retinopathy without macular edema, right eye | 
Other specified diabetes mellitus with proliferative diabetic retinopathy without macular edema, left eye | 
Diabetes mellitus due to underlying condition with proliferative diabetic retinopathy with traction retinal detachment involving the macula, unspecified eye | 
Drug or chemical induced diabetes mellitus with proliferative diabetic retinopathy without macular edema, unspecified eye | 
Other specified diabetes mellitus with proliferative diabetic retinopathy with traction retinal detachment involving the macula, right eye | 
Drug or chemical induced diabetes mellitus with proliferative diabetic retinopathy with macular edema, unspecified eye | 
Diabetes mellitus due to underlying condition with proliferative diabetic retinopathy with traction retinal detachment not involving the macula, unspecified eye | 
Other specified diabetes mellitus with stable proliferative diabetic retinopathy, left eye | 
Other specified diabetes mellitus with proliferative diabetic retinopathy with traction retinal detachment not involving the macula, right eye | 
Other specified diabetes mellitus with proliferative diabetic retinopathy with traction retinal detachment involving the macula, left eye | 
Other specified diabetes mellitus with stable proliferative diabetic retinopathy, right eye | 
Other specified diabetes mellitus with proliferative diabetic retinopathy with combined traction retinal detachment and rhegmatogenous retinal detachment, right eye | 
Other specified diabetes mellitus with proliferative diabetic retinopathy with traction retinal detachment not involving the macula, left eye | 
Drug or chemical induced diabetes mellitus with proliferative diabetic retinopathy with macular edema, left eye | 
Other specified diabetes mellitus with proliferative diabetic retinopathy with combined traction retinal detachment and rhegmatogenous retinal detachment, left eye | 
Drug or chemical induced diabetes mellitus with proliferative diabetic retinopathy with traction retinal detachment involving the macula, left eye | 
Drug or chemical induced diabetes mellitus with proliferative diabetic retinopathy with macular edema, right eye | 
Drug or chemical induced diabetes mellitus with proliferative diabetic retinopathy without macular edema, left eye | 
Drug or chemical induced diabetes mellitus with proliferative diabetic retinopathy without macular edema, right eye | 
Drug or chemical induced diabetes mellitus with proliferative diabetic retinopathy with traction retinal detachment not involving the macula, right eye | 
Other specified diabetes mellitus with proliferative diabetic retinopathy with traction retinal detachment involving the macula, unspecified eye | 
Drug or chemical induced diabetes mellitus with proliferative diabetic retinopathy with traction retinal detachment involving the macula, right eye | 
Other specified diabetes mellitus with proliferative diabetic retinopathy with combined traction retinal detachment and rhegmatogenous retinal detachment, unspecified eye | 
Other specified diabetes mellitus with proliferative diabetic retinopathy with traction retinal detachment not involving the macula, unspecified eye | 
Drug or chemical induced diabetes mellitus with stable proliferative diabetic retinopathy, unspecified eye | 
Drug or chemical induced diabetes mellitus with stable proliferative diabetic retinopathy, left eye | 
Drug or chemical induced diabetes mellitus with proliferative diabetic retinopathy with combined traction retinal detachment and rhegmatogenous retinal detachment, left eye | 
Drug or chemical induced diabetes mellitus with proliferative diabetic retinopathy with combined traction retinal detachment and rhegmatogenous retinal detachment, right eye | 
Drug or chemical induced diabetes mellitus with stable proliferative diabetic retinopathy, right eye | 
Drug or chemical induced diabetes mellitus with proliferative diabetic retinopathy with traction retinal detachment not involving the macula, left eye | 
Drug or chemical induced diabetes mellitus with proliferative diabetic retinopathy with traction retinal detachment involving the macula, unspecified eye | 
Drug or chemical induced diabetes mellitus with proliferative diabetic retinopathy with traction retinal detachment not involving the macula, unspecified eye | 
Drug or chemical induced diabetes mellitus with proliferative diabetic retinopathy with combined traction retinal detachment and rhegmatogenous retinal detachment, unspecified eye",0.61042524005487,"59276001"
441555,"Retinal telangiectasia",23473,77167,3,"47.9%~Retinal telangiectasis, right eye (H35.071)45562229;11019 patients | 
45.2%~Retinal telangiectasis, left eye (H35.072)45576733;9985 patients | 
7%~Retinal telangiectasis, unspecified eye (H35.079)45543029;2469 patients","Retinal telangiectasis, right eye | 
Retinal telangiectasis, left eye | 
Retinal telangiectasis, unspecified eye",0.609053497942387,"84884003"
372325,"Senile ectropion",38920,76800,3,"55.3%~Senile ectropion of unspecified eye, unspecified eyelid (H02.139)45566919;20232 patients | 
27.5%~Senile ectropion of right eye, unspecified eyelid (H02.133)45557278;11783 patients | 
17.1%~Senile ectropion of left eye, unspecified eyelid (H02.136)45547782;6905 patients","Senile ectropion of unspecified eye, unspecified eyelid | 
Senile ectropion of right eye, unspecified eyelid | 
Senile ectropion of left eye, unspecified eyelid",0.607681755829904,"71659009"
381252,"Benign neoplasm of eye",36570,76360,4,"42.3%~Benign neoplasm of unspecified part of right eye (D31.91)45557072;15806 patients | 
39.5%~Benign neoplasm of unspecified part of left eye (D31.92)45571609;15068 patients | 
18.1%~Benign neoplasm of unspecified part of unspecified eye (D31.90)45581301;5696 patients | 
NA","Benign neoplasm of unspecified part of right eye | 
Benign neoplasm of unspecified part of left eye | 
Benign neoplasm of unspecified part of unspecified eye | 
Benign neoplasm of unspecified part of eye",0.604938271604938,"92097004"
375404,"Ocular laceration with prolapse AND/OR exposure of intraocular tissue",26287,76107,9,"35.1%~Ocular laceration and rupture with prolapse or loss of intraocular tissue, left eye, initial encounter (S05.22XA)45549055;8786 patients | 
32.1%~Ocular laceration and rupture with prolapse or loss of intraocular tissue, right eye, initial encounter (S05.21XA)45544237;8442 patients | 
12.2%~Ocular laceration and rupture with prolapse or loss of intraocular tissue, left eye, subsequent encounter (S05.22XD)45602085;2570 patients | 
10.4%~Ocular laceration and rupture with prolapse or loss of intraocular tissue, right eye, subsequent encounter (S05.21XD)45539437;2344 patients | 
8.7%~Ocular laceration and rupture with prolapse or loss of intraocular tissue, unspecified eye, initial encounter (S05.20XA)45592499;3611 patients | 
1.5%~Ocular laceration and rupture with prolapse or loss of intraocular tissue, unspecified eye, subsequent encounter (S05.20XD)45582800;534 patients | 
NA | 
NA | 
NA","Ocular laceration and rupture with prolapse or loss of intraocular tissue, left eye, initial encounter | 
Ocular laceration and rupture with prolapse or loss of intraocular tissue, right eye, initial encounter | 
Ocular laceration and rupture with prolapse or loss of intraocular tissue, left eye, subsequent encounter | 
Ocular laceration and rupture with prolapse or loss of intraocular tissue, right eye, subsequent encounter | 
Ocular laceration and rupture with prolapse or loss of intraocular tissue, unspecified eye, initial encounter | 
Ocular laceration and rupture with prolapse or loss of intraocular tissue, unspecified eye, subsequent encounter | 
Ocular laceration and rupture with prolapse or loss of intraocular tissue, right eye | 
Ocular laceration and rupture with prolapse or loss of intraocular tissue, unspecified eye | 
Ocular laceration and rupture with prolapse or loss of intraocular tissue, left eye",0.603566529492455,"37911007"
377875,"Idiopathic corneal edema",31781,75917,3,"48.6%~Idiopathic corneal edema, right eye (H18.221)45571907;14813 patients | 
45%~Idiopathic corneal edema, left eye (H18.222)45605632;13948 patients | 
6.4%~Idiopathic corneal edema, unspecified eye (H18.229)45566995;3020 patients","Idiopathic corneal edema, right eye | 
Idiopathic corneal edema, left eye | 
Idiopathic corneal edema, unspecified eye",0.602194787379973,"1794009"
4143365,"Generalized visual field constriction",40874,75818,3,"41.2%~Generalized contraction of visual field, left eye (H53.482)45600966;16662 patients | 
40.3%~Generalized contraction of visual field, right eye (H53.481)45591391;16292 patients | 
18.5%~Generalized contraction of visual field, unspecified eye (H53.489)45586514;7920 patients","Generalized contraction of visual field, left eye | 
Generalized contraction of visual field, right eye | 
Generalized contraction of visual field, unspecified eye",0.60082304526749,"267628004"
438141,"Senile reticular retinal degeneration",30529,74879,3,"48.7%~Age-related reticular degeneration of retina, right eye (H35.441)45547873;14596 patients | 
43.8%~Age-related reticular degeneration of retina, left eye (H35.442)45591329;13309 patients | 
7.5%~Age-related reticular degeneration of retina, unspecified eye (H35.449)45600912;2624 patients","Age-related reticular degeneration of retina, right eye | 
Age-related reticular degeneration of retina, left eye | 
Age-related reticular degeneration of retina, unspecified eye",0.599451303155007,"54184008"
376989,"Duane's syndrome",22654,74210,2,"62.6%~Duane's syndrome, left eye (H50.812)45543077;13962 patients | 
37.4%~Duane's syndrome, right eye (H50.811)45557462;8692 patients","Duane's syndrome, left eye | 
Duane's syndrome, right eye",0.598079561042524,"60318001"
380113,"Hemorrhage in optic nerve sheaths",38318,73960,3,"48.5%~Hemorrhage in optic nerve sheath, left eye (H47.022)45538302;18437 patients | 
48.1%~Hemorrhage in optic nerve sheath, right eye (H47.021)45543065;18500 patients | 
3.4%~Hemorrhage in optic nerve sheath, unspecified eye (H47.029)45581687;1381 patients","Hemorrhage in optic nerve sheath, left eye | 
Hemorrhage in optic nerve sheath, right eye | 
Hemorrhage in optic nerve sheath, unspecified eye",0.596707818930041,"14460007"
380714,"Minor opacity of cornea",36789,73355,3,"51.1%~Minor opacity of cornea, right eye (H17.811)45552611;18592 patients | 
46.6%~Minor opacity of cornea, left eye (H17.812)45581604;17210 patients | 
2.3%~Minor opacity of cornea, unspecified eye (H17.819)45566989;987 patients","Minor opacity of cornea, right eye | 
Minor opacity of cornea, left eye | 
Minor opacity of cornea, unspecified eye",0.595336076817558,"66104007"
4184626,"Abnormal retraction of eyelid",34562,70684,3,"51.8%~Eyelid retraction unspecified eye, unspecified lid (H02.539)45581543;18216 patients | 
25.1%~Eyelid retraction right eye, unspecified eyelid (H02.533)45605584;8504 patients | 
23.1%~Eyelid retraction left eye, unspecified eyelid (H02.536)45591226;7842 patients","Eyelid retraction unspecified eye, unspecified lid | 
Eyelid retraction right eye, unspecified eyelid | 
Eyelid retraction left eye, unspecified eyelid",0.593964334705075,"43854003"
4335883,"Basal cell carcinoma of eyelid",31849,70601,3,"100%~Basal cell carcinoma of skin of unspecified eyelid, including canthus (C44.111)45532904;31849 patients | 
NA | 
NA","Basal cell carcinoma of skin of unspecified eyelid, including canthus | 
Basal cell carcinoma of skin of left eyelid, including canthus | 
Basal cell carcinoma of skin of right eyelid, including canthus",0.592592592592593,"231832009"
37206800,"Foreign body of eye region",43028,69965,27,"21.8%~Laceration with foreign body of right eyelid and periocular area, initial encounter (S01.121A)45563356;7544 patients | 
20.9%~Superficial foreign body of right eyelid and periocular area, initial encounter (S00.251A)45592450;11366 patients | 
20.7%~Superficial foreign body of left eyelid and periocular area, initial encounter (S00.252A)45597219;11143 patients | 
20.2%~Laceration with foreign body of left eyelid and periocular area, initial encounter (S01.122A)45553786;6685 patients | 
3.2%~Laceration with foreign body of unspecified eyelid and periocular area, initial encounter (S01.129A)45539400;1057 patients | 
2.6%~Laceration with foreign body of right eyelid and periocular area, subsequent encounter (S01.121D)45606853;831 patients | 
2.6%~Laceration with foreign body of left eyelid and periocular area, subsequent encounter (S01.122D)45544193;807 patients | 
2.3%~Puncture wound with foreign body of left eyelid and periocular area, initial encounter (S01.142A)45577850;892 patients | 
2.2%~Puncture wound with foreign body of right eyelid and periocular area, initial encounter (S01.141A)45602059;866 patients | 
1.6%~Superficial foreign body of unspecified eyelid and periocular area, initial encounter (S00.259A)45534490;941 patients | 
0.6%~Superficial foreign body of right eyelid and periocular area, subsequent encounter (S00.251D)45573053;339 patients | 
0.5%~Superficial foreign body of left eyelid and periocular area, subsequent encounter (S00.252D)45587542;289 patients | 
0.3%~Laceration with foreign body of unspecified eyelid and periocular area, subsequent encounter (S01.129D)45539401;79 patients | 
0.3%~Puncture wound with foreign body of unspecified eyelid and periocular area, initial encounter (S01.149A)45544197;90 patients | 
0.1%~Puncture wound with foreign body of left eyelid and periocular area, subsequent encounter (S01.142D)45549017;45 patients | 
0.1%~Puncture wound with foreign body of right eyelid and periocular area, subsequent encounter (S01.141D)45577849;30 patients | 
0.1%~Superficial foreign body of unspecified eyelid and periocular area, subsequent encounter (S00.259D)45582742;24 patients | 
NA | 
NA | 
NA | 
NA | 
NA | 
NA | 
NA | 
NA | 
NA | 
NA","Laceration with foreign body of right eyelid and periocular area, initial encounter | 
Superficial foreign body of right eyelid and periocular area, initial encounter | 
Superficial foreign body of left eyelid and periocular area, initial encounter | 
Laceration with foreign body of left eyelid and periocular area, initial encounter | 
Laceration with foreign body of unspecified eyelid and periocular area, initial encounter | 
Laceration with foreign body of right eyelid and periocular area, subsequent encounter | 
Laceration with foreign body of left eyelid and periocular area, subsequent encounter | 
Puncture wound with foreign body of left eyelid and periocular area, initial encounter | 
Puncture wound with foreign body of right eyelid and periocular area, initial encounter | 
Superficial foreign body of unspecified eyelid and periocular area, initial encounter | 
Superficial foreign body of right eyelid and periocular area, subsequent encounter | 
Superficial foreign body of left eyelid and periocular area, subsequent encounter | 
Laceration with foreign body of unspecified eyelid and periocular area, subsequent encounter | 
Puncture wound with foreign body of unspecified eyelid and periocular area, initial encounter | 
Puncture wound with foreign body of left eyelid and periocular area, subsequent encounter | 
Puncture wound with foreign body of right eyelid and periocular area, subsequent encounter | 
Superficial foreign body of unspecified eyelid and periocular area, subsequent encounter | 
Superficial foreign body of right eyelid and periocular area | 
Laceration with foreign body of unspecified eyelid and periocular area | 
Superficial foreign body of left eyelid and periocular area | 
Superficial foreign body of unspecified eyelid and periocular area | 
Laceration with foreign body of right eyelid and periocular area | 
Puncture wound with foreign body of left eyelid and periocular area | 
Puncture wound with foreign body of unspecified eyelid and periocular area | 
Puncture wound with foreign body of right eyelid and periocular area | 
Puncture wound with foreign body of unspecified eyelid and periocular area, subsequent encounter | 
Laceration with foreign body of left eyelid and periocular area",0.59122085048011,"787018009"
441582,"Anterior scleritis",18929,68788,3,"47.4%~Anterior scleritis, left eye (H15.012)45571898;8710 patients | 
45.8%~Anterior scleritis, right eye (H15.011)45533231;8569 patients | 
6.8%~Anterior scleritis, unspecified eye (H15.019)45566967;1650 patients","Anterior scleritis, left eye | 
Anterior scleritis, right eye | 
Anterior scleritis, unspecified eye",0.589849108367627,"63454000"
45763827,"Abnormal retraction of upper eyelid",28684,68488,2,"52.4%~Eyelid retraction right upper eyelid (H02.531)45542939;14999 patients | 
47.6%~Eyelid retraction left upper eyelid (H02.534)45533192;13685 patients","Eyelid retraction right upper eyelid | 
Eyelid retraction left upper eyelid",0.588477366255144,"700344004"
376401,"Traumatic cataract",27188,67054,3,"46.3%~Unspecified traumatic cataract, right eye (H26.101)45571925;12632 patients | 
45.8%~Unspecified traumatic cataract, left eye (H26.102)45562211;12640 patients | 
7.9%~Unspecified traumatic cataract, unspecified eye (H26.109)45567015;1916 patients","Unspecified traumatic cataract, right eye | 
Unspecified traumatic cataract, left eye | 
Unspecified traumatic cataract, unspecified eye",0.582990397805213,"34361001"
380110,"Keratoconus, stable condition",27890,66712,3,"46.4%~Keratoconus, stable, right eye (H18.611)45596037;12603 patients | 
43.7%~Keratoconus, stable, left eye (H18.612)45542992;12270 patients | 
9.9%~Keratoconus, stable, unspecified eye (H18.619)45552626;3017 patients","Keratoconus, stable, right eye | 
Keratoconus, stable, left eye | 
Keratoconus, stable, unspecified eye",0.58161865569273,"193844000"
378743,"Mild nonproliferative retinopathy due to diabetes mellitus",17603,66345,8,"29.6%~Diabetes mellitus due to underlying condition with mild nonproliferative diabetic retinopathy without macular edema, unspecified eye (E08.3299)37200034;3549 patients | 
24.6%~Diabetes mellitus due to underlying condition with mild nonproliferative diabetic retinopathy with macular edema, unspecified eye (E08.3219)37200030;1966 patients | 
16.5%~Other specified diabetes mellitus with mild nonproliferative diabetic retinopathy without macular edema, unspecified eye (E13.3299)37200262;4339 patients | 
7.4%~Other specified diabetes mellitus with mild nonproliferative diabetic retinopathy with macular edema, right eye (E13.3211)37200255;1490 patients | 
6.6%~Other specified diabetes mellitus with mild nonproliferative diabetic retinopathy without macular edema, right eye (E13.3291)37200259;2556 patients | 
6.6%~Other specified diabetes mellitus with mild nonproliferative diabetic retinopathy with macular edema, left eye (E13.3212)37200256;1260 patients | 
4.7%~Other specified diabetes mellitus with mild nonproliferative diabetic retinopathy without macular edema, left eye (E13.3292)37200260;1835 patients | 
4.1%~Other specified diabetes mellitus with mild nonproliferative diabetic retinopathy with macular edema, unspecified eye (E13.3219)37200258;608 patients","Diabetes mellitus due to underlying condition with mild nonproliferative diabetic retinopathy without macular edema, unspecified eye | 
Diabetes mellitus due to underlying condition with mild nonproliferative diabetic retinopathy with macular edema, unspecified eye | 
Other specified diabetes mellitus with mild nonproliferative diabetic retinopathy without macular edema, unspecified eye | 
Other specified diabetes mellitus with mild nonproliferative diabetic retinopathy with macular edema, right eye | 
Other specified diabetes mellitus with mild nonproliferative diabetic retinopathy without macular edema, right eye | 
Other specified diabetes mellitus with mild nonproliferative diabetic retinopathy with macular edema, left eye | 
Other specified diabetes mellitus with mild nonproliferative diabetic retinopathy without macular edema, left eye | 
Other specified diabetes mellitus with mild nonproliferative diabetic retinopathy with macular edema, unspecified eye",0.580246913580247,"312903003"
433633,"Late effect of superficial injury",38657,63652,24,"45.2%~Injury of conjunctiva and corneal abrasion without foreign body, right eye, sequela (S05.01XS)45563388;17283 patients | 
41.7%~Injury of conjunctiva and corneal abrasion without foreign body, left eye, sequela (S05.02XS)45606898;15700 patients | 
7.5%~Injury of conjunctiva and corneal abrasion without foreign body, unspecified eye, sequela (S05.00XS)45573109;2987 patients | 
1%~Abrasion of left eyelid and periocular area, sequela (S00.212S)45587541;461 patients | 
0.9%~Abrasion of right eyelid and periocular area, sequela (S00.211S)45558498;416 patients | 
0.7%~Insect bite (nonvenomous) of left eyelid and periocular area, sequela (S00.262S)45587544;391 patients | 
0.7%~Insect bite (nonvenomous) of right eyelid and periocular area, sequela (S00.261S)45606841;340 patients | 
0.5%~Unspecified superficial injury of left eyelid and periocular area, sequela (S00.202S)45582740;204 patients | 
0.4%~Insect bite (nonvenomous) of unspecified eyelid and periocular area, sequela (S00.269S)45558500;203 patients | 
0.4%~Unspecified superficial injury of right eyelid and periocular area, sequela (S00.201S)45597218;171 patients | 
0.3%~Abrasion of unspecified eyelid and periocular area, sequela (S00.219S)45568163;131 patients | 
0.3%~Superficial foreign body of right eyelid and periocular area, sequela (S00.251S)45592451;138 patients | 
0.2%~Superficial foreign body of left eyelid and periocular area, sequela (S00.252S)45568167;87 patients | 
0.1%~Unspecified superficial injury of unspecified eyelid and periocular area, sequela (S00.209S)45549000;49 patients | 
0.1%~Blister (nonthermal) of left eyelid and periocular area, sequela (S00.222S)45553762;22 patients | 
0%~Blister (nonthermal) of right eyelid and periocular area, sequela (S00.221S)45558499;19 patients | 
0%~Blister (nonthermal) of unspecified eyelid and periocular area, sequela (S00.229S)45568165;15 patients | 
0%~Superficial foreign body of unspecified eyelid and periocular area, sequela (S00.259S)45577834;17 patients | 
0%~Other superficial bite of right eyelid and periocular area, sequela (S00.271S)45539378;11 patients | 
0%~Other superficial bite of left eyelid and periocular area, sequela (S00.272S)45553763;12 patients | 
NA | 
NA | 
NA | 
NA","Injury of conjunctiva and corneal abrasion without foreign body, right eye, sequela | 
Injury of conjunctiva and corneal abrasion without foreign body, left eye, sequela | 
Injury of conjunctiva and corneal abrasion without foreign body, unspecified eye, sequela | 
Abrasion of left eyelid and periocular area, sequela | 
Abrasion of right eyelid and periocular area, sequela | 
Insect bite (nonvenomous) of left eyelid and periocular area, sequela | 
Insect bite (nonvenomous) of right eyelid and periocular area, sequela | 
Unspecified superficial injury of left eyelid and periocular area, sequela | 
Insect bite (nonvenomous) of unspecified eyelid and periocular area, sequela | 
Unspecified superficial injury of right eyelid and periocular area, sequela | 
Abrasion of unspecified eyelid and periocular area, sequela | 
Superficial foreign body of right eyelid and periocular area, sequela | 
Superficial foreign body of left eyelid and periocular area, sequela | 
Unspecified superficial injury of unspecified eyelid and periocular area, sequela | 
Blister (nonthermal) of left eyelid and periocular area, sequela | 
Blister (nonthermal) of right eyelid and periocular area, sequela | 
Blister (nonthermal) of unspecified eyelid and periocular area, sequela | 
Superficial foreign body of unspecified eyelid and periocular area, sequela | 
Other superficial bite of right eyelid and periocular area, sequela | 
Other superficial bite of left eyelid and periocular area, sequela | 
Other superficial bite of unspecified eyelid and periocular area, sequela | 
External constriction of right eyelid and periocular area, sequela | 
External constriction of unspecified eyelid and periocular area, sequela | 
External constriction of left eyelid and periocular area, sequela",0.578875171467764,"111727008"
441712,"Open wound of ocular adnexa",43913,63306,9,"34.6%~Unspecified open wound of left eyelid and periocular area, initial encounter (S01.102A)45587559;15288 patients | 
34.1%~Unspecified open wound of right eyelid and periocular area, initial encounter (S01.101A)45553784;15113 patients | 
14.4%~Unspecified open wound of unspecified eyelid and periocular area, initial encounter (S01.109A)45582758;6782 patients | 
8%~Unspecified open wound of left eyelid and periocular area, subsequent encounter (S01.102D)45544190;3212 patients | 
7.8%~Unspecified open wound of right eyelid and periocular area, subsequent encounter (S01.101D)45563353;3083 patients | 
1.1%~Unspecified open wound of unspecified eyelid and periocular area, subsequent encounter (S01.109D)45602057;435 patients | 
NA | 
NA | 
NA","Unspecified open wound of left eyelid and periocular area, initial encounter | 
Unspecified open wound of right eyelid and periocular area, initial encounter | 
Unspecified open wound of unspecified eyelid and periocular area, initial encounter | 
Unspecified open wound of left eyelid and periocular area, subsequent encounter | 
Unspecified open wound of right eyelid and periocular area, subsequent encounter | 
Unspecified open wound of unspecified eyelid and periocular area, subsequent encounter | 
Unspecified open wound of right eyelid and periocular area | 
Unspecified open wound of left eyelid and periocular area | 
Unspecified open wound of unspecified eyelid and periocular area",0.577503429355281,"16998003"
377868,"Corneal pannus",28096,62345,3,"47.3%~Pannus (corneal), left eye (H16.422)45581602;12977 patients | 
45.7%~Pannus (corneal), right eye (H16.421)45552608;12799 patients | 
7%~Pannus (corneal), unspecified eye (H16.429)45600872;2320 patients","Pannus (corneal), left eye | 
Pannus (corneal), right eye | 
Pannus (corneal), unspecified eye",0.576131687242798,"35666006"
40443516,"Xanthelasma",35555,62243,3,"51.6%~Xanthelasma of unspecified eye, unspecified eyelid (H02.60)45552567;18937 patients | 
24.9%~Xanthelasma of right eye, unspecified eyelid (H02.63)45581544;8237 patients | 
23.5%~Xanthelasma of left eye, unspecified eyelid (H02.66)45600830;8381 patients","Xanthelasma of unspecified eye, unspecified eyelid | 
Xanthelasma of right eye, unspecified eyelid | 
Xanthelasma of left eye, unspecified eyelid",0.574759945130315,"238951005"
376119,"Perforated corneal ulcer",10692,61245,3,"49.8%~Perforated corneal ulcer, left eye (H16.072)45542975;5052 patients | 
47%~Perforated corneal ulcer, right eye (H16.071)45552606;4916 patients | 
3.2%~Perforated corneal ulcer, unspecified eye (H16.079)45533241;724 patients","Perforated corneal ulcer, left eye | 
Perforated corneal ulcer, right eye | 
Perforated corneal ulcer, unspecified eye",0.57201646090535,"46606001"
4334734,"Penetrating wound of orbit",39148,60967,9,"42.8%~Penetrating wound of orbit with or without foreign body, left eye, initial encounter (S05.42XA)45534544;17084 patients | 
39.3%~Penetrating wound of orbit with or without foreign body, right eye, initial encounter (S05.41XA)45553830;15797 patients | 
9.7%~Penetrating wound of orbit with or without foreign body, unspecified eye, initial encounter (S05.40XA)45592502;3462 patients | 
4.1%~Penetrating wound of orbit with or without foreign body, left eye, subsequent encounter (S05.42XD)45573112;1379 patients | 
3.4%~Penetrating wound of orbit with or without foreign body, right eye, subsequent encounter (S05.41XD)45544241;1223 patients | 
0.6%~Penetrating wound of orbit with or without foreign body, unspecified eye, subsequent encounter (S05.40XD)45573111;203 patients | 
NA | 
NA | 
NA","Penetrating wound of orbit with or without foreign body, left eye, initial encounter | 
Penetrating wound of orbit with or without foreign body, right eye, initial encounter | 
Penetrating wound of orbit with or without foreign body, unspecified eye, initial encounter | 
Penetrating wound of orbit with or without foreign body, left eye, subsequent encounter | 
Penetrating wound of orbit with or without foreign body, right eye, subsequent encounter | 
Penetrating wound of orbit with or without foreign body, unspecified eye, subsequent encounter | 
Penetrating wound of orbit with or without foreign body, left eye | 
Penetrating wound of orbit with or without foreign body, unspecified eye | 
Penetrating wound of orbit with or without foreign body, right eye",0.570644718792867,"231851003"
45771093,"Senile ectropion of upper eyelid",33812,60390,2,"55.2%~Senile ectropion of right upper eyelid (H02.131)45595978;18352 patients | 
44.8%~Senile ectropion of left upper eyelid (H02.134)45557279;15460 patients","Senile ectropion of right upper eyelid | 
Senile ectropion of left upper eyelid",0.569272976680384,"700287003"
372424,"Congenital anomaly of eye",28153,58279,1,"100%~Congenital malformation of eye, unspecified (Q15.9)35210765;28153 patients","Congenital malformation of eye, unspecified",0.567901234567901,"19416009"
45757373,"Pingueculitis",36540,57760,3,"50.1%~Pingueculitis, left eye (H10.812)45571888;18135 patients | 
46.5%~Pingueculitis, right eye (H10.811)45576657;17104 patients | 
3.4%~Pingueculitis, unspecified eye (H10.819)45571889;1301 patients","Pingueculitis, left eye | 
Pingueculitis, right eye | 
Pingueculitis, unspecified eye",0.566529492455418,"124681000119104"
201820,"Diabetes mellitus",22573,57285,21,"19.1%~Other specified diabetes mellitus with mild nonproliferative diabetic retinopathy without macular edema, unspecified eye (E13.3299)37200262;4339 patients | 
16.9%~Other specified diabetes mellitus with diabetic macular edema, resolved following treatment, right eye (E13.37X1)37200308;2493 patients | 
9.5%~Other specified diabetes mellitus with proliferative diabetic retinopathy without macular edema, unspecified eye (E13.3599)37200306;2155 patients | 
8.9%~Other specified diabetes mellitus with diabetic macular edema, resolved following treatment, left eye (E13.37X2)37200309;1238 patients | 
7.6%~Other specified diabetes mellitus with mild nonproliferative diabetic retinopathy without macular edema, right eye (E13.3291)37200259;2556 patients | 
5.4%~Other specified diabetes mellitus with mild nonproliferative diabetic retinopathy without macular edema, left eye (E13.3292)37200260;1835 patients | 
5%~Other specified diabetes mellitus with stable proliferative diabetic retinopathy, unspecified eye (E13.3559)37200302;785 patients | 
4.4%~Other specified diabetes mellitus with proliferative diabetic retinopathy without macular edema, right eye (E13.3591)37200303;1351 patients | 
4.1%~Other specified diabetes mellitus with moderate nonproliferative diabetic retinopathy without macular edema, unspecified eye (E13.3399)37200270;978 patients | 
3.2%~Other specified diabetes mellitus with proliferative diabetic retinopathy without macular edema, left eye (E13.3592)37200304;926 patients | 
2.8%~Other specified diabetes mellitus with diabetic macular edema, resolved following treatment, unspecified eye (E13.37X9)37200311;528 patients | 
2.2%~Other specified diabetes mellitus with moderate nonproliferative diabetic retinopathy without macular edema, right eye (E13.3391)37200267;708 patients | 
2.1%~Other specified diabetes mellitus with moderate nonproliferative diabetic retinopathy without macular edema, left eye (E13.3392)37200268;719 patients | 
1.8%~Other specified diabetes mellitus with severe nonproliferative diabetic retinopathy without macular edema, unspecified eye (E13.3499)37200278;299 patients | 
1.6%~Other specified diabetes mellitus with severe nonproliferative diabetic retinopathy with macular edema, unspecified eye (E13.3419)37200274;194 patients | 
1.1%~Other specified diabetes mellitus with severe nonproliferative diabetic retinopathy with macular edema, right eye (E13.3411)37200271;267 patients | 
1.1%~Other specified diabetes mellitus with severe nonproliferative diabetic retinopathy with macular edema, left eye (E13.3412)37200272;255 patients | 
0.9%~Other specified diabetes mellitus with severe nonproliferative diabetic retinopathy without macular edema, right eye (E13.3491)37200275;248 patients | 
0.9%~Other specified diabetes mellitus with stable proliferative diabetic retinopathy, left eye (E13.3552)37200300;242 patients | 
0.7%~Other specified diabetes mellitus with severe nonproliferative diabetic retinopathy without macular edema, left eye (E13.3492)37200276;226 patients | 
0.7%~Other specified diabetes mellitus with stable proliferative diabetic retinopathy, right eye (E13.3551)37200299;231 patients","Other specified diabetes mellitus with mild nonproliferative diabetic retinopathy without macular edema, unspecified eye | 
Other specified diabetes mellitus with diabetic macular edema, resolved following treatment, right eye | 
Other specified diabetes mellitus with proliferative diabetic retinopathy without macular edema, unspecified eye | 
Other specified diabetes mellitus with diabetic macular edema, resolved following treatment, left eye | 
Other specified diabetes mellitus with mild nonproliferative diabetic retinopathy without macular edema, right eye | 
Other specified diabetes mellitus with mild nonproliferative diabetic retinopathy without macular edema, left eye | 
Other specified diabetes mellitus with stable proliferative diabetic retinopathy, unspecified eye | 
Other specified diabetes mellitus with proliferative diabetic retinopathy without macular edema, right eye | 
Other specified diabetes mellitus with moderate nonproliferative diabetic retinopathy without macular edema, unspecified eye | 
Other specified diabetes mellitus with proliferative diabetic retinopathy without macular edema, left eye | 
Other specified diabetes mellitus with diabetic macular edema, resolved following treatment, unspecified eye | 
Other specified diabetes mellitus with moderate nonproliferative diabetic retinopathy without macular edema, right eye | 
Other specified diabetes mellitus with moderate nonproliferative diabetic retinopathy without macular edema, left eye | 
Other specified diabetes mellitus with severe nonproliferative diabetic retinopathy without macular edema, unspecified eye | 
Other specified diabetes mellitus with severe nonproliferative diabetic retinopathy with macular edema, unspecified eye | 
Other specified diabetes mellitus with severe nonproliferative diabetic retinopathy with macular edema, right eye | 
Other specified diabetes mellitus with severe nonproliferative diabetic retinopathy with macular edema, left eye | 
Other specified diabetes mellitus with severe nonproliferative diabetic retinopathy without macular edema, right eye | 
Other specified diabetes mellitus with stable proliferative diabetic retinopathy, left eye | 
Other specified diabetes mellitus with severe nonproliferative diabetic retinopathy without macular edema, left eye | 
Other specified diabetes mellitus with stable proliferative diabetic retinopathy, right eye",0.565157750342936,"73211009"
373756,"Exudative retinopathy",17508,56155,3,"43.3%~Exudative retinopathy, right eye (H35.021)45562227;7551 patients | 
42.6%~Exudative retinopathy, left eye (H35.022)45557399;7590 patients | 
14.1%~Exudative retinopathy, unspecified eye (H35.029)45576732;2367 patients","Exudative retinopathy, right eye | 
Exudative retinopathy, left eye | 
Exudative retinopathy, unspecified eye",0.56241426611797,"25506007"
439815,"Choroidal degeneration",24512,50003,3,"41.5%~Choroidal degeneration, unspecified, right eye (H31.101)45586435;10248 patients | 
36.4%~Choroidal degeneration, unspecified, left eye (H31.102)45567026;9044 patients | 
22.1%~Choroidal degeneration, unspecified, unspecified eye (H31.109)45538252;5220 patients","Choroidal degeneration, unspecified, right eye | 
Choroidal degeneration, unspecified, left eye | 
Choroidal degeneration, unspecified, unspecified eye",0.556927297668038,"406446000"
379816,"Simple chronic conjunctivitis",31191,49827,3,"39%~Simple chronic conjunctivitis, left eye (H10.422)45533219;12797 patients | 
37.9%~Simple chronic conjunctivitis, right eye (H10.421)45600845;12544 patients | 
23.1%~Simple chronic conjunctivitis, unspecified eye (H10.429)45600846;5850 patients","Simple chronic conjunctivitis, left eye | 
Simple chronic conjunctivitis, right eye | 
Simple chronic conjunctivitis, unspecified eye",0.555555555555556,"8211008"
4031757,"Melanocytic nevus of eyelid, including canthus",35203,49710,7,"23.9%~Melanocytic nevi of unspecified eyelid, including canthus (D22.10)45552336;8355 patients | 
20%~Melanocytic nevi of right lower eyelid, including canthus (D22.112)1595524;6901 patients | 
19.9%~Melanocytic nevi of right upper eyelid, including canthus (D22.111)1595523;7107 patients | 
18.8%~Melanocytic nevi of left lower eyelid, including canthus (D22.122)1595526;6629 patients | 
17.4%~Melanocytic nevi of left upper eyelid, including canthus (D22.121)1595525;6211 patients | 
NA | 
NA","Melanocytic nevi of unspecified eyelid, including canthus | 
Melanocytic nevi of right lower eyelid, including canthus | 
Melanocytic nevi of right upper eyelid, including canthus | 
Melanocytic nevi of left lower eyelid, including canthus | 
Melanocytic nevi of left upper eyelid, including canthus | 
Melanocytic nevi of left eyelid, including canthus | 
Melanocytic nevi of right eyelid, including canthus",0.554183813443073,"109273001"
45772079,"Retinopathy of prematurity stage 0",25057,48741,3,"40.9%~Retinopathy of prematurity, stage 0, right eye (H35.111)45557401;10534 patients | 
34.1%~Retinopathy of prematurity, stage 0, unspecified eye (H35.119)45538262;7955 patients | 
25%~Retinopathy of prematurity, stage 0, left eye (H35.112)45557402;6568 patients","Retinopathy of prematurity, stage 0, right eye | 
Retinopathy of prematurity, stage 0, unspecified eye | 
Retinopathy of prematurity, stage 0, left eye",0.55281207133059,"124111000119102"
441011,"Hemorrhagic detachment of retinal pigment epithelium",11588,48686,3,"48.9%~Hemorrhagic detachment of retinal pigment epithelium, right eye (H35.731)45567049;5543 patients | 
48.7%~Hemorrhagic detachment of retinal pigment epithelium, left eye (H35.732)45538271;5524 patients | 
2.4%~Hemorrhagic detachment of retinal pigment epithelium, unspecified eye (H35.739)45533311;521 patients","Hemorrhagic detachment of retinal pigment epithelium, right eye | 
Hemorrhagic detachment of retinal pigment epithelium, left eye | 
Hemorrhagic detachment of retinal pigment epithelium, unspecified eye",0.551440329218107,"50165004"
433195,"Transient arterial retinal occlusion",22294,48329,3,"36.6%~Transient retinal artery occlusion, right eye (H34.01)45596068;8129 patients | 
33.5%~Transient retinal artery occlusion, left eye (H34.02)45576728;7486 patients | 
30%~Transient retinal artery occlusion, unspecified eye (H34.00)45591319;6679 patients","Transient retinal artery occlusion, right eye | 
Transient retinal artery occlusion, left eye | 
Transient retinal artery occlusion, unspecified eye",0.550068587105624,"87224000"
441560,"Anterior synechiae",21069,48242,3,"50.6%~Anterior synechiae (iris), right eye (H21.511)45543003;10533 patients | 
46.5%~Anterior synechiae (iris), left eye (H21.512)45596045;9884 patients | 
2.9%~Anterior synechiae (iris), unspecified eye (H21.519)45543004;652 patients","Anterior synechiae (iris), right eye | 
Anterior synechiae (iris), left eye | 
Anterior synechiae (iris), unspecified eye",0.548696844993141,"70992005"
441284,"Open-angle glaucoma",9608,47996,3,"45.4%~Residual stage of open-angle glaucoma, right eye (H40.151)45596086;3977 patients | 
42.8%~Residual stage of open-angle glaucoma, left eye (H40.152)45562240;3790 patients | 
11.8%~Residual stage of open-angle glaucoma, unspecified eye (H40.159)45567055;1841 patients","Residual stage of open-angle glaucoma, right eye | 
Residual stage of open-angle glaucoma, left eye | 
Residual stage of open-angle glaucoma, unspecified eye",0.547325102880658,"84494001"
45771089,"Blepharochalasis of lower eyelid",32179,47666,2,"52.4%~Blepharochalasis right lower eyelid (H02.32)45581536;16819 patients | 
47.6%~Blepharochalasis left lower eyelid (H02.35)45533187;15360 patients","Blepharochalasis right lower eyelid | 
Blepharochalasis left lower eyelid",0.545953360768176,"700268009"
378414,"Retinal detachment",8927,47621,6,"24.6%~Retinal detachment with retinal dialysis, left eye (H33.042)45576721;2325 patients | 
24%~Degenerative myopia with retinal detachment, right eye (H44.2C1)1326521;1936 patients | 
21.8%~Degenerative myopia with retinal detachment, left eye (H44.2C2)1326522;1743 patients | 
20.3%~Retinal detachment with retinal dialysis, right eye (H33.041)45562224;2228 patients | 
8.7%~Retinal detachment with retinal dialysis, unspecified eye (H33.049)45571948;618 patients | 
0.6%~Degenerative myopia with retinal detachment, unspecified eye (H44.2C9)1326524;77 patients","Retinal detachment with retinal dialysis, left eye | 
Degenerative myopia with retinal detachment, right eye | 
Degenerative myopia with retinal detachment, left eye | 
Retinal detachment with retinal dialysis, right eye | 
Retinal detachment with retinal dialysis, unspecified eye | 
Degenerative myopia with retinal detachment, unspecified eye",0.544581618655693,"42059000"
374226,"Burn of eye region",32900,47545,28,"20%~Corrosion of left eye and adnexa, part unspecified, initial encounter (T26.92XA)45570320;6721 patients | 
18.8%~Corrosion of right eye and adnexa, part unspecified, initial encounter (T26.91XA)45560620;6312 patients | 
15.2%~Burn of right eye and adnexa, part unspecified, initial encounter (T26.41XA)45589658;5066 patients | 
14.8%~Burn of left eye and adnexa, part unspecified, initial encounter (T26.42XA)45584802;5001 patients | 
8%~Burn of unspecified eye and adnexa, part unspecified, initial encounter (T26.40XA)45594536;2687 patients | 
8%~Corrosion of unspecified eye and adnexa, part unspecified, initial encounter (T26.90XA)45570319;2672 patients | 
3.2%~Burns of other specified parts of right eye and adnexa, initial encounter (T26.31XA)45551085;1057 patients | 
3.1%~Burns of other specified parts of left eye and adnexa, initial encounter (T26.32XA)45608932;1028 patients | 
1.5%~Corrosion of right eye and adnexa, part unspecified, subsequent encounter (T26.91XD)45546273;337 patients | 
1.4%~Corrosion of left eye and adnexa, part unspecified, subsequent encounter (T26.92XD)45589664;343 patients | 
1.3%~Burn of right eye and adnexa, part unspecified, subsequent encounter (T26.41XD)45589659;375 patients | 
1.1%~Burn of left eye and adnexa, part unspecified, subsequent encounter (T26.42XD)45599346;327 patients | 
1%~Burn of unspecified eye and adnexa, part unspecified, subsequent encounter (T26.40XD)45604171;236 patients | 
1%~Burns of other specified parts of unspecified eye and adnexa, initial encounter (T26.30XA)45555862;293 patients | 
0.6%~Corrosion of unspecified eye and adnexa, part unspecified, subsequent encounter (T26.90XD)45560619;192 patients | 
0.5%~Burns of other specified parts of right eye and adnexa, subsequent encounter (T26.31XD)45575172;99 patients | 
0.3%~Burns of other specified parts of left eye and adnexa, subsequent encounter (T26.32XD)45560613;86 patients | 
0.3%~Burns of other specified parts of unspecified eye and adnexa, subsequent encounter (T26.30XD)45599344;68 patients | 
NA | 
NA | 
NA | 
NA | 
NA | 
NA | 
NA | 
NA | 
NA | 
NA","Corrosion of left eye and adnexa, part unspecified, initial encounter | 
Corrosion of right eye and adnexa, part unspecified, initial encounter | 
Burn of right eye and adnexa, part unspecified, initial encounter | 
Burn of left eye and adnexa, part unspecified, initial encounter | 
Burn of unspecified eye and adnexa, part unspecified, initial encounter | 
Corrosion of unspecified eye and adnexa, part unspecified, initial encounter | 
Burns of other specified parts of right eye and adnexa, initial encounter | 
Burns of other specified parts of left eye and adnexa, initial encounter | 
Corrosion of right eye and adnexa, part unspecified, subsequent encounter | 
Corrosion of left eye and adnexa, part unspecified, subsequent encounter | 
Burn of right eye and adnexa, part unspecified, subsequent encounter | 
Burn of left eye and adnexa, part unspecified, subsequent encounter | 
Burn of unspecified eye and adnexa, part unspecified, subsequent encounter | 
Burns of other specified parts of unspecified eye and adnexa, initial encounter | 
Corrosion of unspecified eye and adnexa, part unspecified, subsequent encounter | 
Burns of other specified parts of right eye and adnexa, subsequent encounter | 
Burns of other specified parts of left eye and adnexa, subsequent encounter | 
Burns of other specified parts of unspecified eye and adnexa, subsequent encounter | 
Burns of other specified parts of unspecified eye and adnexa | 
Corrosion of unspecified eye and adnexa, part unspecified | 
Corrosion of left eye and adnexa, part unspecified | 
Corrosion of eye and adnexa, part unspecified | 
Burns of other specified parts of right eye and adnexa | 
Burn of unspecified eye and adnexa, part unspecified | 
Burn of right eye and adnexa, part unspecified | 
Burn of left eye and adnexa, part unspecified | 
Burns of other specified parts of left eye and adnexa | 
Corrosion of right eye and adnexa, part unspecified",0.54320987654321,"274205003"
375283,"Angular blepharoconjunctivitis",28408,46901,3,"44.9%~Angular blepharoconjunctivitis, right eye (H10.521)45571886;12901 patients | 
42.4%~Angular blepharoconjunctivitis, left eye (H10.522)45533221;12566 patients | 
12.6%~Angular blepharoconjunctivitis, unspecified eye (H10.529)45576656;2941 patients","Angular blepharoconjunctivitis, right eye | 
Angular blepharoconjunctivitis, left eye | 
Angular blepharoconjunctivitis, unspecified eye",0.541838134430727,"69397000"
438150,"Serous choroidal detachment",12091,46755,3,"49.9%~Serous choroidal detachment, right eye (H31.421)45567029;5922 patients | 
48.7%~Serous choroidal detachment, left eye (H31.422)45591311;5872 patients | 
1.4%~Serous choroidal detachment, unspecified eye (H31.429)45538256;297 patients","Serous choroidal detachment, right eye | 
Serous choroidal detachment, left eye | 
Serous choroidal detachment, unspecified eye",0.540466392318244,"78584008"
4317981,"Upper eyelid entropion",23491,46632,2,"54.2%~Unspecified entropion of right upper eyelid (H02.001)45581530;12792 patients | 
45.8%~Unspecified entropion of left upper eyelid (H02.004)45552559;10699 patients","Unspecified entropion of right upper eyelid | 
Unspecified entropion of left upper eyelid",0.537722908093278,"95753002"
4338897,"Combined traction and rhegmatogenous retinal detachment",9038,46521,15,"34.9%~Type 2 diabetes mellitus with proliferative diabetic retinopathy with combined traction retinal detachment and rhegmatogenous retinal detachment, left eye (E11.3542)37200238;3293 patients | 
32.4%~Type 2 diabetes mellitus with proliferative diabetic retinopathy with combined traction retinal detachment and rhegmatogenous retinal detachment, right eye (E11.3541)37200237;3101 patients | 
6.8%~Type 1 diabetes mellitus with proliferative diabetic retinopathy with combined traction retinal detachment and rhegmatogenous retinal detachment, right eye (E10.3541)37200180;606 patients | 
6.3%~Diabetes mellitus due to underlying condition with proliferative diabetic retinopathy with combined traction retinal detachment and rhegmatogenous retinal detachment, unspecified eye (E08.3549)37200069;104 patients | 
5.6%~Type 1 diabetes mellitus with proliferative diabetic retinopathy with combined traction retinal detachment and rhegmatogenous retinal detachment, left eye (E10.3542)37200181;576 patients | 
4.8%~Diabetes mellitus due to underlying condition with proliferative diabetic retinopathy with combined traction retinal detachment and rhegmatogenous retinal detachment, left eye (E08.3542)37200067;356 patients | 
3.8%~Diabetes mellitus due to underlying condition with proliferative diabetic retinopathy with combined traction retinal detachment and rhegmatogenous retinal detachment, right eye (E08.3541)37200066;335 patients | 
3%~Type 2 diabetes mellitus with proliferative diabetic retinopathy with combined traction retinal detachment and rhegmatogenous retinal detachment, unspecified eye (E11.3549)37200240;351 patients | 
0.8%~Other specified diabetes mellitus with proliferative diabetic retinopathy with combined traction retinal detachment and rhegmatogenous retinal detachment, right eye (E13.3541)37200294;116 patients | 
0.5%~Type 1 diabetes mellitus with proliferative diabetic retinopathy with combined traction retinal detachment and rhegmatogenous retinal detachment, unspecified eye (E10.3549)37200183;51 patients | 
0.5%~Other specified diabetes mellitus with proliferative diabetic retinopathy with combined traction retinal detachment and rhegmatogenous retinal detachment, left eye (E13.3542)37200295;81 patients | 
0.3%~Other specified diabetes mellitus with proliferative diabetic retinopathy with combined traction retinal detachment and rhegmatogenous retinal detachment, unspecified eye (E13.3549)37200297;29 patients | 
0.2%~Drug or chemical induced diabetes mellitus with proliferative diabetic retinopathy with combined traction retinal detachment and rhegmatogenous retinal detachment, left eye (E09.3542)37200124;20 patients | 
0.1%~Drug or chemical induced diabetes mellitus with proliferative diabetic retinopathy with combined traction retinal detachment and rhegmatogenous retinal detachment, right eye (E09.3541)37200123;19 patients | 
NA","Type 2 diabetes mellitus with proliferative diabetic retinopathy with combined traction retinal detachment and rhegmatogenous retinal detachment, left eye | 
Type 2 diabetes mellitus with proliferative diabetic retinopathy with combined traction retinal detachment and rhegmatogenous retinal detachment, right eye | 
Type 1 diabetes mellitus with proliferative diabetic retinopathy with combined traction retinal detachment and rhegmatogenous retinal detachment, right eye | 
Diabetes mellitus due to underlying condition with proliferative diabetic retinopathy with combined traction retinal detachment and rhegmatogenous retinal detachment, unspecified eye | 
Type 1 diabetes mellitus with proliferative diabetic retinopathy with combined traction retinal detachment and rhegmatogenous retinal detachment, left eye | 
Diabetes mellitus due to underlying condition with proliferative diabetic retinopathy with combined traction retinal detachment and rhegmatogenous retinal detachment, left eye | 
Diabetes mellitus due to underlying condition with proliferative diabetic retinopathy with combined traction retinal detachment and rhegmatogenous retinal detachment, right eye | 
Type 2 diabetes mellitus with proliferative diabetic retinopathy with combined traction retinal detachment and rhegmatogenous retinal detachment, unspecified eye | 
Other specified diabetes mellitus with proliferative diabetic retinopathy with combined traction retinal detachment and rhegmatogenous retinal detachment, right eye | 
Type 1 diabetes mellitus with proliferative diabetic retinopathy with combined traction retinal detachment and rhegmatogenous retinal detachment, unspecified eye | 
Other specified diabetes mellitus with proliferative diabetic retinopathy with combined traction retinal detachment and rhegmatogenous retinal detachment, left eye | 
Other specified diabetes mellitus with proliferative diabetic retinopathy with combined traction retinal detachment and rhegmatogenous retinal detachment, unspecified eye | 
Drug or chemical induced diabetes mellitus with proliferative diabetic retinopathy with combined traction retinal detachment and rhegmatogenous retinal detachment, left eye | 
Drug or chemical induced diabetes mellitus with proliferative diabetic retinopathy with combined traction retinal detachment and rhegmatogenous retinal detachment, right eye | 
Drug or chemical induced diabetes mellitus with proliferative diabetic retinopathy with combined traction retinal detachment and rhegmatogenous retinal detachment, unspecified eye",0.536351165980796,"232012007"
433207,"Nodular episcleritis",21972,46380,3,"49.9%~Nodular episcleritis, left eye (H15.122)45533237;10938 patients | 
46.6%~Nodular episcleritis, right eye (H15.121)45552601;10246 patients | 
3.5%~Nodular episcleritis, unspecified eye (H15.129)45586381;788 patients","Nodular episcleritis, left eye | 
Nodular episcleritis, right eye | 
Nodular episcleritis, unspecified eye",0.534979423868313,"70558001"
377272,"Secondary vitreoretinal degeneration",26077,45380,3,"48.8%~Secondary vitreoretinal degeneration, left eye (H35.462)45538270;12767 patients | 
45.2%~Secondary vitreoretinal degeneration, right eye (H35.461)45552677;11567 patients | 
6%~Secondary vitreoretinal degeneration, unspecified eye (H35.469)45576737;1743 patients","Secondary vitreoretinal degeneration, left eye | 
Secondary vitreoretinal degeneration, right eye | 
Secondary vitreoretinal degeneration, unspecified eye",0.532235939643347,"60676002"
376973,"Cataract due to ocular disease",16443,45196,3,"38.1%~Cataract secondary to ocular disorders (degenerative) (inflammatory), unspecified eye (H26.229)45586424;3749 patients | 
31.6%~Cataract secondary to ocular disorders (degenerative) (inflammatory), left eye (H26.222)45576703;6187 patients | 
30.3%~Cataract secondary to ocular disorders (degenerative) (inflammatory), right eye (H26.221)45557383;6507 patients","Cataract secondary to ocular disorders (degenerative) (inflammatory), unspecified eye | 
Cataract secondary to ocular disorders (degenerative) (inflammatory), left eye | 
Cataract secondary to ocular disorders (degenerative) (inflammatory), right eye",0.530864197530864,"193600001"
434943,"Constant exophthalmos",19036,45183,3,"49.2%~Constant exophthalmos, left eye (H05.242)45552581;9245 patients | 
44.7%~Constant exophthalmos, right eye (H05.241)45581560;8403 patients | 
6%~Constant exophthalmos, unspecified eye (H05.249)45581561;1388 patients","Constant exophthalmos, left eye | 
Constant exophthalmos, right eye | 
Constant exophthalmos, unspecified eye",0.529492455418381,"89907009"
45763779,"Senile entropion of upper eyelid",22510,44794,2,"55.1%~Senile entropion of right upper eyelid (H02.031)45576625;12443 patients | 
44.9%~Senile entropion of left upper eyelid (H02.034)45600821;10067 patients","Senile entropion of right upper eyelid | 
Senile entropion of left upper eyelid",0.528120713305898,"700289000"
45763774,"Unstable keratoconus",15756,44174,3,"49.6%~Keratoconus, unstable, left eye (H18.622)45566999;7615 patients | 
46.6%~Keratoconus, unstable, right eye (H18.621)45542993;7238 patients | 
3.8%~Keratoconus, unstable, unspecified eye (H18.629)45571909;903 patients","Keratoconus, unstable, left eye | 
Keratoconus, unstable, right eye | 
Keratoconus, unstable, unspecified eye",0.525377229080933,"700281002"
4197154,"Posterior cyclitis",9869,44053,3,"46.5%~Posterior cyclitis, right eye (H30.21)45571935;4281 patients | 
42.9%~Posterior cyclitis, left eye (H30.22)45605659;4269 patients | 
10.6%~Posterior cyclitis, unspecified eye (H30.20)45600896;1319 patients","Posterior cyclitis, right eye | 
Posterior cyclitis, left eye | 
Posterior cyclitis, unspecified eye",0.52400548696845,"314428001"
37116419,"Myopic choroidal neovascularization",7451,43703,3,"50%~Degenerative myopia with choroidal neovascularization, right eye (H44.2A1)1326511;3640 patients | 
49.4%~Degenerative myopia with choroidal neovascularization, left eye (H44.2A2)1326512;3690 patients | 
0.6%~Degenerative myopia with choroidal neovascularization, unspecified eye (H44.2A9)1326514;121 patients","Degenerative myopia with choroidal neovascularization, right eye | 
Degenerative myopia with choroidal neovascularization, left eye | 
Degenerative myopia with choroidal neovascularization, unspecified eye",0.522633744855967,"733124000"
435755,"Primary malignant neoplasm of skin of eyelid",17759,43394,15,"32.8%~Unspecified malignant neoplasm of skin of unspecified eyelid, including canthus (C44.101)45585994;6270 patients | 
10.4%~Other specified malignant neoplasm of skin of left lower eyelid, including canthus (C44.1992)1595514;1203 patients | 
8.7%~Unspecified malignant neoplasm of skin of left lower eyelid, including canthus (C44.1092)1595494;1982 patients | 
8.6%~Other specified malignant neoplasm of skin of right lower eyelid, including canthus (C44.1922)1595512;968 patients | 
8.3%~Other specified malignant neoplasm of skin of unspecified eyelid, including canthus (C44.191)45605272;1844 patients | 
7.6%~Unspecified malignant neoplasm of skin of right lower eyelid, including canthus (C44.1022)1595492;1819 patients | 
7.3%~Other specified malignant neoplasm of skin of left upper eyelid, including canthus (C44.1991)1595513;734 patients | 
6.6%~Other specified malignant neoplasm of skin of right upper eyelid, including canthus (C44.1921)1595511;706 patients | 
5.1%~Unspecified malignant neoplasm of skin of right upper eyelid, including canthus (C44.1021)1595491;1143 patients | 
4.8%~Unspecified malignant neoplasm of skin of left upper eyelid, including canthus (C44.1091)1595493;1090 patients | 
NA | 
NA | 
NA | 
NA | 
NA","Unspecified malignant neoplasm of skin of unspecified eyelid, including canthus | 
Other specified malignant neoplasm of skin of left lower eyelid, including canthus | 
Unspecified malignant neoplasm of skin of left lower eyelid, including canthus | 
Other specified malignant neoplasm of skin of right lower eyelid, including canthus | 
Other specified malignant neoplasm of skin of unspecified eyelid, including canthus | 
Unspecified malignant neoplasm of skin of right lower eyelid, including canthus | 
Other specified malignant neoplasm of skin of left upper eyelid, including canthus | 
Other specified malignant neoplasm of skin of right upper eyelid, including canthus | 
Unspecified malignant neoplasm of skin of right upper eyelid, including canthus | 
Unspecified malignant neoplasm of skin of left upper eyelid, including canthus | 
Unspecified malignant neoplasm of skin of right eyelid, including canthus | 
Other specified malignant neoplasm of skin of left eyelid, including canthus | 
Unspecified malignant neoplasm of skin of left eyelid, including canthus | 
Other and unspecified malignant neoplasm of skin of eyelid, including canthus | 
Other specified malignant neoplasm of skin of right eyelid, including canthus",0.521262002743484,"94021008"
375250,"Retinopathy of prematurity stage 1 - demarcation line",19675,42866,3,"38.7%~Retinopathy of prematurity, stage 1, right eye (H35.121)45552671;7919 patients | 
36.6%~Retinopathy of prematurity, stage 1, left eye (H35.122)45562230;7870 patients | 
24.7%~Retinopathy of prematurity, stage 1, unspecified eye (H35.129)45533305;3886 patients","Retinopathy of prematurity, stage 1, right eye | 
Retinopathy of prematurity, stage 1, left eye | 
Retinopathy of prematurity, stage 1, unspecified eye",0.518518518518518,"408847006"
435269,"Optic papillitis",15504,42006,3,"44%~Optic papillitis, right eye (H46.01)45576775;6707 patients | 
41.7%~Optic papillitis, left eye (H46.02)45600943;6263 patients | 
14.3%~Optic papillitis, unspecified eye (H46.00)45533338;2534 patients","Optic papillitis, right eye | 
Optic papillitis, left eye | 
Optic papillitis, unspecified eye",0.51440329218107,"73221001"
443740,"Corneal endothelial dystrophy",26952,41226,3,"56.7%~Endothelial corneal dystrophy, unspecified eye (H18.519)725330;16612 patients | 
23.6%~Endothelial corneal dystrophy, right eye (H18.511)725327;5830 patients | 
19.6%~Endothelial corneal dystrophy, left eye (H18.512)725328;4510 patients","Endothelial corneal dystrophy, unspecified eye | 
Endothelial corneal dystrophy, right eye | 
Endothelial corneal dystrophy, left eye",0.513031550068587,"416960004"
4318523,"Persistent pupillary membranes",15503,40381,3,"48.5%~Pupillary membranes, right eye (H21.41)45547838;7371 patients | 
47.2%~Pupillary membranes, left eye (H21.42)45586420;7128 patients | 
4.3%~Pupillary membranes, unspecified eye (H21.40)45557372;1004 patients","Pupillary membranes, right eye | 
Pupillary membranes, left eye | 
Pupillary membranes, unspecified eye",0.511659807956104,"95500008"
436403,"Retinal vasculitis",10111,39825,3,"36.3%~Retinal vasculitis, right eye (H35.061)45586445;3560 patients | 
35.7%~Retinal vasculitis, left eye (H35.062)45596069;3539 patients | 
28.1%~Retinal vasculitis, unspecified eye (H35.069)45552670;3012 patients","Retinal vasculitis, right eye | 
Retinal vasculitis, left eye | 
Retinal vasculitis, unspecified eye",0.508916323731139,"77628002"
432640,"Hypopyon ulcer",8773,39188,3,"51%~Corneal ulcer with hypopyon, left eye (H16.032)45552604;4429 patients | 
47%~Corneal ulcer with hypopyon, right eye (H16.031)45591272;4017 patients | 
2%~Corneal ulcer with hypopyon, unspecified eye (H16.039)45552605;327 patients","Corneal ulcer with hypopyon, left eye | 
Corneal ulcer with hypopyon, right eye | 
Corneal ulcer with hypopyon, unspecified eye",0.506172839506173,"6395007"
438767,"Staphyloma posticum",13051,39031,6,"32.8%~Staphyloma posticum, right eye (H15.831)45581588;5066 patients | 
27.5%~Staphyloma posticum, left eye (H15.832)45566969;4290 patients | 
14.3%~Degenerative myopia with foveoschisis, right eye (H44.2D1)1326526;753 patients | 
13%~Degenerative myopia with foveoschisis, left eye (H44.2D2)1326527;735 patients | 
11.9%~Staphyloma posticum, unspecified eye (H15.839)45533239;2174 patients | 
0.4%~Degenerative myopia with foveoschisis, unspecified eye (H44.2D9)1326529;33 patients","Staphyloma posticum, right eye | 
Staphyloma posticum, left eye | 
Degenerative myopia with foveoschisis, right eye | 
Degenerative myopia with foveoschisis, left eye | 
Staphyloma posticum, unspecified eye | 
Degenerative myopia with foveoschisis, unspecified eye",0.50480109739369,"87819007"
372318,"Chronic follicular conjunctivitis",21775,38714,3,"39.6%~Chronic follicular conjunctivitis, left eye (H10.432)45586364;8672 patients | 
38.6%~Chronic follicular conjunctivitis, right eye (H10.431)45600847;8350 patients | 
21.7%~Chronic follicular conjunctivitis, unspecified eye (H10.439)45547807;4753 patients","Chronic follicular conjunctivitis, left eye | 
Chronic follicular conjunctivitis, right eye | 
Chronic follicular conjunctivitis, unspecified eye",0.503429355281207,"39429002"
4147891,"Madarosis of eyelid",24511,38489,7,"34.2%~Madarosis of unspecified eye, unspecified eyelid and periocular area (H02.729)45566929;8040 patients | 
17.7%~Madarosis of right upper eyelid and periocular area (H02.721)45566928;4539 patients | 
15.8%~Madarosis of left upper eyelid and periocular area (H02.724)45538172;4135 patients | 
9.8%~Madarosis of right lower eyelid and periocular area (H02.722)45538171;2421 patients | 
8.9%~Madarosis of left lower eyelid and periocular area (H02.725)45576635;2242 patients | 
7%~Madarosis of right eye, unspecified eyelid and periocular area (H02.723)45542943;1682 patients | 
6.5%~Madarosis of left eye, unspecified eyelid and periocular area (H02.726)45533193;1452 patients","Madarosis of unspecified eye, unspecified eyelid and periocular area | 
Madarosis of right upper eyelid and periocular area | 
Madarosis of left upper eyelid and periocular area | 
Madarosis of right lower eyelid and periocular area | 
Madarosis of left lower eyelid and periocular area | 
Madarosis of right eye, unspecified eyelid and periocular area | 
Madarosis of left eye, unspecified eyelid and periocular area",0.502057613168724,"34887006"
375258,"Photokeratitis",24861,38186,3,"72.5%~Photokeratitis, unspecified eye (H16.139)45566979;17763 patients | 
13.9%~Photokeratitis, left eye (H16.132)45533245;3639 patients | 
13.5%~Photokeratitis, right eye (H16.131)45581592;3459 patients","Photokeratitis, unspecified eye | 
Photokeratitis, left eye | 
Photokeratitis, right eye",0.500685871056241,"1714005"
376698,"Internuclear ophthalmoplegia",15083,37825,3,"35.4%~Internuclear ophthalmoplegia, right eye (H51.21)45586505;5326 patients | 
33.1%~Internuclear ophthalmoplegia, left eye (H51.22)45600957;5047 patients | 
31.5%~Internuclear ophthalmoplegia, unspecified eye (H51.20)45586504;4710 patients","Internuclear ophthalmoplegia, right eye | 
Internuclear ophthalmoplegia, left eye | 
Internuclear ophthalmoplegia, unspecified eye",0.499314128943759,"49823009"
437269,"Intermittent angle-closure glaucoma",18890,37799,3,"45.7%~Intermittent angle-closure glaucoma, right eye (H40.231)45586459;8876 patients | 
43.9%~Intermittent angle-closure glaucoma, left eye (H40.232)45586460;8326 patients | 
10.4%~Intermittent angle-closure glaucoma, unspecified eye (H40.239)45586461;1688 patients","Intermittent angle-closure glaucoma, right eye | 
Intermittent angle-closure glaucoma, left eye | 
Intermittent angle-closure glaucoma, unspecified eye",0.497942386831276,"65460003"
433491,"Corneal edema caused by wearing of contact lenses",22342,37579,3,"46.3%~Corneal edema secondary to contact lens, right eye (H18.211)45586400;10280 patients | 
44.1%~Corneal edema secondary to contact lens, left eye (H18.212)45547828;9689 patients | 
9.6%~Corneal edema secondary to contact lens, unspecified eye (H18.219)45538224;2373 patients","Corneal edema secondary to contact lens, right eye | 
Corneal edema secondary to contact lens, left eye | 
Corneal edema secondary to contact lens, unspecified eye",0.496570644718793,"49362009"
374351,"Conjunctival scar",16250,37282,3,"47.8%~Scarring of conjunctiva, left eye (H11.242)45571895;7720 patients | 
47.7%~Scarring of conjunctiva, right eye (H11.241)45586372;7609 patients | 
4.5%~Scarring of conjunctiva, unspecified eye (H11.249)45586373;921 patients","Scarring of conjunctiva, left eye | 
Scarring of conjunctiva, right eye | 
Scarring of conjunctiva, unspecified eye",0.493827160493827,"90607003"
374642,"Total traumatic cataract",14433,37208,3,"49.5%~Total traumatic cataract, right eye (H26.131)45605647;7214 patients | 
48.8%~Total traumatic cataract, left eye (H26.132)45533281;6866 patients | 
1.7%~Total traumatic cataract, unspecified eye (H26.139)45605648;353 patients","Total traumatic cataract, right eye | 
Total traumatic cataract, left eye | 
Total traumatic cataract, unspecified eye",0.492455418381344,"8656007"
438739,"Sympathetic uveitis",13194,36938,3,"38.4%~Sympathetic uveitis, right eye (H44.131)45538291;5202 patients | 
36.3%~Sympathetic uveitis, left eye (H44.132)45596104;4907 patients | 
25.3%~Sympathetic uveitis, unspecified eye (H44.139)45586476;3085 patients","Sympathetic uveitis, right eye | 
Sympathetic uveitis, left eye | 
Sympathetic uveitis, unspecified eye",0.489711934156379,"75315001"
374941,"Retained foreign body of eyelid",25247,36536,5,"27%~Retained foreign body in right lower eyelid (H02.812)45552569;6077 patients | 
25.4%~Retained foreign body in left lower eyelid (H02.815)45605587;5675 patients | 
18.8%~Retained foreign body in right eye, unspecified eyelid (H02.813)45533194;5310 patients | 
15.2%~Retained foreign body in unspecified eye, unspecified eyelid (H02.819)45586345;4406 patients | 
13.7%~Retained foreign body in left eye, unspecified eyelid (H02.816)45566931;3779 patients","Retained foreign body in right lower eyelid | 
Retained foreign body in left lower eyelid | 
Retained foreign body in right eye, unspecified eyelid | 
Retained foreign body in unspecified eye, unspecified eyelid | 
Retained foreign body in left eye, unspecified eyelid",0.488340192043896,"25012008"
4191001,"Angle-closure glaucoma",5975,36358,3,"49.4%~Residual stage of angle-closure glaucoma, right eye (H40.241)45557425;2659 patients | 
45.6%~Residual stage of angle-closure glaucoma, left eye (H40.242)45596090;2532 patients | 
5%~Residual stage of angle-closure glaucoma, unspecified eye (H40.249)45591348;784 patients","Residual stage of angle-closure glaucoma, right eye | 
Residual stage of angle-closure glaucoma, left eye | 
Residual stage of angle-closure glaucoma, unspecified eye",0.486968449931413,"392291006"
4319604,"Upper eyelid ectropion",21106,35731,2,"55.6%~Unspecified ectropion of right upper eyelid (H02.101)45566918;11415 patients | 
44.4%~Unspecified ectropion of left upper eyelid (H02.104)45591221;9691 patients","Unspecified ectropion of right upper eyelid | 
Unspecified ectropion of left upper eyelid",0.484224965706447,"95757001"
375251,"Retinopathy of prematurity stage 2 - intraretinal ridge",15628,35127,3,"40.6%~Retinopathy of prematurity, stage 2, right eye (H35.131)45538263;6834 patients | 
33.7%~Retinopathy of prematurity, stage 2, left eye (H35.132)45596070;5805 patients | 
25.7%~Retinopathy of prematurity, stage 2, unspecified eye (H35.139)45533306;2989 patients","Retinopathy of prematurity, stage 2, right eye | 
Retinopathy of prematurity, stage 2, left eye | 
Retinopathy of prematurity, stage 2, unspecified eye",0.480109739368999,"408848001"
439018,"Hypopyon",11690,34588,3,"49.1%~Hypopyon, right eye (H20.051)45605638;5688 patients | 
47.6%~Hypopyon, left eye (H20.052)45581617;5447 patients | 
3.3%~Hypopyon, unspecified eye (H20.059)45571913;555 patients","Hypopyon, right eye | 
Hypopyon, left eye | 
Hypopyon, unspecified eye",0.478737997256516,"87807004"
439808,"Interstitial keratitis",10797,34217,4,"44.9%~Unspecified interstitial keratitis, left eye (H16.302)45605623;4758 patients | 
44.5%~Unspecified interstitial keratitis, right eye (H16.301)45571904;4661 patients | 
8.3%~Unspecified interstitial keratitis, unspecified eye (H16.309)45596028;1130 patients | 
2.3%~Other interstitial and deep keratitis, unspecified eye (H16.399)45557350;248 patients","Unspecified interstitial keratitis, left eye | 
Unspecified interstitial keratitis, right eye | 
Unspecified interstitial keratitis, unspecified eye | 
Other interstitial and deep keratitis, unspecified eye",0.477366255144033,"1763009"
438152,"Symblepharon",10943,34203,3,"49%~Symblepharon, left eye (H11.232)45552590;5291 patients | 
46.2%~Symblepharon, right eye (H11.231)45581586;5001 patients | 
4.8%~Symblepharon, unspecified eye (H11.239)45542964;651 patients","Symblepharon, left eye | 
Symblepharon, right eye | 
Symblepharon, unspecified eye",0.47599451303155,"90216006"
375428,"Traumatic optic nerve injury",8645,34128,9,"53.5%~Injury of optic nerve, unspecified eye, initial encounter (S04.019A)45563382;1609 patients | 
14.8%~Injury of optic nerve, left eye, initial encounter (S04.012A)45539427;2230 patients | 
14.6%~Injury of optic nerve, right eye, initial encounter (S04.011A)45587588;2259 patients | 
7.8%~Injury of optic nerve, left eye, subsequent encounter (S04.012D)45582787;1114 patients | 
6.5%~Injury of optic nerve, right eye, subsequent encounter (S04.011D)45577878;1016 patients | 
2.9%~Injury of optic nerve, unspecified eye, subsequent encounter (S04.019D)45558561;417 patients | 
NA | 
NA | 
NA","Injury of optic nerve, unspecified eye, initial encounter | 
Injury of optic nerve, left eye, initial encounter | 
Injury of optic nerve, right eye, initial encounter | 
Injury of optic nerve, left eye, subsequent encounter | 
Injury of optic nerve, right eye, subsequent encounter | 
Injury of optic nerve, unspecified eye, subsequent encounter | 
Injury of optic nerve, right eye | 
Injury of optic nerve, unspecified eye | 
Injury of optic nerve, left eye",0.474622770919067,"48233004"
4201531,"Disorder of anterior chamber of eye",14708,33861,3,"41.4%~Primary angle closure without glaucoma damage, right eye (H40.061)45605677;6536 patients | 
38.4%~Primary angle closure without glaucoma damage, left eye (H40.062)45557415;6082 patients | 
20.2%~Primary angle closure without glaucoma damage, unspecified eye (H40.069)45552681;2090 patients","Primary angle closure without glaucoma damage, right eye | 
Primary angle closure without glaucoma damage, left eye | 
Primary angle closure without glaucoma damage, unspecified eye",0.473251028806584,"302217008"
437860,"Choroidal detachment",10158,33778,3,"49.3%~Unspecified choroidal detachment, right eye (H31.401)45547854;4880 patients | 
47.2%~Unspecified choroidal detachment, left eye (H31.402)45543021;4760 patients | 
3.5%~Unspecified choroidal detachment, unspecified eye (H31.409)45600898;518 patients","Unspecified choroidal detachment, right eye | 
Unspecified choroidal detachment, left eye | 
Unspecified choroidal detachment, unspecified eye",0.470507544581619,"27871007"
436976,"Posterior subcapsular polar cataract",12228,33694,3,"45.2%~Posterior subcapsular polar infantile and juvenile cataract, right eye (H26.051)45533278;5477 patients | 
42.4%~Posterior subcapsular polar infantile and juvenile cataract, left eye (H26.052)45533279;5264 patients | 
12.4%~Posterior subcapsular polar infantile and juvenile cataract, unspecified eye (H26.059)45562210;1487 patients","Posterior subcapsular polar infantile and juvenile cataract, right eye | 
Posterior subcapsular polar infantile and juvenile cataract, left eye | 
Posterior subcapsular polar infantile and juvenile cataract, unspecified eye",0.469135802469136,"34533008"
381445,"Avulsion of eye",13454,33529,9,"30.5%~Avulsion of left eye, initial encounter (S05.72XA)45568221;4167 patients | 
28.6%~Avulsion of right eye, initial encounter (S05.71XA)45606901;4060 patients | 
15.3%~Avulsion of left eye, subsequent encounter (S05.72XD)45602091;1938 patients | 
12.5%~Avulsion of unspecified eye, initial encounter (S05.70XA)45549059;1315 patients | 
12%~Avulsion of right eye, subsequent encounter (S05.71XD)45568219;1807 patients | 
1%~Avulsion of unspecified eye, subsequent encounter (S05.70XD)45563391;167 patients | 
NA | 
NA | 
NA","Avulsion of left eye, initial encounter | 
Avulsion of right eye, initial encounter | 
Avulsion of left eye, subsequent encounter | 
Avulsion of unspecified eye, initial encounter | 
Avulsion of right eye, subsequent encounter | 
Avulsion of unspecified eye, subsequent encounter | 
Avulsion of right eye | 
Avulsion of unspecified eye | 
Avulsion of left eye",0.467764060356653,"12193006"
437867,"Choroidal hemorrhage",9708,33432,3,"49.5%~Unspecified choroidal hemorrhage, right eye (H31.301)45538254;4544 patients | 
46.5%~Unspecified choroidal hemorrhage, left eye (H31.302)45557391;4520 patients | 
4%~Unspecified choroidal hemorrhage, unspecified eye (H31.309)45600897;644 patients","Unspecified choroidal hemorrhage, right eye | 
Unspecified choroidal hemorrhage, left eye | 
Unspecified choroidal hemorrhage, unspecified eye",0.46639231824417,"122003"
439011,"Progressive iris atrophy",15102,33255,3,"45.2%~Iris atrophy (essential) (progressive), right eye (H21.261)45533273;7017 patients | 
44.8%~Iris atrophy (essential) (progressive), left eye (H21.262)45586415;6824 patients | 
10%~Iris atrophy (essential) (progressive), unspecified eye (H21.269)45542999;1261 patients","Iris atrophy (essential) (progressive), right eye | 
Iris atrophy (essential) (progressive), left eye | 
Iris atrophy (essential) (progressive), unspecified eye",0.463648834019204,"25913001"
377862,"Ocular fistula causing hypotony of eye",8993,32680,4,"45.3%~Hypotony of left eye due to ocular fistula (H44.422)45591364;3904 patients | 
44.7%~Hypotony of right eye due to ocular fistula (H44.421)45533333;3982 patients | 
7.6%~Hypotony of eye due to ocular fistula, bilateral (H44.423)45600932;813 patients | 
2.4%~Hypotony of unspecified eye due to ocular fistula (H44.429)45591365;294 patients","Hypotony of left eye due to ocular fistula | 
Hypotony of right eye due to ocular fistula | 
Hypotony of eye due to ocular fistula, bilateral | 
Hypotony of unspecified eye due to ocular fistula",0.460905349794239,"53885001"
4208223,"Disorder of macula of retina",7005,32042,3,"50.1%~Degenerative myopia with other maculopathy, right eye (H44.2E1)1326531;3463 patients | 
47.9%~Degenerative myopia with other maculopathy, left eye (H44.2E2)1326532;3390 patients | 
2.1%~Degenerative myopia with other maculopathy, unspecified eye (H44.2E9)1326534;152 patients","Degenerative myopia with other maculopathy, right eye | 
Degenerative myopia with other maculopathy, left eye | 
Degenerative myopia with other maculopathy, unspecified eye",0.459533607681756,"312999006"
45763813,"Retained foreign body of upper eyelid",22854,31570,2,"52.5%~Retained foreign body in right upper eyelid (H02.811)45576636;11988 patients | 
47.5%~Retained foreign body in left upper eyelid (H02.814)45595985;10866 patients","Retained foreign body in right upper eyelid | 
Retained foreign body in left upper eyelid",0.458161865569273,"700329000"
36715594,"Open bite of head",18783,31466,9,"45.4%~Open bite of right eyelid and periocular area, initial encounter (S01.151A)45582761;8585 patients | 
45.2%~Open bite of left eyelid and periocular area, initial encounter (S01.152A)45597236;8319 patients | 
3.6%~Open bite of unspecified eyelid and periocular area, initial encounter (S01.159A)45597237;723 patients | 
3%~Open bite of right eyelid and periocular area, subsequent encounter (S01.151D)45577851;571 patients | 
2.6%~Open bite of left eyelid and periocular area, subsequent encounter (S01.152D)45602060;528 patients | 
0.3%~Open bite of unspecified eyelid and periocular area, subsequent encounter (S01.159D)45544198;57 patients | 
NA | 
NA | 
NA","Open bite of right eyelid and periocular area, initial encounter | 
Open bite of left eyelid and periocular area, initial encounter | 
Open bite of unspecified eyelid and periocular area, initial encounter | 
Open bite of right eyelid and periocular area, subsequent encounter | 
Open bite of left eyelid and periocular area, subsequent encounter | 
Open bite of unspecified eyelid and periocular area, subsequent encounter | 
Open bite of right eyelid and periocular area | 
Open bite of left eyelid and periocular area | 
Open bite of unspecified eyelid and periocular area",0.45679012345679,"721316001"
373648,"Superficial injury of eyelid AND/OR periocular area",24605,31108,19,"41.7%~Unspecified superficial injury of left eyelid and periocular area, initial encounter (S00.202A)45568161;10441 patients | 
39.6%~Unspecified superficial injury of right eyelid and periocular area, initial encounter (S00.201A)45553760;9999 patients | 
5.5%~Unspecified superficial injury of unspecified eyelid and periocular area, initial encounter (S00.209A)45582741;1357 patients | 
4%~Unspecified superficial injury of left eyelid and periocular area, subsequent encounter (S00.202D)45568162;855 patients | 
3.8%~Unspecified superficial injury of right eyelid and periocular area, subsequent encounter (S00.201D)45544174;799 patients | 
1.4%~External constriction of right eyelid and periocular area, subsequent encounter (S00.241D)45563339;274 patients | 
1.3%~External constriction of left eyelid and periocular area, subsequent encounter (S00.242D)45602050;275 patients | 
1.1%~External constriction of left eyelid and periocular area, initial encounter (S00.242A)45568166;244 patients | 
0.8%~External constriction of right eyelid and periocular area, initial encounter (S00.241A)45606839;226 patients | 
0.7%~Unspecified superficial injury of unspecified eyelid and periocular area, subsequent encounter (S00.209D)45587540;120 patients | 
0.1%~External constriction of unspecified eyelid and periocular area, initial encounter (S00.249A)45539375;15 patients | 
NA | 
NA | 
NA | 
NA | 
NA | 
NA | 
NA | 
NA","Unspecified superficial injury of left eyelid and periocular area, initial encounter | 
Unspecified superficial injury of right eyelid and periocular area, initial encounter | 
Unspecified superficial injury of unspecified eyelid and periocular area, initial encounter | 
Unspecified superficial injury of left eyelid and periocular area, subsequent encounter | 
Unspecified superficial injury of right eyelid and periocular area, subsequent encounter | 
External constriction of right eyelid and periocular area, subsequent encounter | 
External constriction of left eyelid and periocular area, subsequent encounter | 
External constriction of left eyelid and periocular area, initial encounter | 
External constriction of right eyelid and periocular area, initial encounter | 
Unspecified superficial injury of unspecified eyelid and periocular area, subsequent encounter | 
External constriction of unspecified eyelid and periocular area, initial encounter | 
External constriction of unspecified eyelid and periocular area | 
Unspecified superficial injury of right eyelid and periocular area | 
External constriction of left eyelid and periocular area | 
External constriction of unspecified eyelid and periocular area, subsequent encounter | 
Unspecified superficial injury of left eyelid and periocular area | 
Other and unspecified superficial injuries of eyelid and periocular area | 
Unspecified superficial injury of unspecified eyelid and periocular area | 
External constriction of right eyelid and periocular area",0.455418381344307,"63943002"
436986,"Enophthalmos",13381,30472,6,"25.4%~Unspecified enophthalmos, left eye (H05.402)45566952;3537 patients | 
22.7%~Unspecified enophthalmos, right eye (H05.401)45547805;3075 patients | 
19.8%~Enophthalmos due to trauma or surgery, left eye (H05.422)45586361;2675 patients | 
17.2%~Enophthalmos due to trauma or surgery, right eye (H05.421)45566955;2367 patients | 
12%~Unspecified enophthalmos, unspecified eye (H05.409)45605603;1318 patients | 
2.9%~Enophthalmos due to trauma or surgery, unspecified eye (H05.429)45581567;409 patients","Unspecified enophthalmos, left eye | 
Unspecified enophthalmos, right eye | 
Enophthalmos due to trauma or surgery, left eye | 
Enophthalmos due to trauma or surgery, right eye | 
Unspecified enophthalmos, unspecified eye | 
Enophthalmos due to trauma or surgery, unspecified eye",0.451303155006859,"80093006"
374956,"Anterior dislocation of lens",10785,29968,3,"48.3%~Anterior dislocation of lens, right eye (H27.121)45576705;5119 patients | 
48.3%~Anterior dislocation of lens, left eye (H27.122)45581634;5211 patients | 
3.4%~Anterior dislocation of lens, unspecified eye (H27.129)45567019;455 patients","Anterior dislocation of lens, right eye | 
Anterior dislocation of lens, left eye | 
Anterior dislocation of lens, unspecified eye",0.448559670781893,"37283009"
435254,"Hemorrhagic choroidal detachment",7095,29835,3,"49.1%~Hemorrhagic choroidal detachment, right eye (H31.411)45571944;3472 patients | 
48.9%~Hemorrhagic choroidal detachment, left eye (H31.412)45552657;3369 patients | 
2%~Hemorrhagic choroidal detachment, unspecified eye (H31.419)45557393;254 patients","Hemorrhagic choroidal detachment, right eye | 
Hemorrhagic choroidal detachment, left eye | 
Hemorrhagic choroidal detachment, unspecified eye",0.44718792866941,"19031009"
376107,"Hypotony of eye",9230,29802,4,"45.4%~Hypotony of eye due to other ocular disorders, right eye (H44.431)45552703;3973 patients | 
41.6%~Hypotony of eye due to other ocular disorders, left eye (H44.432)45552704;3885 patients | 
8%~Hypotony of eye due to other ocular disorders, bilateral (H44.433)45576769;761 patients | 
5%~Hypotony of eye due to other ocular disorders, unspecified eye (H44.439)45552705;611 patients","Hypotony of eye due to other ocular disorders, right eye | 
Hypotony of eye due to other ocular disorders, left eye | 
Hypotony of eye due to other ocular disorders, bilateral | 
Hypotony of eye due to other ocular disorders, unspecified eye",0.445816186556927,"19721008"
435279,"Tonic pupillary reaction",14947,29678,3,"43.6%~Tonic pupil, left eye (H57.052)45562291;6242 patients | 
39.8%~Tonic pupil, right eye (H57.051)45567103;5854 patients | 
16.7%~Tonic pupil, unspecified eye (H57.059)45600971;2851 patients","Tonic pupil, left eye | 
Tonic pupil, right eye | 
Tonic pupil, unspecified eye",0.444444444444444,"24225004"
437268,"Iridodialysis",11185,28630,3,"49.4%~Iridodialysis, right eye (H21.531)45605640;5514 patients | 
47.3%~Iridodialysis, left eye (H21.532)45591296;5284 patients | 
3.3%~Iridodialysis, unspecified eye (H21.539)45600887;387 patients","Iridodialysis, right eye | 
Iridodialysis, left eye | 
Iridodialysis, unspecified eye",0.443072702331962,"45953007"
436702,"Pseudopapilledema",14581,28562,3,"39.3%~Pseudopapilledema of optic disc, right eye (H47.331)45547918;5769 patients | 
34.7%~Pseudopapilledema of optic disc, left eye (H47.332)45547919;5060 patients | 
26%~Pseudopapilledema of optic disc, unspecified eye (H47.339)45576783;3752 patients","Pseudopapilledema of optic disc, right eye | 
Pseudopapilledema of optic disc, left eye | 
Pseudopapilledema of optic disc, unspecified eye",0.440329218106996,"57138009"
4107672,"Eyelid burn",18042,28507,9,"44.2%~Burn of right eyelid and periocular area, initial encounter (T26.01XA)45546270;7998 patients | 
40.5%~Burn of left eyelid and periocular area, initial encounter (T26.02XA)45584798;7317 patients | 
6.7%~Burn of unspecified eyelid and periocular area, initial encounter (T26.00XA)45608930;1351 patients | 
3.9%~Burn of right eyelid and periocular area, subsequent encounter (T26.01XD)45536625;643 patients | 
3.8%~Burn of left eyelid and periocular area, subsequent encounter (T26.02XD)45584799;598 patients | 
0.9%~Burn of unspecified eyelid and periocular area, subsequent encounter (T26.00XD)45570315;135 patients | 
NA | 
NA | 
NA","Burn of right eyelid and periocular area, initial encounter | 
Burn of left eyelid and periocular area, initial encounter | 
Burn of unspecified eyelid and periocular area, initial encounter | 
Burn of right eyelid and periocular area, subsequent encounter | 
Burn of left eyelid and periocular area, subsequent encounter | 
Burn of unspecified eyelid and periocular area, subsequent encounter | 
Burn of left eyelid and periocular area | 
Burn of unspecified eyelid and periocular area | 
Burn of right eyelid and periocular area",0.438957475994513,"284537006"
374355,"Peripheral degeneration of cornea",11973,28357,3,"43%~Peripheral corneal degeneration, left eye (H18.462)45571908;4906 patients | 
41.7%~Peripheral corneal degeneration, right eye (H18.461)45562181;4874 patients | 
15.3%~Peripheral corneal degeneration, unspecified eye (H18.469)45552624;2193 patients","Peripheral corneal degeneration, left eye | 
Peripheral corneal degeneration, right eye | 
Peripheral corneal degeneration, unspecified eye",0.43758573388203,"89182000"
379818,"Retrobulbar neuritis",11387,28206,3,"44.6%~Retrobulbar neuritis, left eye (H46.12)45600944;4978 patients | 
42%~Retrobulbar neuritis, right eye (H46.11)45552710;4694 patients | 
13.4%~Retrobulbar neuritis, unspecified eye (H46.10)45543063;1715 patients","Retrobulbar neuritis, left eye | 
Retrobulbar neuritis, right eye | 
Retrobulbar neuritis, unspecified eye",0.436213991769547,"230507009"
381847,"Blind spot scotoma",14862,28010,3,"43.7%~Scotoma of blind spot area, right eye (H53.421)45562279;6554 patients | 
40.9%~Scotoma of blind spot area, left eye (H53.422)45562280;6388 patients | 
15.4%~Scotoma of blind spot area, unspecified eye (H53.429)45533366;1920 patients","Scotoma of blind spot area, right eye | 
Scotoma of blind spot area, left eye | 
Scotoma of blind spot area, unspecified eye",0.433470507544582,"193670002"
441006,"Soemmerring's ring",16068,27652,3,"49.2%~Soemmering's ring, right eye (H26.411)45567017;7835 patients | 
47.9%~Soemmering's ring, left eye (H26.412)45538245;7650 patients | 
2.9%~Soemmering's ring, unspecified eye (H26.419)45562215;583 patients","Soemmering's ring, right eye | 
Soemmering's ring, left eye | 
Soemmering's ring, unspecified eye",0.432098765432099,"65720003"
434883,"Carcinoma in situ of skin of eyelid including canthus",15091,27628,7,"28.6%~Carcinoma in situ of skin of unspecified eyelid, including canthus (D04.10)45566659;3804 patients | 
23.6%~Carcinoma in situ of skin of left lower eyelid, including canthus (D04.122)1595522;3487 patients | 
20.5%~Carcinoma in situ of skin of right lower eyelid, including canthus (D04.112)1595520;3012 patients | 
11.1%~Carcinoma in situ of skin of left upper eyelid, including canthus (D04.121)1595521;1785 patients | 
10.6%~Carcinoma in situ of skin of right upper eyelid, including canthus (D04.111)1595519;1767 patients | 
5.6%~Carcinoma in situ of skin of left eyelid, including canthus (D04.12)45547571;1236 patients | 
NA","Carcinoma in situ of skin of unspecified eyelid, including canthus | 
Carcinoma in situ of skin of left lower eyelid, including canthus | 
Carcinoma in situ of skin of right lower eyelid, including canthus | 
Carcinoma in situ of skin of left upper eyelid, including canthus | 
Carcinoma in situ of skin of right upper eyelid, including canthus | 
Carcinoma in situ of skin of left eyelid, including canthus | 
Carcinoma in situ of skin of right eyelid, including canthus",0.430727023319616,"189277003"
372322,"Senile entropion",13527,27546,3,"40.7%~Senile entropion of unspecified eye, unspecified eyelid (H02.039)45571853;5290 patients | 
34.3%~Senile entropion of right eye, unspecified eyelid (H02.033)45571852;4928 patients | 
25%~Senile entropion of left eye, unspecified eyelid (H02.036)45552560;3309 patients","Senile entropion of unspecified eye, unspecified eyelid | 
Senile entropion of right eye, unspecified eyelid | 
Senile entropion of left eye, unspecified eyelid",0.429355281207133,"55408009"
37168128,"Break of retina",12228,27454,1,"100%~Unspecified retinal break, unspecified eye (H33.309)45543023;12228 patients","Unspecified retinal break, unspecified eye",0.42798353909465,"1275615004"
379009,"Retinopathy of prematurity stage 3 - ridge with extraretinal fibrovascular proliferation",7620,27171,3,"36%~Retinopathy of prematurity, stage 3, right eye (H35.141)45600908;3087 patients | 
33%~Retinopathy of prematurity, stage 3, left eye (H35.142)45557404;2786 patients | 
31%~Retinopathy of prematurity, stage 3, unspecified eye (H35.149)45547867;1747 patients","Retinopathy of prematurity, stage 3, right eye | 
Retinopathy of prematurity, stage 3, left eye | 
Retinopathy of prematurity, stage 3, unspecified eye",0.426611796982167,"408849009"
441289,"Angle recession",8691,26986,3,"50.5%~Recession of chamber angle, left eye (H21.552)45533275;4287 patients | 
44.6%~Recession of chamber angle, right eye (H21.551)45605642;3790 patients | 
4.8%~Recession of chamber angle, unspecified eye (H21.559)45533276;614 patients","Recession of chamber angle, left eye | 
Recession of chamber angle, right eye | 
Recession of chamber angle, unspecified eye",0.425240054869685,"193525001"
373769,"Nuclear cataract",9093,26724,3,"51.8%~Infantile and juvenile nuclear cataract, unspecified eye (H26.039)45600890;4001 patients | 
24.3%~Infantile and juvenile nuclear cataract, right eye (H26.031)45543006;2572 patients | 
23.9%~Infantile and juvenile nuclear cataract, left eye (H26.032)45591301;2520 patients","Infantile and juvenile nuclear cataract, unspecified eye | 
Infantile and juvenile nuclear cataract, right eye | 
Infantile and juvenile nuclear cataract, left eye",0.423868312757202,"53889007"
377848,"Toxic maculopathy",12503,26450,3,"54.4%~Toxic maculopathy, unspecified eye (H35.389)45600910;5900 patients | 
23.5%~Toxic maculopathy, right eye (H35.381)45596074;3395 patients | 
22.2%~Toxic maculopathy, left eye (H35.382)45543035;3208 patients","Toxic maculopathy, unspecified eye | 
Toxic maculopathy, right eye | 
Toxic maculopathy, left eye",0.422496570644719,"44115007"
374350,"Granuloma of conjunctiva",12561,26259,2,"50.3%~Conjunctival granuloma, left eye (H11.222)45533228;6314 patients | 
49.7%~Conjunctival granuloma, right eye (H11.221)45605614;6247 patients","Conjunctival granuloma, left eye | 
Conjunctival granuloma, right eye",0.421124828532236,"90715009"
377287,"Phlyctenular keratoconjunctivitis",12018,26080,3,"48.3%~Phlyctenular keratoconjunctivitis, left eye (H16.252)45566981;5619 patients | 
44.1%~Phlyctenular keratoconjunctivitis, right eye (H16.251)45552607;5288 patients | 
7.7%~Phlyctenular keratoconjunctivitis, unspecified eye (H16.259)45600870;1111 patients","Phlyctenular keratoconjunctivitis, left eye | 
Phlyctenular keratoconjunctivitis, right eye | 
Phlyctenular keratoconjunctivitis, unspecified eye",0.419753086419753,"67895005"
436407,"Diffuse interstitial keratitis",9024,25983,3,"38.8%~Diffuse interstitial keratitis, left eye (H16.322)45566985;4092 patients | 
38%~Diffuse interstitial keratitis, right eye (H16.321)45566984;4004 patients | 
23.2%~Diffuse interstitial keratitis, unspecified eye (H16.329)45557348;928 patients","Diffuse interstitial keratitis, left eye | 
Diffuse interstitial keratitis, right eye | 
Diffuse interstitial keratitis, unspecified eye",0.41838134430727,"17157001"
374346,"Primary hypotony of eye",6719,25769,4,"41.5%~Primary hypotony of right eye (H44.441)45552706;2939 patients | 
40.5%~Primary hypotony of left eye (H44.442)45576770;2972 patients | 
11.2%~Primary hypotony of unspecified eye (H44.449)45538294;181 patients | 
6.8%~Primary hypotony of eye, bilateral (H44.443)45567075;627 patients","Primary hypotony of right eye | 
Primary hypotony of left eye | 
Primary hypotony of unspecified eye | 
Primary hypotony of eye, bilateral",0.417009602194787,"2251002"
4335996,"Retinal dialysis",5171,25504,3,"45.9%~Retinal detachment with retinal dialysis, left eye (H33.042)45576721;2325 patients | 
37.9%~Retinal detachment with retinal dialysis, right eye (H33.041)45562224;2228 patients | 
16.2%~Retinal detachment with retinal dialysis, unspecified eye (H33.049)45571948;618 patients","Retinal detachment with retinal dialysis, left eye | 
Retinal detachment with retinal dialysis, right eye | 
Retinal detachment with retinal dialysis, unspecified eye",0.414266117969822,"232003005"
4196227,"Congenital coloboma of optic disc",8845,25329,3,"40.2%~Coloboma of optic disc, right eye (H47.311)45557447;4063 patients | 
37.8%~Coloboma of optic disc, left eye (H47.312)45591379;3884 patients | 
22%~Coloboma of optic disc, unspecified eye (H47.319)45591381;898 patients","Coloboma of optic disc, right eye | 
Coloboma of optic disc, left eye | 
Coloboma of optic disc, unspecified eye",0.412894375857339,"44295002"
36717601,"Bullous aphakic keratopathy following cataract surgery",8729,25211,3,"48.6%~Keratopathy (bullous aphakic) following cataract surgery, left eye (H59.012)45576797;4105 patients | 
48%~Keratopathy (bullous aphakic) following cataract surgery, right eye (H59.011)45562294;4243 patients | 
3.4%~Keratopathy (bullous aphakic) following cataract surgery, unspecified eye (H59.019)45605718;381 patients","Keratopathy (bullous aphakic) following cataract surgery, left eye | 
Keratopathy (bullous aphakic) following cataract surgery, right eye | 
Keratopathy (bullous aphakic) following cataract surgery, unspecified eye",0.411522633744856,"723024009"
4102049,"General disseminated chorioretinitis",3999,25093,3,"49.3%~Disseminated chorioretinal inflammation, generalized, left eye (H30.132)45576711;1738 patients | 
44.6%~Disseminated chorioretinal inflammation, generalized, right eye (H30.131)45547847;1729 patients | 
6.1%~Disseminated chorioretinal inflammation, generalized, unspecified eye (H30.139)45581636;532 patients","Disseminated chorioretinal inflammation, generalized, left eye | 
Disseminated chorioretinal inflammation, generalized, right eye | 
Disseminated chorioretinal inflammation, generalized, unspecified eye",0.410150891632373,"193444005"
374959,"Contact blepharoconjunctivitis",16057,25040,3,"44.6%~Contact blepharoconjunctivitis, left eye (H10.532)45571887;7368 patients | 
40.8%~Contact blepharoconjunctivitis, right eye (H10.531)45566961;6649 patients | 
14.6%~Contact blepharoconjunctivitis, unspecified eye (H10.539)45581576;2040 patients","Contact blepharoconjunctivitis, left eye | 
Contact blepharoconjunctivitis, right eye | 
Contact blepharoconjunctivitis, unspecified eye",0.40877914951989,"10813004"
441016,"Peripheral anterior synechiae",10765,24960,3,"45.6%~Goniosynechiae, left eye (H21.522)45591295;5062 patients | 
45.2%~Goniosynechiae, right eye (H21.521)45591294;5083 patients | 
9.3%~Goniosynechiae, unspecified eye (H21.529)45552637;620 patients","Goniosynechiae, left eye | 
Goniosynechiae, right eye | 
Goniosynechiae, unspecified eye",0.407407407407407,"247034002"
436692,"Retinal venous engorgement",10860,24793,3,"45.2%~Venous engorgement, left eye (H34.822)45591321;5006 patients | 
44.6%~Venous engorgement, right eye (H34.821)45557397;4508 patients | 
10.1%~Venous engorgement, unspecified eye (H34.829)45581650;1346 patients","Venous engorgement, left eye | 
Venous engorgement, right eye | 
Venous engorgement, unspecified eye",0.404663923182442,"193379006"
45769873,"Traction detachment of retina due to type 1 diabetes mellitus",4778,24457,3,"48.1%~Type 1 diabetes mellitus with proliferative diabetic retinopathy with traction retinal detachment not involving the macula, left eye (E10.3532)37200176;2180 patients | 
45.1%~Type 1 diabetes mellitus with proliferative diabetic retinopathy with traction retinal detachment not involving the macula, right eye (E10.3531)37200175;2209 patients | 
6.8%~Type 1 diabetes mellitus with proliferative diabetic retinopathy with traction retinal detachment not involving the macula, unspecified eye (E10.3539)37200178;389 patients","Type 1 diabetes mellitus with proliferative diabetic retinopathy with traction retinal detachment not involving the macula, left eye | 
Type 1 diabetes mellitus with proliferative diabetic retinopathy with traction retinal detachment not involving the macula, right eye | 
Type 1 diabetes mellitus with proliferative diabetic retinopathy with traction retinal detachment not involving the macula, unspecified eye",0.401920438957476,"82571000119107"
376699,"Cicatricial ectropion",9043,23809,3,"58.8%~Cicatricial ectropion of unspecified eye, unspecified eyelid (H02.119)45533185;4188 patients | 
21.4%~Cicatricial ectropion of right eye, unspecified eyelid (H02.113)45538163;2625 patients | 
19.8%~Cicatricial ectropion of left eye, unspecified eyelid (H02.116)45562125;2230 patients","Cicatricial ectropion of unspecified eye, unspecified eyelid | 
Cicatricial ectropion of right eye, unspecified eyelid | 
Cicatricial ectropion of left eye, unspecified eyelid",0.400548696844993,"28914006"
373193,"Secondary pigmentary retinal degeneration",12961,23130,3,"46.5%~Secondary pigmentary degeneration, left eye (H35.452)45552676;6011 patients | 
44.5%~Secondary pigmentary degeneration, right eye (H35.451)45567046;5830 patients | 
9%~Secondary pigmentary degeneration, unspecified eye (H35.459)45562232;1120 patients","Secondary pigmentary degeneration, left eye | 
Secondary pigmentary degeneration, right eye | 
Secondary pigmentary degeneration, unspecified eye",0.39917695473251,"35545005"
46273347,"Eyeball wound due to penetrating foreign body",12564,22836,9,"37.3%~Penetrating wound with foreign body of right eyeball, initial encounter (S05.51XA)45602089;4809 patients | 
37.3%~Penetrating wound with foreign body of left eyeball, initial encounter (S05.52XA)45534545;4549 patients | 
14.6%~Penetrating wound with foreign body of unspecified eyeball, initial encounter (S05.50XA)45553831;2160 patients | 
5.1%~Penetrating wound with foreign body of right eyeball, subsequent encounter (S05.51XD)45587599;473 patients | 
5%~Penetrating wound with foreign body of left eyeball, subsequent encounter (S05.52XD)45582801;488 patients | 
0.7%~Penetrating wound with foreign body of unspecified eyeball, subsequent encounter (S05.50XD)45577885;85 patients | 
NA | 
NA | 
NA","Penetrating wound with foreign body of right eyeball, initial encounter | 
Penetrating wound with foreign body of left eyeball, initial encounter | 
Penetrating wound with foreign body of unspecified eyeball, initial encounter | 
Penetrating wound with foreign body of right eyeball, subsequent encounter | 
Penetrating wound with foreign body of left eyeball, subsequent encounter | 
Penetrating wound with foreign body of unspecified eyeball, subsequent encounter | 
Penetrating wound with foreign body of unspecified eyeball | 
Penetrating wound with foreign body of right eyeball | 
Penetrating wound with foreign body of left eyeball",0.397805212620027,"712702008"
380725,"Corneal ectasia",8998,22066,3,"47.1%~Corneal ectasia, left eye (H18.712)45533262;4114 patients | 
45.3%~Corneal ectasia, right eye (H18.711)45533261;4017 patients | 
7.6%~Corneal ectasia, unspecified eye (H18.719)45547834;867 patients","Corneal ectasia, left eye | 
Corneal ectasia, right eye | 
Corneal ectasia, unspecified eye",0.396433470507545,"14748007"
4271306,"Retained nonmagnetic foreign body in vitreous",4864,21897,3,"52.1%~Retained (nonmagnetic) (old) foreign body in vitreous body, right eye (H44.751)45586479;2370 patients | 
46.4%~Retained (nonmagnetic) (old) foreign body in vitreous body, left eye (H44.752)45552709;2294 patients | 
1.5%~Retained (nonmagnetic) (old) foreign body in vitreous body, unspecified eye (H44.759)45591371;200 patients","Retained (nonmagnetic) (old) foreign body in vitreous body, right eye | 
Retained (nonmagnetic) (old) foreign body in vitreous body, left eye | 
Retained (nonmagnetic) (old) foreign body in vitreous body, unspecified eye",0.395061728395062,"62955002"
37395818,"Blepharophimosis epicanthus inversus ptosis syndrome",11706,21880,7,"23.9%~Blepharophimosis unspecified eye, unspecified lid (H02.529)45571860;2658 patients | 
21.7%~Blepharophimosis right upper eyelid (H02.521)45581541;2488 patients | 
19.3%~Blepharophimosis left upper eyelid (H02.524)45576632;2266 patients | 
10%~Blepharophimosis right eye, unspecified eyelid (H02.523)45533191;1179 patients | 
9.2%~Blepharophimosis left eye, unspecified eyelid (H02.526)45581542;1074 patients | 
7.9%~Blepharophimosis right lower eyelid (H02.522)45542938;1049 patients | 
7.8%~Blepharophimosis left lower eyelid (H02.525)45600829;992 patients","Blepharophimosis unspecified eye, unspecified lid | 
Blepharophimosis right upper eyelid | 
Blepharophimosis left upper eyelid | 
Blepharophimosis right eye, unspecified eyelid | 
Blepharophimosis left eye, unspecified eyelid | 
Blepharophimosis right lower eyelid | 
Blepharophimosis left lower eyelid",0.393689986282579,"715391004"
373204,"Conjunctival xerosis",7655,21679,3,"88.5%~Conjunctival xerosis, unspecified, unspecified eye (H11.149)45571892;6307 patients | 
5.9%~Conjunctival xerosis, unspecified, left eye (H11.142)45562162;627 patients | 
5.5%~Conjunctival xerosis, unspecified, right eye (H11.141)45566964;721 patients","Conjunctival xerosis, unspecified, unspecified eye | 
Conjunctival xerosis, unspecified, left eye | 
Conjunctival xerosis, unspecified, right eye",0.390946502057613,"64718006"
372891,"Peripheral cystoid retinal degeneration",11862,21598,3,"45.6%~Microcystoid degeneration of retina, left eye (H35.422)45600911;5366 patients | 
44.4%~Microcystoid degeneration of retina, right eye (H35.421)45557407;5053 patients | 
10%~Microcystoid degeneration of retina, unspecified eye (H35.429)45596077;1443 patients","Microcystoid degeneration of retina, left eye | 
Microcystoid degeneration of retina, right eye | 
Microcystoid degeneration of retina, unspecified eye",0.38957475994513,"37075008"
438738,"Panophthalmitis",4931,21509,3,"50.4%~Panophthalmitis (acute), right eye (H44.011)45543055;2526 patients | 
45.8%~Panophthalmitis (acute), left eye (H44.012)45576758;2108 patients | 
3.9%~Panophthalmitis (acute), unspecified eye (H44.019)45591362;297 patients","Panophthalmitis (acute), right eye | 
Panophthalmitis (acute), left eye | 
Panophthalmitis (acute), unspecified eye",0.388203017832647,"33382000"
433768,"Glaucoma with increased episcleral venous pressure",8041,21505,3,"36.2%~Glaucoma with increased episcleral venous pressure, right eye (H40.811)45581674;3599 patients | 
32.5%~Glaucoma with increased episcleral venous pressure, unspecified eye (H40.819)45591356;1631 patients | 
31.3%~Glaucoma with increased episcleral venous pressure, left eye (H40.812)45543052;2811 patients","Glaucoma with increased episcleral venous pressure, right eye | 
Glaucoma with increased episcleral venous pressure, unspecified eye | 
Glaucoma with increased episcleral venous pressure, left eye",0.386831275720165,"34623005"
76122,"Brown's tendon sheath syndrome",7505,20699,2,"53.7%~Brown's sheath syndrome, right eye (H50.611)45572010;4019 patients | 
46.3%~Brown's sheath syndrome, left eye (H50.612)45543076;3486 patients","Brown's sheath syndrome, right eye | 
Brown's sheath syndrome, left eye",0.382716049382716,"35929003"
440105,"Aqueous humor misdirect",5164,20625,3,"47.5%~Aqueous misdirection, right eye (H40.831)45591357;2388 patients | 
46.4%~Aqueous misdirection, left eye (H40.832)45547898;2269 patients | 
6.1%~Aqueous misdirection, unspecified eye (H40.839)45567067;507 patients","Aqueous misdirection, right eye | 
Aqueous misdirection, left eye | 
Aqueous misdirection, unspecified eye",0.381344307270233,"370504007"
432768,"Corneal foreign body",15007,20202,3,"90.9%~Foreign body in cornea, unspecified eye, initial encounter (T15.00XA)45555706;13708 patients | 
9.1%~Foreign body in cornea, unspecified eye, subsequent encounter (T15.00XD)45575017;1299 patients | 
NA","Foreign body in cornea, unspecified eye, initial encounter | 
Foreign body in cornea, unspecified eye, subsequent encounter | 
Foreign body in cornea, unspecified eye",0.37997256515775,"37450000"
440705,"Adhesions of iris",10322,20201,2,"50.3%~Unspecified adhesions of iris, left eye (H21.502)45571920;5134 patients | 
49.7%~Unspecified adhesions of iris, right eye (H21.501)45562201;5188 patients","Unspecified adhesions of iris, left eye | 
Unspecified adhesions of iris, right eye",0.378600823045267,"78778007"
435397,"Late effect of foreign body in orifice",13205,19214,12,"29%~Foreign body in cornea, right eye, sequela (T15.01XS)45594360;3743 patients | 
28.7%~Foreign body in cornea, left eye, sequela (T15.02XS)45541248;3536 patients | 
11.2%~Foreign body in conjunctival sac, right eye, sequela (T15.11XS)45536468;1552 patients | 
10.9%~Foreign body in conjunctival sac, left eye, sequela (T15.12XS)45584648;1578 patients | 
4.2%~Foreign body on external eye, part unspecified, left eye, sequela (T15.92XS)45541251;559 patients | 
4.2%~Foreign body on external eye, part unspecified, unspecified eye, sequela (T15.90XS)45541250;599 patients | 
3.7%~Foreign body on external eye, part unspecified, right eye, sequela (T15.91XS)45575019;541 patients | 
2.4%~Foreign body in cornea, unspecified eye, sequela (T15.00XS)45565289;328 patients | 
1.8%~Foreign body in other and multiple parts of external eye, right eye, sequela (T15.81XS)45546091;237 patients | 
1.8%~Foreign body in other and multiple parts of external eye, left eye, sequela (T15.82XS)45584649;237 patients | 
1.6%~Foreign body in conjunctival sac, unspecified eye, sequela (T15.10XS)45570143;231 patients | 
0.5%~Foreign body in other and multiple parts of external eye, unspecified eye, sequela (T15.80XS)45536469;64 patients","Foreign body in cornea, right eye, sequela | 
Foreign body in cornea, left eye, sequela | 
Foreign body in conjunctival sac, right eye, sequela | 
Foreign body in conjunctival sac, left eye, sequela | 
Foreign body on external eye, part unspecified, left eye, sequela | 
Foreign body on external eye, part unspecified, unspecified eye, sequela | 
Foreign body on external eye, part unspecified, right eye, sequela | 
Foreign body in cornea, unspecified eye, sequela | 
Foreign body in other and multiple parts of external eye, right eye, sequela | 
Foreign body in other and multiple parts of external eye, left eye, sequela | 
Foreign body in conjunctival sac, unspecified eye, sequela | 
Foreign body in other and multiple parts of external eye, unspecified eye, sequela",0.371742112482853,"19234005"
376411,"Central pterygium",9627,18970,2,"86.3%~Central pterygium of eye, bilateral (H11.023)45562160;8824 patients | 
13.7%~Central pterygium of unspecified eye (H11.029)45591255;803 patients","Central pterygium of eye, bilateral | 
Central pterygium of unspecified eye",0.37037037037037,"43300008"
434932,"Fuchs' heterochromic cyclitis",6404,18920,3,"37.9%~Fuchs' heterochromic cyclitis, right eye (H20.811)45567005;2239 patients | 
36.6%~Fuchs' heterochromic cyclitis, left eye (H20.812)45596038;2266 patients | 
25.5%~Fuchs' heterochromic cyclitis, unspecified eye (H20.819)45581618;1899 patients","Fuchs' heterochromic cyclitis, right eye | 
Fuchs' heterochromic cyclitis, left eye | 
Fuchs' heterochromic cyclitis, unspecified eye",0.368998628257888,"11226001"
377288,"Corneal deposit",9221,18801,3,"38.9%~Unspecified corneal deposit, right eye (H18.001)45591278;3576 patients | 
36.4%~Unspecified corneal deposit, left eye (H18.002)45542983;3352 patients | 
24.7%~Unspecified corneal deposit, unspecified eye (H18.009)45576680;2293 patients","Unspecified corneal deposit, right eye | 
Unspecified corneal deposit, left eye | 
Unspecified corneal deposit, unspecified eye",0.367626886145405,"74460005"
375263,"Cycloplegia",10159,18771,3,"75%~Paresis of accommodation, unspecified eye (H52.529)45547938;8294 patients | 
14.1%~Paresis of accommodation, right eye (H52.521)45552721;983 patients | 
10.9%~Paresis of accommodation, left eye (H52.522)45547937;882 patients","Paresis of accommodation, unspecified eye | 
Paresis of accommodation, right eye | 
Paresis of accommodation, left eye",0.366255144032922,"68158006"
440716,"Infectious secondary iridocyclitis",6558,18274,3,"48.2%~Secondary infectious iridocyclitis, right eye (H20.031)45562190;3091 patients | 
46.3%~Secondary infectious iridocyclitis, left eye (H20.032)45542995;3009 patients | 
5.5%~Secondary infectious iridocyclitis, unspecified eye (H20.039)45605637;458 patients","Secondary infectious iridocyclitis, right eye | 
Secondary infectious iridocyclitis, left eye | 
Secondary infectious iridocyclitis, unspecified eye",0.364883401920439,"89114005"
441669,"Congenital anomaly of posterior segment of eye",10007,17789,1,"100%~Congenital malformation of posterior segment of eye, unspecified (Q14.9)35210762;10007 patients","Congenital malformation of posterior segment of eye, unspecified",0.36076817558299,"128534003"
4243456,"Senile atrophy of choroid",7851,17695,3,"49.3%~Age-related choroidal atrophy, right eye (H31.111)45552654;3927 patients | 
44.5%~Age-related choroidal atrophy, left eye (H31.112)45552655;3401 patients | 
6.2%~Age-related choroidal atrophy, unspecified eye (H31.119)45576716;523 patients","Age-related choroidal atrophy, right eye | 
Age-related choroidal atrophy, left eye | 
Age-related choroidal atrophy, unspecified eye",0.359396433470508,"38513001"
381862,"Paralytic strabismus",8456,17460,3,"38%~Other paralytic strabismus, left eye (H49.882)45586498;3473 patients | 
37.5%~Other paralytic strabismus, right eye (H49.881)45562264;3257 patients | 
24.5%~Other paralytic strabismus, unspecified eye (H49.889)45557455;1726 patients","Other paralytic strabismus, left eye | 
Other paralytic strabismus, right eye | 
Other paralytic strabismus, unspecified eye",0.358024691358025,"400942002"
438759,"Descemet's membrane fold",8683,17447,3,"51%~Folds in Descemet's membrane, right eye (H18.321)45538226;4383 patients | 
45.9%~Folds in Descemet's membrane, left eye (H18.322)45557354;3959 patients | 
3.1%~Folds in Descemet's membrane, unspecified eye (H18.329)45552618;341 patients","Folds in Descemet's membrane, right eye | 
Folds in Descemet's membrane, left eye | 
Folds in Descemet's membrane, unspecified eye",0.356652949245542,"193821003"
372641,"Localized vascularization of cornea",6940,17373,3,"48.3%~Localized vascularization of cornea, right eye (H16.431)45581603;3317 patients | 
47.4%~Localized vascularization of cornea, left eye (H16.432)45533248;3265 patients | 
4.3%~Localized vascularization of cornea, unspecified eye (H16.439)45557351;358 patients","Localized vascularization of cornea, right eye | 
Localized vascularization of cornea, left eye | 
Localized vascularization of cornea, unspecified eye",0.355281207133059,"4873000"
434344,"Ciliary muscle spasm",10555,17203,3,"59.8%~Spasm of accommodation, unspecified eye (H52.539)45567097;6279 patients | 
23.6%~Spasm of accommodation, right eye (H52.531)45596130;2521 patients | 
16.6%~Spasm of accommodation, left eye (H52.532)45538315;1755 patients","Spasm of accommodation, unspecified eye | 
Spasm of accommodation, right eye | 
Spasm of accommodation, left eye",0.353909465020576,"30069002"
440999,"Choroidal rupture",6320,16905,3,"51.2%~Choroidal rupture, left eye (H31.322)45571943;3131 patients | 
45.6%~Choroidal rupture, right eye (H31.321)45547853;2896 patients | 
3.2%~Choroidal rupture, unspecified eye (H31.329)45596061;293 patients","Choroidal rupture, left eye | 
Choroidal rupture, right eye | 
Choroidal rupture, unspecified eye",0.349794238683128,"2532009"
40274883,"Phthisis bulbi",5997,16634,1,"100%~Atrophy of globe, unspecified eye (H44.529)45600934;5997 patients","Atrophy of globe, unspecified eye",0.348422496570645,"111510002"
432919,"Discoid lupus erythematosus of eyelid",9306,16462,3,"53.1%~Discoid lupus erythematosus of unspecified eye, unspecified eyelid (H01.129)45562120;3311 patients | 
44.2%~Discoid lupus erythematosus of right eye, unspecified eyelid (H01.123)45547777;5780 patients | 
2.7%~Discoid lupus erythematosus of left eye, unspecified eyelid (H01.126)45557270;215 patients","Discoid lupus erythematosus of unspecified eye, unspecified eyelid | 
Discoid lupus erythematosus of right eye, unspecified eyelid | 
Discoid lupus erythematosus of left eye, unspecified eyelid",0.347050754458162,"79291003"
4108968,"Vogt-Koyanagi-Harada disease",2337,16195,6,"57.5%~Vogt-Koyanagi syndrome, unspecified eye (H20.829)45596040;1083 patients | 
18.3%~Harada's disease, unspecified eye (H30.819)45552651;325 patients | 
8.9%~Vogt-Koyanagi syndrome, left eye (H20.822)45567006;315 patients | 
7.7%~Vogt-Koyanagi syndrome, right eye (H20.821)45538233;347 patients | 
4%~Harada's disease, left eye (H30.812)45557389;109 patients | 
3.5%~Harada's disease, right eye (H30.811)45576713;158 patients","Vogt-Koyanagi syndrome, unspecified eye | 
Harada's disease, unspecified eye | 
Vogt-Koyanagi syndrome, left eye | 
Vogt-Koyanagi syndrome, right eye | 
Harada's disease, left eye | 
Harada's disease, right eye",0.345679012345679,"193497004"
374043,"Hereditary corneal dystrophy",12215,15997,6,"47%~Other hereditary corneal dystrophies, unspecified eye (H18.599)725350;5799 patients | 
20.7%~Other hereditary corneal dystrophies, right eye (H18.591)725347;2536 patients | 
17.3%~Other hereditary corneal dystrophies, left eye (H18.592)725348;2044 patients | 
9.4%~Unspecified hereditary corneal dystrophies, unspecified eye (H18.509)725326;1135 patients | 
3.3%~Unspecified hereditary corneal dystrophies, right eye (H18.501)725323;415 patients | 
2.3%~Unspecified hereditary corneal dystrophies, left eye (H18.502)725324;286 patients","Other hereditary corneal dystrophies, unspecified eye | 
Other hereditary corneal dystrophies, right eye | 
Other hereditary corneal dystrophies, left eye | 
Unspecified hereditary corneal dystrophies, unspecified eye | 
Unspecified hereditary corneal dystrophies, right eye | 
Unspecified hereditary corneal dystrophies, left eye",0.344307270233196,"77797009"
372315,"Anterior subcapsular polar cataract",5530,15894,3,"39.2%~Anterior subcapsular polar infantile and juvenile cataract, left eye (H26.042)45562209;2494 patients | 
35.8%~Anterior subcapsular polar infantile and juvenile cataract, right eye (H26.041)45576701;2323 patients | 
25%~Anterior subcapsular polar infantile and juvenile cataract, unspecified eye (H26.049)45586422;713 patients","Anterior subcapsular polar infantile and juvenile cataract, left eye | 
Anterior subcapsular polar infantile and juvenile cataract, right eye | 
Anterior subcapsular polar infantile and juvenile cataract, unspecified eye",0.342935528120713,"1412008"
45763764,"Cicatricial lagophthalmos of upper eyelid",7056,15638,2,"50.4%~Cicatricial lagophthalmos right upper eyelid (H02.211)45600827;3649 patients | 
49.6%~Cicatricial lagophthalmos left upper eyelid (H02.214)45538165;3407 patients","Cicatricial lagophthalmos right upper eyelid | 
Cicatricial lagophthalmos left upper eyelid",0.340192043895748,"700267004"
380411,"Monocular exotropia with V-pattern strabismus",7855,15628,2,"54.9%~Monocular exotropia with V pattern, right eye (H50.131)45547927;4516 patients | 
45.1%~Monocular exotropia with V pattern, left eye (H50.132)45581697;3339 patients","Monocular exotropia with V pattern, right eye | 
Monocular exotropia with V pattern, left eye",0.338820301783265,"111529008"
381860,"Vascular abnormality of conjunctiva",9459,15505,3,"44.3%~Vascular abnormalities of conjunctiva, right eye (H11.411)45566965;4507 patients | 
40.9%~Vascular abnormalities of conjunctiva, left eye (H11.412)45547811;4161 patients | 
14.8%~Vascular abnormalities of conjunctiva, unspecified eye (H11.419)45552594;791 patients","Vascular abnormalities of conjunctiva, right eye | 
Vascular abnormalities of conjunctiva, left eye | 
Vascular abnormalities of conjunctiva, unspecified eye",0.336076817558299,"74100001"
4195813,"Disorders of prostheses and implants of the eye",7554,15318,18,"24%~Other mechanical complication of prosthetic orbit of left eye, initial encounter (T85.391A)45599814;1860 patients | 
21.9%~Other mechanical complication of prosthetic orbit of right eye, initial encounter (T85.390A)45580460;1704 patients | 
11.3%~Displacement of prosthetic orbit of left eye, initial encounter (T85.321A)45590115;895 patients | 
9.8%~Displacement of prosthetic orbit of right eye, initial encounter (T85.320A)45561089;769 patients | 
8.1%~Breakdown (mechanical) of prosthetic orbit of right eye, initial encounter (T85.310A)45546753;595 patients | 
7.4%~Breakdown (mechanical) of prosthetic orbit of left eye, initial encounter (T85.311A)45546754;547 patients | 
6.1%~Other mechanical complication of prosthetic orbit of left eye, subsequent encounter (T85.391D)45546756;419 patients | 
5.1%~Other mechanical complication of prosthetic orbit of right eye, subsequent encounter (T85.390D)45590116;313 patients | 
2.2%~Breakdown (mechanical) of prosthetic orbit of left eye, subsequent encounter (T85.311D)45585316;141 patients | 
1.7%~Breakdown (mechanical) of prosthetic orbit of right eye, subsequent encounter (T85.310D)45590113;105 patients | 
1.4%~Displacement of prosthetic orbit of left eye, subsequent encounter (T85.321D)45599813;107 patients | 
1.2%~Displacement of prosthetic orbit of right eye, subsequent encounter (T85.320D)45599812;99 patients | 
NA | 
NA | 
NA | 
NA | 
NA | 
NA","Other mechanical complication of prosthetic orbit of left eye, initial encounter | 
Other mechanical complication of prosthetic orbit of right eye, initial encounter | 
Displacement of prosthetic orbit of left eye, initial encounter | 
Displacement of prosthetic orbit of right eye, initial encounter | 
Breakdown (mechanical) of prosthetic orbit of right eye, initial encounter | 
Breakdown (mechanical) of prosthetic orbit of left eye, initial encounter | 
Other mechanical complication of prosthetic orbit of left eye, subsequent encounter | 
Other mechanical complication of prosthetic orbit of right eye, subsequent encounter | 
Breakdown (mechanical) of prosthetic orbit of left eye, subsequent encounter | 
Breakdown (mechanical) of prosthetic orbit of right eye, subsequent encounter | 
Displacement of prosthetic orbit of left eye, subsequent encounter | 
Displacement of prosthetic orbit of right eye, subsequent encounter | 
Breakdown (mechanical) of prosthetic orbit of right eye | 
Other mechanical complication of prosthetic orbit of right eye | 
Other mechanical complication of prosthetic orbit of left eye | 
Breakdown (mechanical) of prosthetic orbit of left eye | 
Displacement of prosthetic orbit of right eye | 
Displacement of prosthetic orbit of left eye",0.334705075445816,"312718007"
373732,"Carcinoma in situ of eye",4913,14883,3,"42.8%~Carcinoma in situ of right eye (D09.21)45576375;1986 patients | 
40.5%~Carcinoma in situ of left eye (D09.22)45566661;2016 patients | 
16.7%~Carcinoma in situ of unspecified eye (D09.20)45532970;911 patients","Carcinoma in situ of right eye | 
Carcinoma in situ of left eye | 
Carcinoma in situ of unspecified eye",0.333333333333333,"92590009"
438744,"Acute posterior multifocal placoid pigment epitheliopathy",5692,14772,3,"43.6%~Acute posterior multifocal placoid pigment epitheliopathy, left eye (H30.142)45543016;2601 patients | 
43.2%~Acute posterior multifocal placoid pigment epitheliopathy, right eye (H30.141)45576712;2504 patients | 
13.2%~Acute posterior multifocal placoid pigment epitheliopathy, unspecified eye (H30.149)45547848;587 patients","Acute posterior multifocal placoid pigment epitheliopathy, left eye | 
Acute posterior multifocal placoid pigment epitheliopathy, right eye | 
Acute posterior multifocal placoid pigment epitheliopathy, unspecified eye",0.33196159122085,"89188001"
380118,"Vascular anomaly of eyelid",8163,14723,7,"17.3%~Vascular anomalies of right lower eyelid (H02.872)45566937;1287 patients | 
16.3%~Vascular anomalies of right upper eyelid (H02.871)45600833;1312 patients | 
15%~Vascular anomalies of left lower eyelid (H02.875)45571863;1180 patients | 
14.8%~Vascular anomalies of left upper eyelid (H02.874)45591230;1230 patients | 
14.2%~Vascular anomalies of right eye, unspecified eyelid (H02.873)45605591;1166 patients | 
13.1%~Vascular anomalies of left eye, unspecified eyelid (H02.876)45581548;1089 patients | 
9.4%~Vascular anomalies of unspecified eye, unspecified eyelid (H02.879)45557289;899 patients","Vascular anomalies of right lower eyelid | 
Vascular anomalies of right upper eyelid | 
Vascular anomalies of left lower eyelid | 
Vascular anomalies of left upper eyelid | 
Vascular anomalies of right eye, unspecified eyelid | 
Vascular anomalies of left eye, unspecified eyelid | 
Vascular anomalies of unspecified eye, unspecified eyelid",0.330589849108368,"69973000"
437312,"Bleeding",5290,14656,16,"25%~Postprocedural hemorrhage of left eye and adnexa following an ophthalmic procedure (H59.312)45600976;1208 patients | 
24.6%~Postprocedural hemorrhage of right eye and adnexa following an ophthalmic procedure (H59.311)45572025;1222 patients | 
9.7%~Postprocedural hemorrhage of right eye and adnexa following other procedure (H59.321)45557481;552 patients | 
8.5%~Postprocedural hemorrhage of left eye and adnexa following other procedure (H59.322)45543095;506 patients | 
5.2%~Postprocedural hemorrhage of unspecified eye and adnexa following an ophthalmic procedure (H59.319)45543094;321 patients | 
4.3%~Postprocedural hematoma of left eye and adnexa following an ophthalmic procedure (H59.332)37200454;236 patients | 
4.1%~Postprocedural hemorrhage of eye and adnexa following an ophthalmic procedure, bilateral (H59.313)45562299;216 patients | 
4%~Postprocedural hematoma of right eye and adnexa following an ophthalmic procedure (H59.331)37200453;245 patients | 
3.2%~Postprocedural hematoma of left eye and adnexa following other procedure (H59.342)37200459;172 patients | 
3.1%~Postprocedural hematoma of right eye and adnexa following other procedure (H59.341)37200458;178 patients | 
2.9%~Postprocedural hemorrhage of eye and adnexa following other procedure, bilateral (H59.323)45557482;176 patients | 
2%~Postprocedural hemorrhage of unspecified eye and adnexa following other procedure (H59.329)45552728;94 patients | 
1.2%~Postprocedural hematoma of unspecified eye and adnexa following other procedure (H59.349)37200461;48 patients | 
0.8%~Postprocedural hematoma of eye and adnexa following an ophthalmic procedure, bilateral (H59.333)37200455;47 patients | 
0.8%~Postprocedural hematoma of unspecified eye and adnexa following an ophthalmic procedure (H59.339)37200456;33 patients | 
0.6%~Postprocedural hematoma of eye and adnexa following other procedure, bilateral (H59.343)37200460;36 patients","Postprocedural hemorrhage of left eye and adnexa following an ophthalmic procedure | 
Postprocedural hemorrhage of right eye and adnexa following an ophthalmic procedure | 
Postprocedural hemorrhage of right eye and adnexa following other procedure | 
Postprocedural hemorrhage of left eye and adnexa following other procedure | 
Postprocedural hemorrhage of unspecified eye and adnexa following an ophthalmic procedure | 
Postprocedural hematoma of left eye and adnexa following an ophthalmic procedure | 
Postprocedural hemorrhage of eye and adnexa following an ophthalmic procedure, bilateral | 
Postprocedural hematoma of right eye and adnexa following an ophthalmic procedure | 
Postprocedural hematoma of left eye and adnexa following other procedure | 
Postprocedural hematoma of right eye and adnexa following other procedure | 
Postprocedural hemorrhage of eye and adnexa following other procedure, bilateral | 
Postprocedural hemorrhage of unspecified eye and adnexa following other procedure | 
Postprocedural hematoma of unspecified eye and adnexa following other procedure | 
Postprocedural hematoma of eye and adnexa following an ophthalmic procedure, bilateral | 
Postprocedural hematoma of unspecified eye and adnexa following an ophthalmic procedure | 
Postprocedural hematoma of eye and adnexa following other procedure, bilateral",0.329218106995885,"131148009"
4275433,"Idiopathic cyst of anterior chamber of eye",5315,14322,3,"45.4%~Idiopathic cysts of iris, ciliary body or anterior chamber, right eye (H21.301)45571916;2267 patients | 
41.6%~Idiopathic cysts of iris, ciliary body or anterior chamber, left eye (H21.302)45586416;2083 patients | 
13%~Idiopathic cysts of iris, ciliary body or anterior chamber, unspecified eye (H21.309)45576693;965 patients","Idiopathic cysts of iris, ciliary body or anterior chamber, right eye | 
Idiopathic cysts of iris, ciliary body or anterior chamber, left eye | 
Idiopathic cysts of iris, ciliary body or anterior chamber, unspecified eye",0.327846364883402,"646009"
4247597,"Intraocular hemorrhage",8258,14007,3,"39.8%~Hemophthalmos, right eye (H44.811)45586481;3279 patients | 
39.1%~Hemophthalmos, left eye (H44.812)45600941;3212 patients | 
21.1%~Hemophthalmos, unspecified eye (H44.819)45562257;1767 patients","Hemophthalmos, right eye | 
Hemophthalmos, left eye | 
Hemophthalmos, unspecified eye",0.326474622770919,"93478000"
45763773,"Flat anterior chamber of eye with hypotony",6690,13959,4,"36.4%~Flat anterior chamber hypotony of right eye (H44.411)45586477;2292 patients | 
32.6%~Flat anterior chamber hypotony of left eye (H44.412)45576768;2053 patients | 
27.2%~Flat anterior chamber hypotony of eye, bilateral (H44.413)45552702;2036 patients | 
3.8%~Flat anterior chamber hypotony of unspecified eye (H44.419)45586478;309 patients","Flat anterior chamber hypotony of right eye | 
Flat anterior chamber hypotony of left eye | 
Flat anterior chamber hypotony of eye, bilateral | 
Flat anterior chamber hypotony of unspecified eye",0.325102880658436,"700280001"
379813,"Mechanical ectropion",8451,13729,3,"48.8%~Mechanical ectropion of right eye, unspecified eyelid (H02.123)45605580;4683 patients | 
34.8%~Mechanical ectropion of unspecified eye, unspecified eyelid (H02.129)45600824;2543 patients | 
16.3%~Mechanical ectropion of left eye, unspecified eyelid (H02.126)45581533;1225 patients","Mechanical ectropion of right eye, unspecified eyelid | 
Mechanical ectropion of unspecified eye, unspecified eyelid | 
Mechanical ectropion of left eye, unspecified eyelid",0.323731138545953,"45020000"
440732,"Posterior scleritis",2930,13708,3,"46.8%~Posterior scleritis, right eye (H15.031)45605616;1292 patients | 
46%~Posterior scleritis, left eye (H15.032)45566968;1275 patients | 
7.2%~Posterior scleritis, unspecified eye (H15.039)45596019;363 patients","Posterior scleritis, right eye | 
Posterior scleritis, left eye | 
Posterior scleritis, unspecified eye",0.32235939643347,"267660007"
45773204,"Cicatricial lagophthalmos of lower eyelid",6310,13481,2,"51.3%~Cicatricial lagophthalmos left lower eyelid (H02.215)45542933;3158 patients | 
48.7%~Cicatricial lagophthalmos right lower eyelid (H02.212)45581535;3152 patients","Cicatricial lagophthalmos left lower eyelid | 
Cicatricial lagophthalmos right lower eyelid",0.320987654320988,"700306008"
434590,"Malignant melanoma of skin of eyelid",3735,13294,3,"100%~Malignant melanoma of unspecified eyelid, including canthus (C43.10)45561797;3735 patients | 
NA | 
NA","Malignant melanoma of unspecified eyelid, including canthus | 
Malignant melanoma of right eyelid, including canthus | 
Malignant melanoma of left eyelid, including canthus",0.319615912208505,"93224002"
375268,"Mechanical lagophthalmos",6999,12853,6,"28.8%~Mechanical lagophthalmos right eye, unspecified eyelid (H02.223)45557281;2059 patients | 
23.3%~Mechanical lagophthalmos, bilateral, upper and lower eyelids (H02.22C)1595572;1724 patients | 
22.5%~Mechanical lagophthalmos unspecified eye, unspecified eyelid (H02.229)45605582;1481 patients | 
17.7%~Mechanical lagophthalmos left eye, unspecified eyelid (H02.226)45566924;1141 patients | 
4%~Mechanical lagophthalmos left eye, upper and lower eyelids (H02.22B)1595571;320 patients | 
3.8%~Mechanical lagophthalmos right eye, upper and lower eyelids (H02.22A)1595570;274 patients","Mechanical lagophthalmos right eye, unspecified eyelid | 
Mechanical lagophthalmos, bilateral, upper and lower eyelids | 
Mechanical lagophthalmos unspecified eye, unspecified eyelid | 
Mechanical lagophthalmos left eye, unspecified eyelid | 
Mechanical lagophthalmos left eye, upper and lower eyelids | 
Mechanical lagophthalmos right eye, upper and lower eyelids",0.318244170096022,"21783006"
438751,"Lens-induced iridocyclitis",5348,12714,3,"48.3%~Lens-induced iridocyclitis, left eye (H20.22)45567004;2431 patients | 
44.4%~Lens-induced iridocyclitis, right eye (H20.21)45600884;2301 patients | 
7.2%~Lens-induced iridocyclitis, unspecified eye (H20.20)45552632;616 patients","Lens-induced iridocyclitis, left eye | 
Lens-induced iridocyclitis, right eye | 
Lens-induced iridocyclitis, unspecified eye",0.315500685871056,"70461003"
377552,"Moderate nonproliferative retinopathy due to diabetes mellitus",4271,12631,6,"22.4%~Other specified diabetes mellitus with moderate nonproliferative diabetic retinopathy with macular edema, left eye (E13.3312)37200264;663 patients | 
21.8%~Other specified diabetes mellitus with moderate nonproliferative diabetic retinopathy with macular edema, right eye (E13.3311)37200263;695 patients | 
18.6%~Other specified diabetes mellitus with moderate nonproliferative diabetic retinopathy without macular edema, unspecified eye (E13.3399)37200270;978 patients | 
17.7%~Other specified diabetes mellitus with moderate nonproliferative diabetic retinopathy with macular edema, unspecified eye (E13.3319)37200266;508 patients | 
9.9%~Other specified diabetes mellitus with moderate nonproliferative diabetic retinopathy without macular edema, right eye (E13.3391)37200267;708 patients | 
9.6%~Other specified diabetes mellitus with moderate nonproliferative diabetic retinopathy without macular edema, left eye (E13.3392)37200268;719 patients","Other specified diabetes mellitus with moderate nonproliferative diabetic retinopathy with macular edema, left eye | 
Other specified diabetes mellitus with moderate nonproliferative diabetic retinopathy with macular edema, right eye | 
Other specified diabetes mellitus with moderate nonproliferative diabetic retinopathy without macular edema, unspecified eye | 
Other specified diabetes mellitus with moderate nonproliferative diabetic retinopathy with macular edema, unspecified eye | 
Other specified diabetes mellitus with moderate nonproliferative diabetic retinopathy without macular edema, right eye | 
Other specified diabetes mellitus with moderate nonproliferative diabetic retinopathy without macular edema, left eye",0.314128943758573,"312904009"
379027,"Progressive external ophthalmoplegia",4640,12545,3,"53.6%~Progressive external ophthalmoplegia, unspecified eye (H49.40)45557454;2226 patients | 
23.3%~Progressive external ophthalmoplegia, left eye (H49.42)45591384;1181 patients | 
23.1%~Progressive external ophthalmoplegia, right eye (H49.41)45543070;1233 patients","Progressive external ophthalmoplegia, unspecified eye | 
Progressive external ophthalmoplegia, left eye | 
Progressive external ophthalmoplegia, right eye",0.312757201646091,"46252003"
4338760,"Malignant melanoma of eyelid",3273,12354,4,"26.3%~Malignant melanoma of right upper eyelid, including canthus (C43.111)1595483;861 patients | 
25.8%~Malignant melanoma of right lower eyelid, including canthus (C43.112)1595484;847 patients | 
25.8%~Malignant melanoma of left lower eyelid, including canthus (C43.122)1595486;880 patients | 
22.1%~Malignant melanoma of left upper eyelid, including canthus (C43.121)1595485;685 patients","Malignant melanoma of right upper eyelid, including canthus | 
Malignant melanoma of right lower eyelid, including canthus | 
Malignant melanoma of left lower eyelid, including canthus | 
Malignant melanoma of left upper eyelid, including canthus",0.311385459533608,"231834005"
437850,"Focal chorioretinitis",4532,12288,3,"44%~Unspecified focal chorioretinal inflammation, left eye (H30.002)45586430;1635 patients | 
39.8%~Unspecified focal chorioretinal inflammation, right eye (H30.001)45586429;1994 patients | 
16.3%~Unspecified focal chorioretinal inflammation, unspecified eye (H30.009)45576706;903 patients","Unspecified focal chorioretinal inflammation, left eye | 
Unspecified focal chorioretinal inflammation, right eye | 
Unspecified focal chorioretinal inflammation, unspecified eye",0.310013717421125,"15847003"
380722,"Localized traumatic opacity",5959,11880,3,"51.8%~Localized traumatic opacities, right eye (H26.111)45571927;3120 patients | 
45.8%~Localized traumatic opacities, left eye (H26.112)45557382;2649 patients | 
2.4%~Localized traumatic opacities, unspecified eye (H26.119)45543007;190 patients","Localized traumatic opacities, right eye | 
Localized traumatic opacities, left eye | 
Localized traumatic opacities, unspecified eye",0.307270233196159,"43972005"
4055231,"Accidental laceration during a procedure",4858,11748,8,"41.4%~Accidental puncture and laceration of right eye and adnexa during an ophthalmic procedure (H59.211)45572023;2004 patients | 
40.1%~Accidental puncture and laceration of left eye and adnexa during an ophthalmic procedure (H59.212)45562297;1961 patients | 
6.4%~Accidental puncture and laceration of unspecified eye and adnexa during an ophthalmic procedure (H59.219)45562298;286 patients | 
4.9%~Accidental puncture and laceration of right eye and adnexa during other procedure (H59.221)45547943;223 patients | 
4.7%~Accidental puncture and laceration of left eye and adnexa during other procedure (H59.222)45547944;249 patients | 
1%~Accidental puncture and laceration of unspecified eye and adnexa during other procedure (H59.229)45596143;56 patients | 
0.8%~Accidental puncture and laceration of eye and adnexa during an ophthalmic procedure, bilateral (H59.213)45572024;47 patients | 
0.6%~Accidental puncture and laceration of eye and adnexa during other procedure, bilateral (H59.223)45596142;32 patients","Accidental puncture and laceration of right eye and adnexa during an ophthalmic procedure | 
Accidental puncture and laceration of left eye and adnexa during an ophthalmic procedure | 
Accidental puncture and laceration of unspecified eye and adnexa during an ophthalmic procedure | 
Accidental puncture and laceration of right eye and adnexa during other procedure | 
Accidental puncture and laceration of left eye and adnexa during other procedure | 
Accidental puncture and laceration of unspecified eye and adnexa during other procedure | 
Accidental puncture and laceration of eye and adnexa during an ophthalmic procedure, bilateral | 
Accidental puncture and laceration of eye and adnexa during other procedure, bilateral",0.305898491083676,"242995009"
37168677,"Neovascularization of eye",6339,11456,3,"46.5%~Cataract with neovascularization, right eye (H26.211)45605649;2820 patients | 
36.7%~Cataract with neovascularization, left eye (H26.212)45552642;2564 patients | 
16.8%~Cataract with neovascularization, unspecified eye (H26.219)45600891;955 patients","Cataract with neovascularization, right eye | 
Cataract with neovascularization, left eye | 
Cataract with neovascularization, unspecified eye",0.303155006858711,"1285475006"
4033836,"Melanoma in situ of eyelid, including canthus",3276,11432,7,"35.3%~Melanoma in situ of right lower eyelid, including canthus (D03.112)1595516;627 patients | 
29.6%~Melanoma in situ of unspecified eyelid, including canthus (D03.10)45581272;1436 patients | 
17.8%~Melanoma in situ of left lower eyelid, including canthus (D03.122)1595518;642 patients | 
11.3%~Melanoma in situ of right upper eyelid, including canthus (D03.111)1595515;281 patients | 
5.9%~Melanoma in situ of left upper eyelid, including canthus (D03.121)1595517;290 patients | 
NA | 
NA","Melanoma in situ of right lower eyelid, including canthus | 
Melanoma in situ of unspecified eyelid, including canthus | 
Melanoma in situ of left lower eyelid, including canthus | 
Melanoma in situ of right upper eyelid, including canthus | 
Melanoma in situ of left upper eyelid, including canthus | 
Melanoma in situ of left eyelid, including canthus | 
Melanoma in situ of right eyelid, including canthus",0.301783264746228,"109274007"
376408,"Descemetocele",2711,11348,3,"48.3%~Descemetocele, right eye (H18.731)45547835;1265 patients | 
48.3%~Descemetocele, left eye (H18.732)45538230;1293 patients | 
3.3%~Descemetocele, unspecified eye (H18.739)45567000;153 patients","Descemetocele, right eye | 
Descemetocele, left eye | 
Descemetocele, unspecified eye",0.300411522633745,"83110007"
4162559,"Focal chorioretinitis of posterior pole of eye",3274,11340,3,"46.2%~Focal chorioretinal inflammation of posterior pole, right eye (H30.021)45586432;1463 patients | 
45.8%~Focal chorioretinal inflammation of posterior pole, left eye (H30.022)45543013;1489 patients | 
8%~Focal chorioretinal inflammation of posterior pole, unspecified eye (H30.029)45538249;322 patients","Focal chorioretinal inflammation of posterior pole, right eye | 
Focal chorioretinal inflammation of posterior pole, left eye | 
Focal chorioretinal inflammation of posterior pole, unspecified eye",0.299039780521262,"373667006"
45763788,"Cicatricial ectropion of upper eyelid",5806,11297,2,"54.2%~Cicatricial ectropion of right upper eyelid (H02.111)45552563;3143 patients | 
45.8%~Cicatricial ectropion of left upper eyelid (H02.114)45542929;2663 patients","Cicatricial ectropion of right upper eyelid | 
Cicatricial ectropion of left upper eyelid",0.296296296296296,"700300002"
4153690,"Puncture wound of eye region",7526,11250,18,"33.4%~Puncture wound without foreign body of left eyelid and periocular area, initial encounter (S01.132A)45539402;2661 patients | 
29.3%~Puncture wound without foreign body of right eyelid and periocular area, initial encounter (S01.131A)45592469;2406 patients | 
14.1%~Puncture wound with foreign body of left eyelid and periocular area, initial encounter (S01.142A)45577850;892 patients | 
13.5%~Puncture wound with foreign body of right eyelid and periocular area, initial encounter (S01.141A)45602059;866 patients | 
3.6%~Puncture wound without foreign body of unspecified eyelid and periocular area, initial encounter (S01.139A)45582760;310 patients | 
1.7%~Puncture wound with foreign body of unspecified eyelid and periocular area, initial encounter (S01.149A)45544197;90 patients | 
1.3%~Puncture wound without foreign body of left eyelid and periocular area, subsequent encounter (S01.132D)45544194;105 patients | 
1.1%~Puncture wound without foreign body of right eyelid and periocular area, subsequent encounter (S01.131D)45597235;99 patients | 
0.8%~Puncture wound with foreign body of left eyelid and periocular area, subsequent encounter (S01.142D)45549017;45 patients | 
0.6%~Puncture wound without foreign body of unspecified eyelid and periocular area, subsequent encounter (S01.139D)45553787;22 patients | 
0.5%~Puncture wound with foreign body of right eyelid and periocular area, subsequent encounter (S01.141D)45577849;30 patients | 
NA | 
NA | 
NA | 
NA | 
NA | 
NA | 
NA","Puncture wound without foreign body of left eyelid and periocular area, initial encounter | 
Puncture wound without foreign body of right eyelid and periocular area, initial encounter | 
Puncture wound with foreign body of left eyelid and periocular area, initial encounter | 
Puncture wound with foreign body of right eyelid and periocular area, initial encounter | 
Puncture wound without foreign body of unspecified eyelid and periocular area, initial encounter | 
Puncture wound with foreign body of unspecified eyelid and periocular area, initial encounter | 
Puncture wound without foreign body of left eyelid and periocular area, subsequent encounter | 
Puncture wound without foreign body of right eyelid and periocular area, subsequent encounter | 
Puncture wound with foreign body of left eyelid and periocular area, subsequent encounter | 
Puncture wound without foreign body of unspecified eyelid and periocular area, subsequent encounter | 
Puncture wound with foreign body of right eyelid and periocular area, subsequent encounter | 
Puncture wound with foreign body of left eyelid and periocular area | 
Puncture wound with foreign body of unspecified eyelid and periocular area | 
Puncture wound without foreign body of left eyelid and periocular area | 
Puncture wound with foreign body of right eyelid and periocular area | 
Puncture wound with foreign body of unspecified eyelid and periocular area, subsequent encounter | 
Puncture wound without foreign body of right eyelid and periocular area | 
Puncture wound without foreign body of unspecified eyelid and periocular area",0.294924554183813,"283503008"
376121,"Recurrent pterygium",5015,11237,2,"79.6%~Recurrent pterygium of eye, bilateral (H11.063)45571891;4114 patients | 
20.4%~Recurrent pterygium of unspecified eye (H11.069)45600851;901 patients","Recurrent pterygium of eye, bilateral | 
Recurrent pterygium of unspecified eye",0.293552812071331,"73181007"
4093427,"Kearns-Sayre syndrome",1021,11106,3,"95.1%~Kearns-Sayre syndrome, unspecified eye (H49.819)45596122;734 patients | 
2.9%~Kearns-Sayre syndrome, right eye (H49.811)45605708;167 patients | 
2.1%~Kearns-Sayre syndrome, left eye (H49.812)45600951;120 patients","Kearns-Sayre syndrome, unspecified eye | 
Kearns-Sayre syndrome, right eye | 
Kearns-Sayre syndrome, left eye",0.292181069958848,"25792000"
375549,"Double pterygium",5478,11104,2,"84.3%~Double pterygium of eye, bilateral (H11.033)45596012;4608 patients | 
15.7%~Double pterygium of unspecified eye (H11.039)45538203;870 patients","Double pterygium of eye, bilateral | 
Double pterygium of unspecified eye",0.290809327846365,"41564009"
37016358,"Moderate nonproliferative retinopathy due to secondary diabetes mellitus",2486,10919,8,"51.5%~Diabetes mellitus due to underlying condition with moderate nonproliferative diabetic retinopathy with macular edema, unspecified eye (E08.3319)37200038;943 patients | 
37.4%~Diabetes mellitus due to underlying condition with moderate nonproliferative diabetic retinopathy without macular edema, unspecified eye (E08.3399)37200042;1246 patients | 
3.4%~Drug or chemical induced diabetes mellitus with moderate nonproliferative diabetic retinopathy with macular edema, unspecified eye (E09.3319)37200095;76 patients | 
2.3%~Drug or chemical induced diabetes mellitus with moderate nonproliferative diabetic retinopathy with macular edema, right eye (E09.3311)37200092;67 patients | 
1.9%~Drug or chemical induced diabetes mellitus with moderate nonproliferative diabetic retinopathy with macular edema, left eye (E09.3312)37200093;43 patients | 
1.8%~Drug or chemical induced diabetes mellitus with moderate nonproliferative diabetic retinopathy without macular edema, unspecified eye (E09.3399)37200099;55 patients | 
1%~Drug or chemical induced diabetes mellitus with moderate nonproliferative diabetic retinopathy without macular edema, right eye (E09.3391)37200096;28 patients | 
0.7%~Drug or chemical induced diabetes mellitus with moderate nonproliferative diabetic retinopathy without macular edema, left eye (E09.3392)37200097;28 patients","Diabetes mellitus due to underlying condition with moderate nonproliferative diabetic retinopathy with macular edema, unspecified eye | 
Diabetes mellitus due to underlying condition with moderate nonproliferative diabetic retinopathy without macular edema, unspecified eye | 
Drug or chemical induced diabetes mellitus with moderate nonproliferative diabetic retinopathy with macular edema, unspecified eye | 
Drug or chemical induced diabetes mellitus with moderate nonproliferative diabetic retinopathy with macular edema, right eye | 
Drug or chemical induced diabetes mellitus with moderate nonproliferative diabetic retinopathy with macular edema, left eye | 
Drug or chemical induced diabetes mellitus with moderate nonproliferative diabetic retinopathy without macular edema, unspecified eye | 
Drug or chemical induced diabetes mellitus with moderate nonproliferative diabetic retinopathy without macular edema, right eye | 
Drug or chemical induced diabetes mellitus with moderate nonproliferative diabetic retinopathy without macular edema, left eye",0.289437585733882,"368741000119105"
374202,"Penetrating wound of eye",6110,10891,9,"36.7%~Penetrating wound without foreign body of right eyeball, initial encounter (S05.61XA)45568218;2345 patients | 
35.8%~Penetrating wound without foreign body of left eyeball, initial encounter (S05.62XA)45577887;2232 patients | 
9.5%~Penetrating wound without foreign body of unspecified eyeball, initial encounter (S05.60XA)45577886;685 patients | 
8.5%~Penetrating wound without foreign body of right eyeball, subsequent encounter (S05.61XD)45592504;397 patients | 
8.4%~Penetrating wound without foreign body of left eyeball, subsequent encounter (S05.62XD)45539439;396 patients | 
1%~Penetrating wound without foreign body of unspecified eyeball, subsequent encounter (S05.60XD)45602090;55 patients | 
NA | 
NA | 
NA","Penetrating wound without foreign body of right eyeball, initial encounter | 
Penetrating wound without foreign body of left eyeball, initial encounter | 
Penetrating wound without foreign body of unspecified eyeball, initial encounter | 
Penetrating wound without foreign body of right eyeball, subsequent encounter | 
Penetrating wound without foreign body of left eyeball, subsequent encounter | 
Penetrating wound without foreign body of unspecified eyeball, subsequent encounter | 
Penetrating wound without foreign body of unspecified eyeball | 
Penetrating wound without foreign body of right eyeball | 
Penetrating wound without foreign body of left eyeball",0.288065843621399,"315296002"
4162094,"Retinal thickening",1521,10830,3,"51.5%~Degenerative myopia with foveoschisis, right eye (H44.2D1)1326526;753 patients | 
47%~Degenerative myopia with foveoschisis, left eye (H44.2D2)1326527;735 patients | 
1.4%~Degenerative myopia with foveoschisis, unspecified eye (H44.2D9)1326529;33 patients","Degenerative myopia with foveoschisis, right eye | 
Degenerative myopia with foveoschisis, left eye | 
Degenerative myopia with foveoschisis, unspecified eye",0.286694101508916,"399861008"
434638,"Paramacular focal retinitis AND retinochoroiditis",3509,10636,3,"45%~Focal chorioretinal inflammation, macular or paramacular, right eye (H30.041)45562216;1620 patients | 
42.9%~Focal chorioretinal inflammation, macular or paramacular, left eye (H30.042)45543014;1617 patients | 
12.1%~Focal chorioretinal inflammation, macular or paramacular, unspecified eye (H30.049)45557386;272 patients","Focal chorioretinal inflammation, macular or paramacular, right eye | 
Focal chorioretinal inflammation, macular or paramacular, left eye | 
Focal chorioretinal inflammation, macular or paramacular, unspecified eye",0.283950617283951,"42031001"
436133,"Scleral staphyloma",4367,10289,3,"50.7%~Scleral ectasia, right eye (H15.841)45547819;2018 patients | 
41.3%~Scleral ectasia, left eye (H15.842)45576669;1811 patients | 
8%~Scleral ectasia, unspecified eye (H15.849)45591269;538 patients","Scleral ectasia, right eye | 
Scleral ectasia, left eye | 
Scleral ectasia, unspecified eye",0.281207133058985,"111534007"
4302329,"Retained nonmagnetic foreign body in lens",4419,10200,3,"47.2%~Retained (nonmagnetic) (old) foreign body in lens, left eye (H44.732)45567079;2052 patients | 
46.4%~Retained (nonmagnetic) (old) foreign body in lens, right eye (H44.731)45538299;2012 patients | 
6.3%~Retained (nonmagnetic) (old) foreign body in lens, unspecified eye (H44.739)45591370;355 patients","Retained (nonmagnetic) (old) foreign body in lens, left eye | 
Retained (nonmagnetic) (old) foreign body in lens, right eye | 
Retained (nonmagnetic) (old) foreign body in lens, unspecified eye",0.279835390946502,"78348000"
4227153,"Vitiligo of eyelid",5432,10116,5,"60.4%~Vitiligo of unspecified eye, unspecified eyelid and periocular area (H02.739)45542944;3231 patients | 
15.4%~Vitiligo of left eye, unspecified eyelid and periocular area (H02.736)45605586;816 patients | 
14.2%~Vitiligo of right eye, unspecified eyelid and periocular area (H02.733)45538173;815 patients | 
5.3%~Vitiligo of left lower eyelid and periocular area (H02.735)45552568;275 patients | 
4.7%~Vitiligo of right lower eyelid and periocular area (H02.732)45566930;295 patients","Vitiligo of unspecified eye, unspecified eyelid and periocular area | 
Vitiligo of left eye, unspecified eyelid and periocular area | 
Vitiligo of right eye, unspecified eyelid and periocular area | 
Vitiligo of left lower eyelid and periocular area | 
Vitiligo of right lower eyelid and periocular area",0.278463648834019,"87666009"
45773201,"Spastic ectropion of lower eyelid",5554,10004,2,"50.4%~Spastic ectropion of left lower eyelid (H02.145)45552564;2808 patients | 
49.6%~Spastic ectropion of right lower eyelid (H02.142)45562128;2746 patients","Spastic ectropion of left lower eyelid | 
Spastic ectropion of right lower eyelid",0.275720164609054,"700276006"
4197475,"Malignant neoplasm of lower eyelid",2294,9962,4,"45.2%~Other specified malignant neoplasm of skin of left lower eyelid, including canthus (C44.1992)1595514;1203 patients | 
37.3%~Other specified malignant neoplasm of skin of right lower eyelid, including canthus (C44.1922)1595512;968 patients | 
10.1%~Merkel cell carcinoma of left lower eyelid, including canthus (C4A.122)1595490;60 patients | 
7.4%~Merkel cell carcinoma of right lower eyelid, including canthus (C4A.112)1595488;63 patients","Other specified malignant neoplasm of skin of left lower eyelid, including canthus | 
Other specified malignant neoplasm of skin of right lower eyelid, including canthus | 
Merkel cell carcinoma of left lower eyelid, including canthus | 
Merkel cell carcinoma of right lower eyelid, including canthus",0.274348422496571,"313250007"
437553,"Hypersecretion glaucoma",1316,9613,3,"84.4%~Hypersecretion glaucoma, unspecified eye (H40.829)45586470;678 patients | 
7.8%~Hypersecretion glaucoma, left eye (H40.822)45596101;362 patients | 
7.8%~Hypersecretion glaucoma, right eye (H40.821)45596100;276 patients","Hypersecretion glaucoma, unspecified eye | 
Hypersecretion glaucoma, left eye | 
Hypersecretion glaucoma, right eye",0.270233196159122,"29369005"
4197474,"Malignant neoplasm of upper eyelid",1617,9571,4,"33.1%~Other specified malignant neoplasm of skin of left upper eyelid, including canthus (C44.1991)1595513;734 patients | 
29.7%~Other specified malignant neoplasm of skin of right upper eyelid, including canthus (C44.1921)1595511;706 patients | 
19.2%~Merkel cell carcinoma of right upper eyelid, including canthus (C4A.111)1595487;89 patients | 
17.9%~Merkel cell carcinoma of left upper eyelid, including canthus (C4A.121)1595489;88 patients","Other specified malignant neoplasm of skin of left upper eyelid, including canthus | 
Other specified malignant neoplasm of skin of right upper eyelid, including canthus | 
Merkel cell carcinoma of right upper eyelid, including canthus | 
Merkel cell carcinoma of left upper eyelid, including canthus",0.268861454046639,"313249007"
381568,"Pseudomembranous conjunctivitis",5602,9559,3,"42.6%~Pseudomembranous conjunctivitis, left eye (H10.222)45533215;2409 patients | 
40.2%~Pseudomembranous conjunctivitis, right eye (H10.221)45591247;2187 patients | 
17.2%~Pseudomembranous conjunctivitis, unspecified eye (H10.229)45571883;1006 patients","Pseudomembranous conjunctivitis, left eye | 
Pseudomembranous conjunctivitis, right eye | 
Pseudomembranous conjunctivitis, unspecified eye",0.267489711934156,"72115001"
381019,"Deep vascularization of cornea",3330,9496,3,"48%~Deep vascularization of cornea, left eye (H16.442)45576679;1636 patients | 
46%~Deep vascularization of cornea, right eye (H16.441)45591275;1531 patients | 
6%~Deep vascularization of cornea, unspecified eye (H16.449)45533249;163 patients","Deep vascularization of cornea, left eye | 
Deep vascularization of cornea, right eye | 
Deep vascularization of cornea, unspecified eye",0.266117969821674,"2102007"
4189719,"Pigment dispersion syndrome",4550,9487,1,"100%~Degeneration of iris (pigmentary), unspecified eye (H21.239)45538235;4550 patients","Degeneration of iris (pigmentary), unspecified eye",0.264746227709191,"392133001"
4202383,"Drug-induced diabetes mellitus",1926,9459,38,"26.4%~Drug or chemical induced diabetes mellitus with mild nonproliferative diabetic retinopathy with macular edema, unspecified eye (E09.3219)37200087;333 patients | 
8.2%~Drug or chemical induced diabetes mellitus with proliferative diabetic retinopathy without macular edema, unspecified eye (E09.3599)37200135;140 patients | 
6.9%~Drug or chemical induced diabetes mellitus with mild nonproliferative diabetic retinopathy with macular edema, right eye (E09.3211)37200084;133 patients | 
5.5%~Drug or chemical induced diabetes mellitus with proliferative diabetic retinopathy with macular edema, unspecified eye (E09.3519)37200111;67 patients | 
5.2%~Drug or chemical induced diabetes mellitus with mild nonproliferative diabetic retinopathy without macular edema, unspecified eye (E09.3299)37200091;128 patients | 
3.9%~Drug or chemical induced diabetes mellitus with moderate nonproliferative diabetic retinopathy with macular edema, unspecified eye (E09.3319)37200095;76 patients | 
3.2%~Drug or chemical induced diabetes mellitus with mild nonproliferative diabetic retinopathy with macular edema, left eye (E09.3212)37200085;75 patients | 
2.8%~Drug or chemical induced diabetes mellitus with proliferative diabetic retinopathy with macular edema, left eye (E09.3512)37200109;49 patients | 
2.6%~Drug or chemical induced diabetes mellitus with moderate nonproliferative diabetic retinopathy with macular edema, right eye (E09.3311)37200092;67 patients | 
2.4%~Drug or chemical induced diabetes mellitus with proliferative diabetic retinopathy with traction retinal detachment involving the macula, left eye (E09.3522)37200114;38 patients | 
2.3%~Drug or chemical induced diabetes mellitus with proliferative diabetic retinopathy with macular edema, right eye (E09.3511)37200108;37 patients | 
2.3%~Drug or chemical induced diabetes mellitus with proliferative diabetic retinopathy without macular edema, left eye (E09.3592)37200133;53 patients | 
2.2%~Drug or chemical induced diabetes mellitus with proliferative diabetic retinopathy without macular edema, right eye (E09.3591)37200132;66 patients | 
2.2%~Drug or chemical induced diabetes mellitus with mild nonproliferative diabetic retinopathy without macular edema, left eye (E09.3292)37200089;73 patients | 
2.2%~Drug or chemical induced diabetes mellitus with moderate nonproliferative diabetic retinopathy with macular edema, left eye (E09.3312)37200093;43 patients | 
2.2%~Drug or chemical induced diabetes mellitus with proliferative diabetic retinopathy with traction retinal detachment not involving the macula, right eye (E09.3531)37200118;30 patients | 
2.1%~Drug or chemical induced diabetes mellitus with moderate nonproliferative diabetic retinopathy without macular edema, unspecified eye (E09.3399)37200099;55 patients | 
2.1%~Drug or chemical induced diabetes mellitus with severe nonproliferative diabetic retinopathy without macular edema, unspecified eye (E09.3499)37200107;39 patients | 
1.6%~Drug or chemical induced diabetes mellitus with severe nonproliferative diabetic retinopathy with macular edema, right eye (E09.3411)37200100;33 patients | 
1.6%~Drug or chemical induced diabetes mellitus with proliferative diabetic retinopathy with traction retinal detachment involving the macula, right eye (E09.3521)37200113;40 patients | 
1.3%~Drug or chemical induced diabetes mellitus with diabetic macular edema, resolved following treatment, right eye (E09.37X1)37200137;34 patients | 
1.2%~Drug or chemical induced diabetes mellitus with moderate nonproliferative diabetic retinopathy without macular edema, right eye (E09.3391)37200096;28 patients | 
1.2%~Drug or chemical induced diabetes mellitus with stable proliferative diabetic retinopathy, unspecified eye (E09.3559)37200131;25 patients | 
1.1%~Drug or chemical induced diabetes mellitus with severe nonproliferative diabetic retinopathy with macular edema, unspecified eye (E09.3419)37200103;27 patients | 
0.8%~Drug or chemical induced diabetes mellitus with stable proliferative diabetic retinopathy, left eye (E09.3552)37200129;20 patients | 
0.8%~Drug or chemical induced diabetes mellitus with diabetic macular edema, resolved following treatment, unspecified eye (E09.37X9)37200140;26 patients | 
0.8%~Drug or chemical induced diabetes mellitus with proliferative diabetic retinopathy with combined traction retinal detachment and rhegmatogenous retinal detachment, left eye (E09.3542)37200124;20 patients | 
0.8%~Drug or chemical induced diabetes mellitus with moderate nonproliferative diabetic retinopathy without macular edema, left eye (E09.3392)37200097;28 patients | 
0.7%~Drug or chemical induced diabetes mellitus with severe nonproliferative diabetic retinopathy with macular edema, left eye (E09.3412)37200101;30 patients | 
0.7%~Drug or chemical induced diabetes mellitus with proliferative diabetic retinopathy with combined traction retinal detachment and rhegmatogenous retinal detachment, right eye (E09.3541)37200123;19 patients | 
0.6%~Drug or chemical induced diabetes mellitus with stable proliferative diabetic retinopathy, right eye (E09.3551)37200128;26 patients | 
0.6%~Drug or chemical induced diabetes mellitus with severe nonproliferative diabetic retinopathy without macular edema, right eye (E09.3491)37200104;20 patients | 
0.6%~Drug or chemical induced diabetes mellitus with proliferative diabetic retinopathy with traction retinal detachment not involving the macula, left eye (E09.3532)37200119;17 patients | 
0.5%~Drug or chemical induced diabetes mellitus with diabetic macular edema, resolved following treatment, left eye (E09.37X2)37200138;20 patients | 
0.3%~Drug or chemical induced diabetes mellitus with severe nonproliferative diabetic retinopathy without macular edema, left eye (E09.3492)37200105;11 patients | 
NA | 
NA | 
NA","Drug or chemical induced diabetes mellitus with mild nonproliferative diabetic retinopathy with macular edema, unspecified eye | 
Drug or chemical induced diabetes mellitus with proliferative diabetic retinopathy without macular edema, unspecified eye | 
Drug or chemical induced diabetes mellitus with mild nonproliferative diabetic retinopathy with macular edema, right eye | 
Drug or chemical induced diabetes mellitus with proliferative diabetic retinopathy with macular edema, unspecified eye | 
Drug or chemical induced diabetes mellitus with mild nonproliferative diabetic retinopathy without macular edema, unspecified eye | 
Drug or chemical induced diabetes mellitus with moderate nonproliferative diabetic retinopathy with macular edema, unspecified eye | 
Drug or chemical induced diabetes mellitus with mild nonproliferative diabetic retinopathy with macular edema, left eye | 
Drug or chemical induced diabetes mellitus with proliferative diabetic retinopathy with macular edema, left eye | 
Drug or chemical induced diabetes mellitus with moderate nonproliferative diabetic retinopathy with macular edema, right eye | 
Drug or chemical induced diabetes mellitus with proliferative diabetic retinopathy with traction retinal detachment involving the macula, left eye | 
Drug or chemical induced diabetes mellitus with proliferative diabetic retinopathy with macular edema, right eye | 
Drug or chemical induced diabetes mellitus with proliferative diabetic retinopathy without macular edema, left eye | 
Drug or chemical induced diabetes mellitus with proliferative diabetic retinopathy without macular edema, right eye | 
Drug or chemical induced diabetes mellitus with mild nonproliferative diabetic retinopathy without macular edema, left eye | 
Drug or chemical induced diabetes mellitus with moderate nonproliferative diabetic retinopathy with macular edema, left eye | 
Drug or chemical induced diabetes mellitus with proliferative diabetic retinopathy with traction retinal detachment not involving the macula, right eye | 
Drug or chemical induced diabetes mellitus with moderate nonproliferative diabetic retinopathy without macular edema, unspecified eye | 
Drug or chemical induced diabetes mellitus with severe nonproliferative diabetic retinopathy without macular edema, unspecified eye | 
Drug or chemical induced diabetes mellitus with severe nonproliferative diabetic retinopathy with macular edema, right eye | 
Drug or chemical induced diabetes mellitus with proliferative diabetic retinopathy with traction retinal detachment involving the macula, right eye | 
Drug or chemical induced diabetes mellitus with diabetic macular edema, resolved following treatment, right eye | 
Drug or chemical induced diabetes mellitus with moderate nonproliferative diabetic retinopathy without macular edema, right eye | 
Drug or chemical induced diabetes mellitus with stable proliferative diabetic retinopathy, unspecified eye | 
Drug or chemical induced diabetes mellitus with severe nonproliferative diabetic retinopathy with macular edema, unspecified eye | 
Drug or chemical induced diabetes mellitus with stable proliferative diabetic retinopathy, left eye | 
Drug or chemical induced diabetes mellitus with diabetic macular edema, resolved following treatment, unspecified eye | 
Drug or chemical induced diabetes mellitus with proliferative diabetic retinopathy with combined traction retinal detachment and rhegmatogenous retinal detachment, left eye | 
Drug or chemical induced diabetes mellitus with moderate nonproliferative diabetic retinopathy without macular edema, left eye | 
Drug or chemical induced diabetes mellitus with severe nonproliferative diabetic retinopathy with macular edema, left eye | 
Drug or chemical induced diabetes mellitus with proliferative diabetic retinopathy with combined traction retinal detachment and rhegmatogenous retinal detachment, right eye | 
Drug or chemical induced diabetes mellitus with stable proliferative diabetic retinopathy, right eye | 
Drug or chemical induced diabetes mellitus with severe nonproliferative diabetic retinopathy without macular edema, right eye | 
Drug or chemical induced diabetes mellitus with proliferative diabetic retinopathy with traction retinal detachment not involving the macula, left eye | 
Drug or chemical induced diabetes mellitus with diabetic macular edema, resolved following treatment, left eye | 
Drug or chemical induced diabetes mellitus with severe nonproliferative diabetic retinopathy without macular edema, left eye | 
Drug or chemical induced diabetes mellitus with proliferative diabetic retinopathy with traction retinal detachment involving the macula, unspecified eye | 
Drug or chemical induced diabetes mellitus with proliferative diabetic retinopathy with traction retinal detachment not involving the macula, unspecified eye | 
Drug or chemical induced diabetes mellitus with proliferative diabetic retinopathy with combined traction retinal detachment and rhegmatogenous retinal detachment, unspecified eye",0.263374485596708,"5368009"
374349,"Corneal deformity",4515,9406,3,"49.1%~Other corneal deformities, left eye (H18.792)45576684;2275 patients | 
44.7%~Other corneal deformities, right eye (H18.791)45533263;2009 patients | 
6.2%~Other corneal deformities, unspecified eye (H18.799)45571910;231 patients","Other corneal deformities, left eye | 
Other corneal deformities, right eye | 
Other corneal deformities, unspecified eye",0.262002743484225,"41478008"
4153217,"Patient condition resolved",644,9332,3,"40.5%~Diabetes mellitus due to underlying condition with diabetic macular edema, resolved following treatment, left eye (E08.37X2)37200081;186 patients | 
32%~Diabetes mellitus due to underlying condition with diabetic macular edema, resolved following treatment, unspecified eye (E08.37X9)37200083;200 patients | 
27.4%~Diabetes mellitus due to underlying condition with diabetic macular edema, resolved following treatment, right eye (E08.37X1)37200080;258 patients","Diabetes mellitus due to underlying condition with diabetic macular edema, resolved following treatment, left eye | 
Diabetes mellitus due to underlying condition with diabetic macular edema, resolved following treatment, unspecified eye | 
Diabetes mellitus due to underlying condition with diabetic macular edema, resolved following treatment, right eye",0.259259259259259,"370996005"
374939,"Macular keratitis",4595,9112,3,"43.1%~Macular keratitis, left eye (H16.112)45542976;2024 patients | 
42.2%~Macular keratitis, right eye (H16.111)45557345;1961 patients | 
14.7%~Macular keratitis, unspecified eye (H16.119)45566977;610 patients","Macular keratitis, left eye | 
Macular keratitis, right eye | 
Macular keratitis, unspecified eye",0.257887517146776,"2853006"
376413,"Localized adhesions AND/OR strands of conjunctiva",4064,9049,3,"49.4%~Conjunctival adhesions and strands (localized), right eye (H11.211)45596014;2021 patients | 
47.1%~Conjunctival adhesions and strands (localized), left eye (H11.212)45576660;1828 patients | 
3.6%~Conjunctival adhesions and strands (localized), unspecified eye (H11.219)45596015;215 patients","Conjunctival adhesions and strands (localized), right eye | 
Conjunctival adhesions and strands (localized), left eye | 
Conjunctival adhesions and strands (localized), unspecified eye",0.256515775034294,"87420007"
377555,"Solar retinopathy",4335,8986,3,"49.2%~Solar retinopathy, right eye (H31.021)45605661;2080 patients | 
40.1%~Solar retinopathy, left eye (H31.022)45586433;1811 patients | 
10.7%~Solar retinopathy, unspecified eye (H31.029)45571941;444 patients","Solar retinopathy, right eye | 
Solar retinopathy, left eye | 
Solar retinopathy, unspecified eye",0.255144032921811,"1135000"
432645,"Scleromalacia perforans",2301,8972,3,"48.3%~Scleromalacia perforans, left eye (H15.052)45586378;1032 patients | 
44.4%~Scleromalacia perforans, right eye (H15.051)45533234;1024 patients | 
7.3%~Scleromalacia perforans, unspecified eye (H15.059)45600859;245 patients","Scleromalacia perforans, left eye | 
Scleromalacia perforans, right eye | 
Scleromalacia perforans, unspecified eye",0.252400548696845,"26664005"
440112,"Hyperpigmentation of eyelid",5224,8796,7,"51%~Chloasma of unspecified eye, unspecified eyelid and periocular area (H02.719)45542942;2705 patients | 
14.5%~Chloasma of right eye, unspecified eyelid and periocular area (H02.713)45562133;814 patients | 
11.5%~Chloasma of left eye, unspecified eyelid and periocular area (H02.716)45538170;697 patients | 
9.8%~Chloasma of left lower eyelid and periocular area (H02.715)45547787;350 patients | 
4.8%~Chloasma of right lower eyelid and periocular area (H02.712)45538169;266 patients | 
4.5%~Chloasma of left upper eyelid and periocular area (H02.714)45600831;188 patients | 
3.8%~Chloasma of right upper eyelid and periocular area (H02.711)45605585;204 patients","Chloasma of unspecified eye, unspecified eyelid and periocular area | 
Chloasma of right eye, unspecified eyelid and periocular area | 
Chloasma of left eye, unspecified eyelid and periocular area | 
Chloasma of left lower eyelid and periocular area | 
Chloasma of right lower eyelid and periocular area | 
Chloasma of left upper eyelid and periocular area | 
Chloasma of right upper eyelid and periocular area",0.251028806584362,"41115008"
433762,"Disseminated chorioretinitis",2535,8611,3,"43.2%~Unspecified disseminated chorioretinal inflammation, left eye (H30.102)45591307;964 patients | 
42.1%~Unspecified disseminated chorioretinal inflammation, right eye (H30.101)45557387;1072 patients | 
14.7%~Unspecified disseminated chorioretinal inflammation, unspecified eye (H30.109)45538250;499 patients","Unspecified disseminated chorioretinal inflammation, left eye | 
Unspecified disseminated chorioretinal inflammation, right eye | 
Unspecified disseminated chorioretinal inflammation, unspecified eye",0.249657064471879,"78769001"
42538169,"Disorder of eye due to type 1 diabetes mellitus",1553,8567,3,"48.1%~Type 1 diabetes mellitus with diabetic macular edema, resolved following treatment, right eye (E10.37X1)37200194;768 patients | 
29.6%~Type 1 diabetes mellitus with diabetic macular edema, resolved following treatment, left eye (E10.37X2)37200195;467 patients | 
22.3%~Type 1 diabetes mellitus with diabetic macular edema, resolved following treatment, unspecified eye (E10.37X9)37200197;318 patients","Type 1 diabetes mellitus with diabetic macular edema, resolved following treatment, right eye | 
Type 1 diabetes mellitus with diabetic macular edema, resolved following treatment, left eye | 
Type 1 diabetes mellitus with diabetic macular edema, resolved following treatment, unspecified eye",0.248285322359396,"739681000"
442113,"Cicatricial lagophthalmos",3877,8418,6,"29.7%~Cicatricial lagophthalmos right eye, unspecified eyelid (H02.213)45586339;1231 patients | 
25.5%~Cicatricial lagophthalmos left eye, unspecified eyelid (H02.216)45557280;932 patients | 
21.9%~Cicatricial lagophthalmos unspecified eye, unspecified eyelid (H02.219)45571854;836 patients | 
11.1%~Cicatricial lagophthalmos, bilateral, upper and lower eyelids (H02.21C)1595569;436 patients | 
6.2%~Cicatricial lagophthalmos right eye, upper and lower eyelids (H02.21A)1595567;233 patients | 
5.5%~Cicatricial lagophthalmos left eye, upper and lower eyelids (H02.21B)1595568;209 patients","Cicatricial lagophthalmos right eye, unspecified eyelid | 
Cicatricial lagophthalmos left eye, unspecified eyelid | 
Cicatricial lagophthalmos unspecified eye, unspecified eyelid | 
Cicatricial lagophthalmos, bilateral, upper and lower eyelids | 
Cicatricial lagophthalmos right eye, upper and lower eyelids | 
Cicatricial lagophthalmos left eye, upper and lower eyelids",0.246913580246914,"9042000"
433490,"Posterior corneal pigmentation",4582,8359,3,"48.7%~Posterior corneal pigmentations, right eye (H18.051)45547827;2170 patients | 
37.3%~Posterior corneal pigmentations, left eye (H18.052)45566993;1667 patients | 
14%~Posterior corneal pigmentations, unspecified eye (H18.059)45581609;745 patients","Posterior corneal pigmentations, right eye | 
Posterior corneal pigmentations, left eye | 
Posterior corneal pigmentations, unspecified eye",0.245541838134431,"267639001"
4059565,"Chemical burn of eyelid region",6008,8334,18,"29.3%~Corrosion of right eyelid and periocular area, initial encounter (T26.51XA)45594537;1819 patients | 
29.3%~Corrosion of left eyelid and periocular area, initial encounter (T26.52XA)45541420;1808 patients | 
12.2%~Corrosion of unspecified eyelid and periocular area, initial encounter (T26.50XA)45599347;709 patients | 
9.6%~Corrosions of other specified parts of left eye and adnexa, initial encounter (T26.82XA)45608935;657 patients | 
8.4%~Corrosions of other specified parts of right eye and adnexa, initial encounter (T26.81XA)45565448;553 patients | 
5.4%~Corrosion of left eyelid and periocular area, subsequent encounter (T26.52XD)45604172;149 patients | 
2.9%~Corrosion of right eyelid and periocular area, subsequent encounter (T26.51XD)45594538;163 patients | 
1.3%~Corrosions of other specified parts of unspecified eye and adnexa, initial encounter (T26.80XA)45546272;63 patients | 
0.7%~Corrosion of unspecified eyelid and periocular area, subsequent encounter (T26.50XD)45599348;45 patients | 
0.6%~Corrosions of other specified parts of left eye and adnexa, subsequent encounter (T26.82XD)45580018;20 patients | 
0.4%~Corrosions of other specified parts of right eye and adnexa, subsequent encounter (T26.81XD)45541421;22 patients | 
NA | 
NA | 
NA | 
NA | 
NA | 
NA | 
NA","Corrosion of right eyelid and periocular area, initial encounter | 
Corrosion of left eyelid and periocular area, initial encounter | 
Corrosion of unspecified eyelid and periocular area, initial encounter | 
Corrosions of other specified parts of left eye and adnexa, initial encounter | 
Corrosions of other specified parts of right eye and adnexa, initial encounter | 
Corrosion of left eyelid and periocular area, subsequent encounter | 
Corrosion of right eyelid and periocular area, subsequent encounter | 
Corrosions of other specified parts of unspecified eye and adnexa, initial encounter | 
Corrosion of unspecified eyelid and periocular area, subsequent encounter | 
Corrosions of other specified parts of left eye and adnexa, subsequent encounter | 
Corrosions of other specified parts of right eye and adnexa, subsequent encounter | 
Corrosion of unspecified eyelid and periocular area | 
Corrosions of other specified parts of unspecified eye and adnexa | 
Corrosions of other specified parts of right eye and adnexa | 
Corrosions of other specified parts of unspecified eye and adnexa, subsequent encounter | 
Corrosion of right eyelid and periocular area | 
Corrosion of left eyelid and periocular area | 
Corrosions of other specified parts of left eye and adnexa",0.244170096021948,"211659009"
378763,"Monocular esotropia with V pattern",4197,8331,2,"50.1%~Monocular esotropia with V pattern, left eye (H50.032)45596125;2152 patients | 
49.9%~Monocular esotropia with V pattern, right eye (H50.031)45538306;2045 patients","Monocular esotropia with V pattern, left eye | 
Monocular esotropia with V pattern, right eye",0.242798353909465,"65215002"
374650,"Cicatricial entropion",3622,8126,3,"37.6%~Cicatricial entropion of unspecified eye, unspecified eyelid (H02.019)45533181;1391 patients | 
35.9%~Cicatricial entropion of right eye, unspecified eyelid (H02.013)45542928;1354 patients | 
26.5%~Cicatricial entropion of left eye, unspecified eyelid (H02.016)45576623;877 patients","Cicatricial entropion of unspecified eye, unspecified eyelid | 
Cicatricial entropion of right eye, unspecified eyelid | 
Cicatricial entropion of left eye, unspecified eyelid",0.241426611796982,"67383002"
435814,"Degenerative changes of ciliary body",3899,7918,3,"49.2%~Degeneration of ciliary body, right eye (H21.221)45596042;1906 patients | 
48.4%~Degeneration of ciliary body, left eye (H21.222)45596043;1919 patients | 
2.4%~Degeneration of ciliary body, unspecified eye (H21.229)45571914;74 patients","Degeneration of ciliary body, right eye | 
Degeneration of ciliary body, left eye | 
Degeneration of ciliary body, unspecified eye",0.238683127572016,"193508003"
373461,"Leukocoria",3965,7569,3,"36.6%~Leucocoria, left eye (H44.532)45562253;1366 patients | 
34.3%~Leucocoria, right eye (H44.531)45562252;1208 patients | 
29.1%~Leucocoria, unspecified eye (H44.539)45571990;1391 patients","Leucocoria, left eye | 
Leucocoria, right eye | 
Leucocoria, unspecified eye",0.237311385459534,"1361009"
434203,"Late effect of contusion",5026,7486,3,"41.8%~Contusion of left eyelid and periocular area, sequela (S00.12XS)45573050;2149 patients | 
39.8%~Contusion of right eyelid and periocular area, sequela (S00.11XS)45534487;2025 patients | 
18.4%~Contusion of unspecified eyelid and periocular area, sequela (S00.10XS)45597217;852 patients","Contusion of left eyelid and periocular area, sequela | 
Contusion of right eyelid and periocular area, sequela | 
Contusion of unspecified eyelid and periocular area, sequela",0.235939643347051,"80350001"
4197114,"Jaw-winking syndrome",3984,7481,7,"22.5%~Abnormal innervation syndrome unspecified eye, unspecified eyelid (H02.519)45576631;780 patients | 
21.7%~Abnormal innervation syndrome left eye, unspecified eyelid (H02.516)45547785;698 patients | 
18.8%~Abnormal innervation syndrome right eye, unspecified eyelid (H02.513)45586342;743 patients | 
16.6%~Abnormal innervation syndrome right upper eyelid (H02.511)45576629;782 patients | 
10.5%~Abnormal innervation syndrome left upper eyelid (H02.514)45557283;509 patients | 
5.5%~Abnormal innervation syndrome right lower eyelid (H02.512)45542937;257 patients | 
4.4%~Abnormal innervation syndrome left lower eyelid (H02.515)45576630;215 patients","Abnormal innervation syndrome unspecified eye, unspecified eyelid | 
Abnormal innervation syndrome left eye, unspecified eyelid | 
Abnormal innervation syndrome right eye, unspecified eyelid | 
Abnormal innervation syndrome right upper eyelid | 
Abnormal innervation syndrome left upper eyelid | 
Abnormal innervation syndrome right lower eyelid | 
Abnormal innervation syndrome left lower eyelid",0.234567901234568,"5127009"
375272,"Spastic entropion",3394,7460,3,"39.8%~Spastic entropion of right eye, unspecified eyelid (H02.043)45547781;1463 patients | 
36.1%~Spastic entropion of unspecified eye, unspecified eyelid (H02.049)45600822;1116 patients | 
24.1%~Spastic entropion of left eye, unspecified eyelid (H02.046)45557274;815 patients","Spastic entropion of right eye, unspecified eyelid | 
Spastic entropion of unspecified eye, unspecified eyelid | 
Spastic entropion of left eye, unspecified eyelid",0.231824417009602,"20828000"
437727,"Disorder due to and following injury of cranial nerve",2518,7431,3,"36%~Injury of optic nerve, unspecified eye, sequela (S04.019S)45573101;399 patients | 
34.5%~Injury of optic nerve, left eye, sequela (S04.012S)45539428;1102 patients | 
29.5%~Injury of optic nerve, right eye, sequela (S04.011S)45539426;1017 patients","Injury of optic nerve, unspecified eye, sequela | 
Injury of optic nerve, left eye, sequela | 
Injury of optic nerve, right eye, sequela",0.230452674897119,"36539009"
436988,"Enophthalmos due to orbital tissue atrophy",2924,7370,3,"45.8%~Enophthalmos due to atrophy of orbital tissue, left eye (H05.412)45566953;1378 patients | 
45.4%~Enophthalmos due to atrophy of orbital tissue, right eye (H05.411)45562154;1239 patients | 
8.8%~Enophthalmos due to atrophy of orbital tissue, unspecified eye (H05.419)45557319;307 patients","Enophthalmos due to atrophy of orbital tissue, left eye | 
Enophthalmos due to atrophy of orbital tissue, right eye | 
Enophthalmos due to atrophy of orbital tissue, unspecified eye",0.229080932784636,"194029009"
380405,"Lateral displacement of eye",3936,7318,3,"49.2%~Displacement (lateral) of globe, right eye (H05.211)45576650;1916 patients | 
43%~Displacement (lateral) of globe, left eye (H05.212)45591240;1737 patients | 
7.7%~Displacement (lateral) of globe, unspecified eye (H05.219)45586358;283 patients","Displacement (lateral) of globe, right eye | 
Displacement (lateral) of globe, left eye | 
Displacement (lateral) of globe, unspecified eye",0.227709190672154,"48747004"
4199331,"Vernal keratoconjunctivitis",3424,7148,3,"41.2%~Vernal keratoconjunctivitis, with limbar and corneal involvement, right eye (H16.261)45566982;1415 patients | 
39.6%~Vernal keratoconjunctivitis, with limbar and corneal involvement, left eye (H16.262)45538218;1407 patients | 
19.2%~Vernal keratoconjunctivitis, with limbar and corneal involvement, unspecified eye (H16.269)45586390;602 patients","Vernal keratoconjunctivitis, with limbar and corneal involvement, right eye | 
Vernal keratoconjunctivitis, with limbar and corneal involvement, left eye | 
Vernal keratoconjunctivitis, with limbar and corneal involvement, unspecified eye",0.223593964334705,"317349009"
376424,"Monocular esotropia with A pattern",4236,7137,2,"51.4%~Monocular esotropia with A pattern, right eye (H50.021)45557456;2229 patients | 
48.6%~Monocular esotropia with A pattern, left eye (H50.022)45572005;2007 patients","Monocular esotropia with A pattern, right eye | 
Monocular esotropia with A pattern, left eye",0.222222222222222,"58409000"
441172,"Disorder due to and following burn",3332,7134,30,"13.1%~Burn of cornea and conjunctival sac, left eye, sequela (T26.12XS)45555859;577 patients | 
11%~Corrosion of cornea and conjunctival sac, left eye, sequela (T26.62XS)45555864;332 patients | 
10.8%~Corrosion of cornea and conjunctival sac, right eye, sequela (T26.61XS)45589660;330 patients | 
10.2%~Burn of unspecified eye and adnexa, part unspecified, sequela (T26.40XS)45580014;261 patients | 
9.6%~Burn of cornea and conjunctival sac, right eye, sequela (T26.11XS)45604166;388 patients | 
5.1%~Burn of right eyelid and periocular area, sequela (T26.01XS)45560612;171 patients | 
4.7%~Burn of left eyelid and periocular area, sequela (T26.02XS)45584800;176 patients | 
4.5%~Burns of other specified parts of right eye and adnexa, sequela (T26.31XS)45604170;59 patients | 
4.5%~Corrosion of cornea and conjunctival sac, unspecified eye, sequela (T26.60XS)45604173;132 patients | 
4.2%~Burn of left eye and adnexa, part unspecified, sequela (T26.42XS)45551086;141 patients | 
4.1%~Burn of right eye and adnexa, part unspecified, sequela (T26.41XS)45541419;152 patients | 
2.7%~Corrosion of left eye and adnexa, part unspecified, sequela (T26.92XS)45551088;105 patients | 
2.6%~Corrosion of right eye and adnexa, part unspecified, sequela (T26.91XS)45546274;96 patients | 
2.4%~Burn of cornea and conjunctival sac, unspecified eye, sequela (T26.10XS)45599342;94 patients | 
2.2%~Corrosion of left eyelid and periocular area, sequela (T26.52XS)45575173;48 patients | 
2.1%~Burns of other specified parts of left eye and adnexa, sequela (T26.32XS)45608933;64 patients | 
2%~Corrosion of right eyelid and periocular area, sequela (T26.51XS)45599349;36 patients | 
1.8%~Corrosion of unspecified eye and adnexa, part unspecified, sequela (T26.90XS)45589663;77 patients | 
1%~Burn of unspecified eyelid and periocular area, sequela (T26.00XS)45536624;40 patients | 
0.9%~Burns of other specified parts of unspecified eye and adnexa, sequela (T26.30XS)45599345;32 patients | 
0.5%~Corrosion of unspecified eyelid and periocular area, sequela (T26.50XS)45584803;21 patients | 
NA | 
NA | 
NA | 
NA | 
NA | 
NA | 
NA | 
NA | 
NA","Burn of cornea and conjunctival sac, left eye, sequela | 
Corrosion of cornea and conjunctival sac, left eye, sequela | 
Corrosion of cornea and conjunctival sac, right eye, sequela | 
Burn of unspecified eye and adnexa, part unspecified, sequela | 
Burn of cornea and conjunctival sac, right eye, sequela | 
Burn of right eyelid and periocular area, sequela | 
Burn of left eyelid and periocular area, sequela | 
Burns of other specified parts of right eye and adnexa, sequela | 
Corrosion of cornea and conjunctival sac, unspecified eye, sequela | 
Burn of left eye and adnexa, part unspecified, sequela | 
Burn of right eye and adnexa, part unspecified, sequela | 
Corrosion of left eye and adnexa, part unspecified, sequela | 
Corrosion of right eye and adnexa, part unspecified, sequela | 
Burn of cornea and conjunctival sac, unspecified eye, sequela | 
Corrosion of left eyelid and periocular area, sequela | 
Burns of other specified parts of left eye and adnexa, sequela | 
Corrosion of right eyelid and periocular area, sequela | 
Corrosion of unspecified eye and adnexa, part unspecified, sequela | 
Burn of unspecified eyelid and periocular area, sequela | 
Burns of other specified parts of unspecified eye and adnexa, sequela | 
Corrosion of unspecified eyelid and periocular area, sequela | 
Burn with resulting rupture and destruction of unspecified eyeball, sequela | 
Corrosion with resulting rupture and destruction of unspecified eyeball, sequela | 
Corrosions of other specified parts of left eye and adnexa, sequela | 
Corrosions of other specified parts of unspecified eye and adnexa, sequela | 
Burn with resulting rupture and destruction of left eyeball, sequela | 
Corrosion with resulting rupture and destruction of left eyeball, sequela | 
Corrosions of other specified parts of right eye and adnexa, sequela | 
Burn with resulting rupture and destruction of right eyeball, sequela | 
Corrosion with resulting rupture and destruction of right eyeball, sequela",0.220850480109739,"21835004"
439017,"Peripheral focal choroiditis AND chorioretinitis",2384,7103,3,"48.3%~Focal chorioretinal inflammation, peripheral, left eye (H30.032)45567022;1107 patients | 
42.1%~Focal chorioretinal inflammation, peripheral, right eye (H30.031)45552648;1070 patients | 
9.6%~Focal chorioretinal inflammation, peripheral, unspecified eye (H30.039)45576709;207 patients","Focal chorioretinal inflammation, peripheral, left eye | 
Focal chorioretinal inflammation, peripheral, right eye | 
Focal chorioretinal inflammation, peripheral, unspecified eye",0.219478737997257,"56787009"
440408,"Meesman's corneal dystrophy",4967,7082,3,"78.1%~Epithelial (juvenile) corneal dystrophy, unspecified eye (H18.529)725334;3820 patients | 
12.3%~Epithelial (juvenile) corneal dystrophy, right eye (H18.521)725331;657 patients | 
9.6%~Epithelial (juvenile) corneal dystrophy, left eye (H18.522)725332;490 patients","Epithelial (juvenile) corneal dystrophy, unspecified eye | 
Epithelial (juvenile) corneal dystrophy, right eye | 
Epithelial (juvenile) corneal dystrophy, left eye",0.218106995884774,"1674008"
4335884,"Sebaceous adenocarcinoma of eyelid",1544,7060,7,"24.2%~Sebaceous cell carcinoma of skin of right upper eyelid, including canthus (C44.1321)1595506;304 patients | 
20.4%~Sebaceous cell carcinoma of skin of left upper eyelid, including canthus (C44.1391)1595509;275 patients | 
19.1%~Sebaceous cell carcinoma of skin of left lower eyelid, including canthus (C44.1392)1595510;393 patients | 
18.8%~Sebaceous cell carcinoma of skin of unspecified eyelid, including canthus (C44.131)1595504;329 patients | 
17.5%~Sebaceous cell carcinoma of skin of right lower eyelid, including canthus (C44.1322)1595507;243 patients | 
NA | 
NA","Sebaceous cell carcinoma of skin of right upper eyelid, including canthus | 
Sebaceous cell carcinoma of skin of left upper eyelid, including canthus | 
Sebaceous cell carcinoma of skin of left lower eyelid, including canthus | 
Sebaceous cell carcinoma of skin of unspecified eyelid, including canthus | 
Sebaceous cell carcinoma of skin of right lower eyelid, including canthus | 
Sebaceous cell carcinoma of skin of right eyelid, including canthus | 
Sebaceous cell carcinoma of skin of left eyelid, including canthus",0.216735253772291,"231833004"
378429,"Rosacea conjunctivitis",3442,6993,3,"80.7%~Rosacea conjunctivitis, unspecified eye (H10.829)1595590;2507 patients | 
11%~Rosacea conjunctivitis, left eye (H10.822)1595588;542 patients | 
8.4%~Rosacea conjunctivitis, right eye (H10.821)1595587;393 patients","Rosacea conjunctivitis, unspecified eye | 
Rosacea conjunctivitis, left eye | 
Rosacea conjunctivitis, right eye",0.215363511659808,"10128002"
4100425,"Merkel cell carcinoma",618,6878,7,"26.7%~Merkel cell carcinoma of right upper eyelid, including canthus (C4A.111)1595487;89 patients | 
24.9%~Merkel cell carcinoma of left upper eyelid, including canthus (C4A.121)1595489;88 patients | 
22.9%~Merkel cell carcinoma of unspecified eyelid, including canthus (C4A.10)45590906;318 patients | 
14.6%~Merkel cell carcinoma of left lower eyelid, including canthus (C4A.122)1595490;60 patients | 
10.8%~Merkel cell carcinoma of right lower eyelid, including canthus (C4A.112)1595488;63 patients | 
NA | 
NA","Merkel cell carcinoma of right upper eyelid, including canthus | 
Merkel cell carcinoma of left upper eyelid, including canthus | 
Merkel cell carcinoma of unspecified eyelid, including canthus | 
Merkel cell carcinoma of left lower eyelid, including canthus | 
Merkel cell carcinoma of right lower eyelid, including canthus | 
Merkel cell carcinoma of left eyelid, including canthus | 
Merkel cell carcinoma of right eyelid, including canthus",0.213991769547325,"253001006"
437872,"Rupture in Descemet's membrane",2667,6865,3,"48.4%~Rupture in Descemet's membrane, right eye (H18.331)45552619;1258 patients | 
45.2%~Rupture in Descemet's membrane, left eye (H18.332)45547830;1181 patients | 
6.4%~Rupture in Descemet's membrane, unspecified eye (H18.339)45596034;228 patients","Rupture in Descemet's membrane, right eye | 
Rupture in Descemet's membrane, left eye | 
Rupture in Descemet's membrane, unspecified eye",0.212620027434842,"42312000"
377869,"Conjunctival deposit",4166,6823,3,"43.2%~Conjunctival deposits, left eye (H11.112)45600852;1800 patients | 
41.6%~Conjunctival deposits, right eye (H11.111)45542962;1728 patients | 
15.2%~Conjunctival deposits, unspecified eye (H11.119)45586369;638 patients","Conjunctival deposits, left eye | 
Conjunctival deposits, right eye | 
Conjunctival deposits, unspecified eye",0.211248285322359,"62660000"
432637,"Scleritis with corneal involvement",1923,6809,3,"44.4%~Scleritis with corneal involvement, right eye (H15.041)45533232;846 patients | 
41%~Scleritis with corneal involvement, left eye (H15.042)45586377;870 patients | 
14.6%~Scleritis with corneal involvement, unspecified eye (H15.049)45600858;207 patients","Scleritis with corneal involvement, right eye | 
Scleritis with corneal involvement, left eye | 
Scleritis with corneal involvement, unspecified eye",0.209876543209877,"42574005"
4109548,"Drug-induced cataract",3203,6674,3,"35.9%~Drug-induced cataract, right eye (H26.31)45562214;1145 patients | 
35.3%~Drug-induced cataract, left eye (H26.32)45596055;1099 patients | 
28.9%~Drug-induced cataract, unspecified eye (H26.30)45552643;959 patients","Drug-induced cataract, right eye | 
Drug-induced cataract, left eye | 
Drug-induced cataract, unspecified eye",0.208504801097394,"193609000"
376688,"Glaukomflecken",1123,6670,1,"100%~Glaucomatous flecks (subcapsular), unspecified eye (H26.239)45600892;1123 patients","Glaucomatous flecks (subcapsular), unspecified eye",0.207133058984911,"67733005"
372917,"Monocular exotropia with A pattern",3454,6561,2,"51.1%~Monocular exotropia with A pattern, left eye (H50.122)45543072;1803 patients | 
48.9%~Monocular exotropia with A pattern, right eye (H50.121)45572006;1651 patients","Monocular exotropia with A pattern, left eye | 
Monocular exotropia with A pattern, right eye",0.205761316872428,"45062007"
376697,"Corneal abscess",3136,6534,3,"46%~Corneal abscess, left eye (H16.312)45562169;1412 patients | 
43.5%~Corneal abscess, right eye (H16.311)45605624;1303 patients | 
10.5%~Corneal abscess, unspecified eye (H16.319)45576677;421 patients","Corneal abscess, left eye | 
Corneal abscess, right eye | 
Corneal abscess, unspecified eye",0.204389574759945,"64366002"
439385,"Corneal hypoesthesia",2114,6507,3,"49%~Anesthesia and hypoesthesia of cornea, left eye (H18.812)45567001;925 patients | 
43.5%~Anesthesia and hypoesthesia of cornea, right eye (H18.811)45562187;948 patients | 
7.5%~Anesthesia and hypoesthesia of cornea, unspecified eye (H18.819)45581615;241 patients","Anesthesia and hypoesthesia of cornea, left eye | 
Anesthesia and hypoesthesia of cornea, right eye | 
Anesthesia and hypoesthesia of cornea, unspecified eye",0.203017832647462,"373433005"
132321,"Xeroderma of eyelid",3072,6345,3,"80.6%~Xeroderma of unspecified eye, unspecified eyelid (H01.149)45581529;2294 patients | 
9.8%~Xeroderma of left eye, unspecified eyelid (H01.146)45600819;367 patients | 
9.6%~Xeroderma of right eye, unspecified eyelid (H01.143)45595975;411 patients","Xeroderma of unspecified eye, unspecified eyelid | 
Xeroderma of left eye, unspecified eyelid | 
Xeroderma of right eye, unspecified eyelid",0.201646090534979,"55846006"
438095,"Overlapping malignant neoplasm of eye and adnexa (primary)",1911,6308,3,"44.3%~Malignant neoplasm of overlapping sites of left eye and adnexa (C69.82)45605285;799 patients | 
37%~Malignant neoplasm of overlapping sites of right eye and adnexa (C69.81)45561826;754 patients | 
18.7%~Malignant neoplasm of overlapping sites of unspecified eye and adnexa (C69.80)45571531;358 patients","Malignant neoplasm of overlapping sites of left eye and adnexa | 
Malignant neoplasm of overlapping sites of right eye and adnexa | 
Malignant neoplasm of overlapping sites of unspecified eye and adnexa",0.198902606310014,"109948008"
373483,"Mycotic corneal ulcer",1494,6030,3,"45.3%~Mycotic corneal ulcer, right eye (H16.061)45600861;597 patients | 
43.8%~Mycotic corneal ulcer, left eye (H16.062)45566974;539 patients | 
10.9%~Mycotic corneal ulcer, unspecified eye (H16.069)45557343;358 patients","Mycotic corneal ulcer, right eye | 
Mycotic corneal ulcer, left eye | 
Mycotic corneal ulcer, unspecified eye",0.197530864197531,"397977001"
372647,"Cyclotropia",2439,5983,2,"51%~Cyclotropia, right eye (H50.411)45557460;1292 patients | 
49%~Cyclotropia, left eye (H50.412)45572009;1147 patients","Cyclotropia, right eye | 
Cyclotropia, left eye",0.196159122085048,"70486007"
434929,"Total internal ophthalmoplegia",3061,5864,3,"46.3%~Internal ophthalmoplegia (complete) (total), right eye (H52.511)45600959;1407 patients | 
32.9%~Internal ophthalmoplegia (complete) (total), left eye (H52.512)45538314;872 patients | 
20.8%~Internal ophthalmoplegia (complete) (total), unspecified eye (H52.519)45586509;782 patients","Internal ophthalmoplegia (complete) (total), right eye | 
Internal ophthalmoplegia (complete) (total), left eye | 
Internal ophthalmoplegia (complete) (total), unspecified eye",0.194787379972565,"86266009"
377563,"Ring corneal ulcer",2950,5767,3,"49.1%~Ring corneal ulcer, left eye (H16.022)45542972;1347 patients | 
45.6%~Ring corneal ulcer, right eye (H16.021)45591270;1383 patients | 
5.3%~Ring corneal ulcer, unspecified eye (H16.029)45591271;220 patients","Ring corneal ulcer, left eye | 
Ring corneal ulcer, right eye | 
Ring corneal ulcer, unspecified eye",0.193415637860082,"111520007"
444068,"Miotic cyst of pupillary margin",3666,5592,3,"48.8%~Miotic pupillary cyst, right eye (H21.271)45562196;1807 patients | 
47.1%~Miotic pupillary cyst, left eye (H21.272)45538237;1736 patients | 
4.2%~Miotic pupillary cyst, unspecified eye (H21.279)45543000;123 patients","Miotic pupillary cyst, right eye | 
Miotic pupillary cyst, left eye | 
Miotic pupillary cyst, unspecified eye",0.192043895747599,"22681004"
434354,"Anterior corneal pigmentation",3179,5583,3,"44.8%~Anterior corneal pigmentations, right eye (H18.011)45576681;1417 patients | 
42.1%~Anterior corneal pigmentations, left eye (H18.012)45562173;1312 patients | 
13.1%~Anterior corneal pigmentations, unspecified eye (H18.019)45566991;450 patients","Anterior corneal pigmentations, right eye | 
Anterior corneal pigmentations, left eye | 
Anterior corneal pigmentations, unspecified eye",0.189300411522634,"18377001"
443875,"Monocular exotropia with noncommitance other than A OR V pattern",2432,5516,2,"52.5%~Monocular exotropia with other noncomitancies, left eye (H50.142)45581698;1262 patients | 
47.5%~Monocular exotropia with other noncomitancies, right eye (H50.141)45543073;1170 patients","Monocular exotropia with other noncomitancies, left eye | 
Monocular exotropia with other noncomitancies, right eye",0.187928669410151,"13762005"
201461,"Disorder affecting transplanted structure",1493,5464,10,"40%~Corneal transplant rejection, unspecified eye (T86.8409)725613;504 patients | 
15.3%~Other complications of corneal transplant, right eye (T86.8481)725622;276 patients | 
15.2%~Other complications of corneal transplant, left eye (T86.8482)725623;277 patients | 
10.7%~Other complications of corneal transplant, unspecified eye (T86.8489)725625;186 patients | 
5.4%~Corneal transplant infection, left eye (T86.8422)725619;52 patients | 
4.8%~Corneal transplant infection, right eye (T86.8421)725618;39 patients | 
2.8%~Unspecified complication of corneal transplant, right eye (T86.8491)725626;59 patients | 
2.5%~Unspecified complication of corneal transplant, left eye (T86.8492)725627;56 patients | 
1.9%~Corneal transplant infection, unspecified eye (T86.8429)725621;21 patients | 
1.3%~Unspecified complication of corneal transplant, unspecified eye (T86.8499)725629;23 patients","Corneal transplant rejection, unspecified eye | 
Other complications of corneal transplant, right eye | 
Other complications of corneal transplant, left eye | 
Other complications of corneal transplant, unspecified eye | 
Corneal transplant infection, left eye | 
Corneal transplant infection, right eye | 
Unspecified complication of corneal transplant, right eye | 
Unspecified complication of corneal transplant, left eye | 
Corneal transplant infection, unspecified eye | 
Unspecified complication of corneal transplant, unspecified eye",0.185185185185185,"429490004"
42537744,"Transplanted cornea present",1493,5464,10,"40%~Corneal transplant rejection, unspecified eye (T86.8409)725613;504 patients | 
15.3%~Other complications of corneal transplant, right eye (T86.8481)725622;276 patients | 
15.2%~Other complications of corneal transplant, left eye (T86.8482)725623;277 patients | 
10.7%~Other complications of corneal transplant, unspecified eye (T86.8489)725625;186 patients | 
5.4%~Corneal transplant infection, left eye (T86.8422)725619;52 patients | 
4.8%~Corneal transplant infection, right eye (T86.8421)725618;39 patients | 
2.8%~Unspecified complication of corneal transplant, right eye (T86.8491)725626;59 patients | 
2.5%~Unspecified complication of corneal transplant, left eye (T86.8492)725627;56 patients | 
1.9%~Corneal transplant infection, unspecified eye (T86.8429)725621;21 patients | 
1.3%~Unspecified complication of corneal transplant, unspecified eye (T86.8499)725629;23 patients","Corneal transplant rejection, unspecified eye | 
Other complications of corneal transplant, right eye | 
Other complications of corneal transplant, left eye | 
Other complications of corneal transplant, unspecified eye | 
Corneal transplant infection, left eye | 
Corneal transplant infection, right eye | 
Unspecified complication of corneal transplant, right eye | 
Unspecified complication of corneal transplant, left eye | 
Corneal transplant infection, unspecified eye | 
Unspecified complication of corneal transplant, unspecified eye",0.185185185185185,"737299009"
432625,"Expulsive choroidal hemorrhage",2394,5330,3,"52.4%~Expulsive choroidal hemorrhage, right eye (H31.311)45557392;1371 patients | 
42.6%~Expulsive choroidal hemorrhage, left eye (H31.312)45543020;830 patients | 
5%~Expulsive choroidal hemorrhage, unspecified eye (H31.319)45581642;193 patients","Expulsive choroidal hemorrhage, right eye | 
Expulsive choroidal hemorrhage, left eye | 
Expulsive choroidal hemorrhage, unspecified eye",0.182441700960219,"11623000"
374945,"Adherent leukoma",2764,5152,3,"45.5%~Adherent leukoma, right eye (H17.01)45586396;1239 patients | 
43%~Adherent leukoma, left eye (H17.02)45586397;1156 patients | 
11.5%~Adherent leukoma, unspecified eye (H17.00)45533250;369 patients","Adherent leukoma, right eye | 
Adherent leukoma, left eye | 
Adherent leukoma, unspecified eye",0.179698216735254,"30337003"
4109410,"Disseminated posterior pole chorioretinitis",1454,5118,3,"49.2%~Disseminated chorioretinal inflammation of posterior pole, right eye (H30.111)45562217;683 patients | 
44.4%~Disseminated chorioretinal inflammation of posterior pole, left eye (H30.112)45562218;640 patients | 
6.4%~Disseminated chorioretinal inflammation of posterior pole, unspecified eye (H30.119)45533287;131 patients","Disseminated chorioretinal inflammation of posterior pole, right eye | 
Disseminated chorioretinal inflammation of posterior pole, left eye | 
Disseminated chorioretinal inflammation of posterior pole, unspecified eye",0.178326474622771,"193442009"
442184,"Monocular esotropia with noncommitance other than A OR V pattern",2446,5041,2,"53%~Monocular esotropia with other noncomitancies, left eye (H50.042)45557457;1313 patients | 
47%~Monocular esotropia with other noncomitancies, right eye (H50.041)45600953;1133 patients","Monocular esotropia with other noncomitancies, left eye | 
Monocular esotropia with other noncomitancies, right eye",0.175582990397805,"80899006"
4102047,"Juxtapapillary focal chorioretinitis",2143,4953,3,"45.8%~Focal chorioretinal inflammation, juxtapapillary, right eye (H30.011)45586431;1014 patients | 
41.6%~Focal chorioretinal inflammation, juxtapapillary, left eye (H30.012)45571933;828 patients | 
12.6%~Focal chorioretinal inflammation, juxtapapillary, unspecified eye (H30.019)45576708;301 patients","Focal chorioretinal inflammation, juxtapapillary, right eye | 
Focal chorioretinal inflammation, juxtapapillary, left eye | 
Focal chorioretinal inflammation, juxtapapillary, unspecified eye",0.174211248285322,"193436005"
438412,"Foreign body in anterior chamber",2689,4766,3,"50.7%~Retained (nonmagnetic) (old) foreign body in anterior chamber, right eye (H44.711)45533336;1338 patients | 
42.1%~Retained (nonmagnetic) (old) foreign body in anterior chamber, left eye (H44.712)45571991;1128 patients | 
7.2%~Retained (nonmagnetic) (old) foreign body in anterior chamber, unspecified eye (H44.719)45547907;223 patients","Retained (nonmagnetic) (old) foreign body in anterior chamber, right eye | 
Retained (nonmagnetic) (old) foreign body in anterior chamber, left eye | 
Retained (nonmagnetic) (old) foreign body in anterior chamber, unspecified eye",0.17283950617284,"231959000"
376418,"Mechanical entropion",2795,4736,3,"37.6%~Mechanical entropion of unspecified eye, unspecified eyelid (H02.029)45600820;1132 patients | 
36%~Mechanical entropion of right eye, unspecified eyelid (H02.023)45581532;1035 patients | 
26.3%~Mechanical entropion of left eye, unspecified eyelid (H02.026)45576624;628 patients","Mechanical entropion of unspecified eye, unspecified eyelid | 
Mechanical entropion of right eye, unspecified eyelid | 
Mechanical entropion of left eye, unspecified eyelid",0.171467764060357,"38683003"
440119,"Intermittent exophthalmos",2267,4666,3,"44.8%~Intermittent exophthalmos, left eye (H05.252)45586360;1038 patients | 
38.2%~Intermittent exophthalmos, right eye (H05.251)45581563;896 patients | 
17%~Intermittent exophthalmos, unspecified eye (H05.259)45542955;333 patients","Intermittent exophthalmos, left eye | 
Intermittent exophthalmos, right eye | 
Intermittent exophthalmos, unspecified eye",0.170096021947874,"49774006"
4308716,"Intraoperative hemorrhage",1666,4624,8,"28.7%~Intraoperative hemorrhage and hematoma of right eye and adnexa complicating an ophthalmic procedure (H59.111)45552727;433 patients | 
24.9%~Intraoperative hemorrhage and hematoma of left eye and adnexa complicating an ophthalmic procedure (H59.112)45572022;351 patients | 
13.8%~Intraoperative hemorrhage and hematoma of left eye and adnexa complicating other procedure (H59.122)45600975;201 patients | 
12.4%~Intraoperative hemorrhage and hematoma of unspecified eye and adnexa complicating an ophthalmic procedure (H59.119)45567106;324 patients | 
9.8%~Intraoperative hemorrhage and hematoma of right eye and adnexa complicating other procedure (H59.121)45600974;176 patients | 
4.8%~Intraoperative hemorrhage and hematoma of eye and adnexa complicating an ophthalmic procedure, bilateral (H59.113)45543093;91 patients | 
3.3%~Intraoperative hemorrhage and hematoma of unspecified eye and adnexa complicating other procedure (H59.129)45562296;59 patients | 
2.2%~Intraoperative hemorrhage and hematoma of eye and adnexa complicating other procedure, bilateral (H59.123)45557480;31 patients","Intraoperative hemorrhage and hematoma of right eye and adnexa complicating an ophthalmic procedure | 
Intraoperative hemorrhage and hematoma of left eye and adnexa complicating an ophthalmic procedure | 
Intraoperative hemorrhage and hematoma of left eye and adnexa complicating other procedure | 
Intraoperative hemorrhage and hematoma of unspecified eye and adnexa complicating an ophthalmic procedure | 
Intraoperative hemorrhage and hematoma of right eye and adnexa complicating other procedure | 
Intraoperative hemorrhage and hematoma of eye and adnexa complicating an ophthalmic procedure, bilateral | 
Intraoperative hemorrhage and hematoma of unspecified eye and adnexa complicating other procedure | 
Intraoperative hemorrhage and hematoma of eye and adnexa complicating other procedure, bilateral",0.168724279835391,"213261000"
375807,"Degenerative disorder of eye",936,4588,3,"73.9%~Other degenerative disorders of globe, unspecified eye (H44.399)45547906;226 patients | 
14.1%~Other degenerative disorders of globe, right eye (H44.391)45576767;351 patients | 
12%~Other degenerative disorders of globe, left eye (H44.392)45596105;359 patients","Other degenerative disorders of globe, unspecified eye | 
Other degenerative disorders of globe, right eye | 
Other degenerative disorders of globe, left eye",0.167352537722908,"62585004"
380412,"Total ophthalmoplegia",1949,4497,3,"47.1%~Total (external) ophthalmoplegia, unspecified eye (H49.30)45596121;822 patients | 
27.2%~Total (external) ophthalmoplegia, left eye (H49.32)45567087;611 patients | 
25.7%~Total (external) ophthalmoplegia, right eye (H49.31)45572003;516 patients","Total (external) ophthalmoplegia, unspecified eye | 
Total (external) ophthalmoplegia, left eye | 
Total (external) ophthalmoplegia, right eye",0.164609053497942,"78097002"
37016356,"Mild nonproliferative retinopathy due to secondary diabetes mellitus",833,4469,6,"55.9%~Drug or chemical induced diabetes mellitus with mild nonproliferative diabetic retinopathy with macular edema, unspecified eye (E09.3219)37200087;333 patients | 
14.6%~Drug or chemical induced diabetes mellitus with mild nonproliferative diabetic retinopathy with macular edema, right eye (E09.3211)37200084;133 patients | 
11.1%~Drug or chemical induced diabetes mellitus with mild nonproliferative diabetic retinopathy without macular edema, unspecified eye (E09.3299)37200091;128 patients | 
7.1%~Drug or chemical induced diabetes mellitus with mild nonproliferative diabetic retinopathy without macular edema, right eye (E09.3291)37200088;91 patients | 
6.7%~Drug or chemical induced diabetes mellitus with mild nonproliferative diabetic retinopathy with macular edema, left eye (E09.3212)37200085;75 patients | 
4.7%~Drug or chemical induced diabetes mellitus with mild nonproliferative diabetic retinopathy without macular edema, left eye (E09.3292)37200089;73 patients","Drug or chemical induced diabetes mellitus with mild nonproliferative diabetic retinopathy with macular edema, unspecified eye | 
Drug or chemical induced diabetes mellitus with mild nonproliferative diabetic retinopathy with macular edema, right eye | 
Drug or chemical induced diabetes mellitus with mild nonproliferative diabetic retinopathy without macular edema, unspecified eye | 
Drug or chemical induced diabetes mellitus with mild nonproliferative diabetic retinopathy without macular edema, right eye | 
Drug or chemical induced diabetes mellitus with mild nonproliferative diabetic retinopathy with macular edema, left eye | 
Drug or chemical induced diabetes mellitus with mild nonproliferative diabetic retinopathy without macular edema, left eye",0.161865569272977,"368711000119106"
4338901,"Traction detachment of retina due to diabetes mellitus",994,4407,9,"31.3%~Diabetes mellitus due to underlying condition with proliferative diabetic retinopathy with traction retinal detachment not involving the macula, left eye (E08.3532)37200062;284 patients | 
30.7%~Diabetes mellitus due to underlying condition with proliferative diabetic retinopathy with traction retinal detachment not involving the macula, right eye (E08.3531)37200061;280 patients | 
11.2%~Diabetes mellitus due to underlying condition with proliferative diabetic retinopathy with traction retinal detachment not involving the macula, unspecified eye (E08.3539)37200064;77 patients | 
10.2%~Other specified diabetes mellitus with proliferative diabetic retinopathy with traction retinal detachment not involving the macula, right eye (E13.3531)37200289;130 patients | 
7.7%~Other specified diabetes mellitus with proliferative diabetic retinopathy with traction retinal detachment not involving the macula, left eye (E13.3532)37200290;135 patients | 
4.6%~Drug or chemical induced diabetes mellitus with proliferative diabetic retinopathy with traction retinal detachment not involving the macula, right eye (E09.3531)37200118;30 patients | 
3%~Other specified diabetes mellitus with proliferative diabetic retinopathy with traction retinal detachment not involving the macula, unspecified eye (E13.3539)37200292;41 patients | 
1.3%~Drug or chemical induced diabetes mellitus with proliferative diabetic retinopathy with traction retinal detachment not involving the macula, left eye (E09.3532)37200119;17 patients | 
NA","Diabetes mellitus due to underlying condition with proliferative diabetic retinopathy with traction retinal detachment not involving the macula, left eye | 
Diabetes mellitus due to underlying condition with proliferative diabetic retinopathy with traction retinal detachment not involving the macula, right eye | 
Diabetes mellitus due to underlying condition with proliferative diabetic retinopathy with traction retinal detachment not involving the macula, unspecified eye | 
Other specified diabetes mellitus with proliferative diabetic retinopathy with traction retinal detachment not involving the macula, right eye | 
Other specified diabetes mellitus with proliferative diabetic retinopathy with traction retinal detachment not involving the macula, left eye | 
Drug or chemical induced diabetes mellitus with proliferative diabetic retinopathy with traction retinal detachment not involving the macula, right eye | 
Other specified diabetes mellitus with proliferative diabetic retinopathy with traction retinal detachment not involving the macula, unspecified eye | 
Drug or chemical induced diabetes mellitus with proliferative diabetic retinopathy with traction retinal detachment not involving the macula, left eye | 
Drug or chemical induced diabetes mellitus with proliferative diabetic retinopathy with traction retinal detachment not involving the macula, unspecified eye",0.160493827160494,"232023006"
4135964,"Retained nonmagnetic intraocular foreign body",3390,4375,2,"89.6%~Unspecified retained (old) intraocular foreign body, nonmagnetic, unspecified eye (H44.709)45596111;3132 patients | 
10.4%~Retained (old) intraocular foreign body, nonmagnetic, in other or multiple sites, unspecified eye (H44.799)45591372;258 patients","Unspecified retained (old) intraocular foreign body, nonmagnetic, unspecified eye | 
Retained (old) intraocular foreign body, nonmagnetic, in other or multiple sites, unspecified eye",0.159122085048011,"31550006"
4081488,"Vascularization of cornea",2150,4336,1,"100%~Unspecified corneal neovascularization, unspecified eye (H16.409)45605626;2150 patients","Unspecified corneal neovascularization, unspecified eye",0.157750342935528,"246925003"
4296491,"Ligneous conjunctivitis",3103,4323,3,"45.2%~Ligneous conjunctivitis, left eye (H10.512)45591252;1399 patients | 
43.5%~Ligneous conjunctivitis, right eye (H10.511)45591251;1320 patients | 
11.2%~Ligneous conjunctivitis, unspecified eye (H10.519)45562158;384 patients","Ligneous conjunctivitis, left eye | 
Ligneous conjunctivitis, right eye | 
Ligneous conjunctivitis, unspecified eye",0.156378600823045,"403435005"
377564,"Pseudopterygium",1959,4154,3,"48.8%~Pseudopterygium of conjunctiva, right eye (H11.811)45586375;944 patients | 
44.9%~Pseudopterygium of conjunctiva, left eye (H11.812)45591261;842 patients | 
6.3%~Pseudopterygium of conjunctiva, unspecified eye (H11.819)45547815;173 patients","Pseudopterygium of conjunctiva, right eye | 
Pseudopterygium of conjunctiva, left eye | 
Pseudopterygium of conjunctiva, unspecified eye",0.15363511659808,"66139007"
374270,"Tuberculosis of eye",943,4087,1,"100%~Tuberculosis of eye, unspecified (A18.50)45595579;943 patients","Tuberculosis of eye, unspecified",0.152263374485597,"49107007"
376423,"Spastic ectropion",1217,4050,3,"70.2%~Spastic ectropion of unspecified eye, unspecified eyelid (H02.149)45591223;384 patients | 
19.9%~Spastic ectropion of right eye, unspecified eyelid (H02.143)45600825;581 patients | 
9.9%~Spastic ectropion of left eye, unspecified eyelid (H02.146)45552565;252 patients","Spastic ectropion of unspecified eye, unspecified eyelid | 
Spastic ectropion of right eye, unspecified eyelid | 
Spastic ectropion of left eye, unspecified eyelid",0.150891632373114,"80846000"
45763787,"Spastic entropion of upper eyelid",2165,3866,2,"64.3%~Spastic entropion of right upper eyelid (H02.041)45591219;1422 patients | 
35.7%~Spastic entropion of left upper eyelid (H02.044)45586336;743 patients","Spastic entropion of right upper eyelid | 
Spastic entropion of left upper eyelid",0.149519890260631,"700299005"
4184281,"Degenerative changes of anterior chamber angle",1568,3790,3,"38%~Degeneration of chamber angle, right eye (H21.211)45542997;830 patients | 
34%~Degeneration of chamber angle, unspecified eye (H21.219)45591290;97 patients | 
28%~Degeneration of chamber angle, left eye (H21.212)45567008;641 patients","Degeneration of chamber angle, right eye | 
Degeneration of chamber angle, unspecified eye | 
Degeneration of chamber angle, left eye",0.146776406035665,"5425007"
376694,"Stromal corneal pigmentation",2111,3713,3,"45%~Stromal corneal pigmentations, left eye (H18.062)45600874;896 patients | 
40.5%~Stromal corneal pigmentations, right eye (H18.061)45533255;837 patients | 
14.6%~Stromal corneal pigmentations, unspecified eye (H18.069)45566994;378 patients","Stromal corneal pigmentations, left eye | 
Stromal corneal pigmentations, right eye | 
Stromal corneal pigmentations, unspecified eye",0.1440329218107,"55031000"
1077068,"Left glaukomflecken",602,3641,1,"100%~Glaucomatous flecks (subcapsular), left eye (H26.232)45576704;602 patients","Glaucomatous flecks (subcapsular), left eye",0.142661179698217,"337561000119109"
435271,"Mooren's ulcer",921,3452,3,"46.1%~Mooren's corneal ulcer, left eye (H16.052)45576672;395 patients | 
42.5%~Mooren's corneal ulcer, right eye (H16.051)45562166;404 patients | 
11.4%~Mooren's corneal ulcer, unspecified eye (H16.059)45605620;122 patients","Mooren's corneal ulcer, left eye | 
Mooren's corneal ulcer, right eye | 
Mooren's corneal ulcer, unspecified eye",0.139917695473251,"22440001"
373464,"Vitreous abscess",1535,3427,3,"49.1%~Vitreous abscess (chronic), left eye (H44.022)45567069;824 patients | 
41.6%~Vitreous abscess (chronic), right eye (H44.021)45547903;530 patients | 
9.3%~Vitreous abscess (chronic), unspecified eye (H44.029)45576759;181 patients","Vitreous abscess (chronic), left eye | 
Vitreous abscess (chronic), right eye | 
Vitreous abscess (chronic), unspecified eye",0.138545953360768,"48142003"
436805,"Congenital anomaly of anterior segment of eye",1588,3420,1,"100%~Congenital malformation of anterior segment of eye, unspecified (Q13.9)35210756;1588 patients","Congenital malformation of anterior segment of eye, unspecified",0.137174211248285,"429448005"
443519,"Retinopathy of prematurity stage 4 - subtotal retinal detachment",1122,3414,3,"36.8%~Retinopathy of prematurity, stage 4, right eye (H35.151)45576734;464 patients | 
32.7%~Retinopathy of prematurity, stage 4, left eye (H35.152)45567042;380 patients | 
30.4%~Retinopathy of prematurity, stage 4, unspecified eye (H35.159)45543030;278 patients","Retinopathy of prematurity, stage 4, right eye | 
Retinopathy of prematurity, stage 4, left eye | 
Retinopathy of prematurity, stage 4, unspecified eye",0.13443072702332,"408850009"
377874,"Corneal deposit associated with metabolic disorder",1971,3260,3,"80%~Corneal deposits in metabolic disorders, unspecified eye (H18.039)45533253;1578 patients | 
11.5%~Corneal deposits in metabolic disorders, right eye (H18.031)45566992;242 patients | 
8.5%~Corneal deposits in metabolic disorders, left eye (H18.032)45591279;151 patients","Corneal deposits in metabolic disorders, unspecified eye | 
Corneal deposits in metabolic disorders, right eye | 
Corneal deposits in metabolic disorders, left eye",0.133058984910837,"43521007"
45757704,"Cyst of ora serrata of retina",1805,3019,3,"55.1%~Cyst of ora serrata, right eye (H33.111)45552662;1044 patients | 
39.6%~Cyst of ora serrata, left eye (H33.112)45567032;662 patients | 
5.3%~Cyst of ora serrata, unspecified eye (H33.119)45576723;99 patients","Cyst of ora serrata, right eye | 
Cyst of ora serrata, left eye | 
Cyst of ora serrata, unspecified eye",0.130315500685871,"336851000119106"
441856,"Degeneration of pupillary margin",1253,2923,3,"47.9%~Degeneration of pupillary margin, right eye (H21.241)45538236;593 patients | 
41.7%~Degeneration of pupillary margin, left eye (H21.242)45586414;554 patients | 
10.4%~Degeneration of pupillary margin, unspecified eye (H21.249)45571915;106 patients","Degeneration of pupillary margin, right eye | 
Degeneration of pupillary margin, left eye | 
Degeneration of pupillary margin, unspecified eye",0.128943758573388,"25859000"
380101,"Partially resolved traumatic cataract",1532,2919,3,"43.4%~Partially resolved traumatic cataract, right eye (H26.121)45596053;709 patients | 
43.2%~Partially resolved traumatic cataract, left eye (H26.122)45562212;703 patients | 
13.4%~Partially resolved traumatic cataract, unspecified eye (H26.129)45543008;120 patients","Partially resolved traumatic cataract, right eye | 
Partially resolved traumatic cataract, left eye | 
Partially resolved traumatic cataract, unspecified eye",0.127572016460905,"193598007"
45763789,"Hypertrichosis of upper eyelid",1631,2831,2,"57.5%~Hypertrichosis of right upper eyelid (H02.861)45605589;890 patients | 
42.5%~Hypertrichosis of left upper eyelid (H02.864)45566936;741 patients","Hypertrichosis of right upper eyelid | 
Hypertrichosis of left upper eyelid",0.126200274348422,"700301003"
45763767,"Hypertrichosis of lower eyelid",1358,2810,2,"50.9%~Hypertrichosis of right lower eyelid (H02.862)45605590;669 patients | 
49.1%~Hypertrichosis of left lower eyelid (H02.865)45542947;689 patients","Hypertrichosis of right lower eyelid | 
Hypertrichosis of left lower eyelid",0.12482853223594,"700271001"
435808,"Diffuse secondary choroid atrophy",1245,2798,3,"45.7%~Diffuse secondary atrophy of choroid, right eye (H31.121)45571942;530 patients | 
45%~Diffuse secondary atrophy of choroid, left eye (H31.122)45547850;567 patients | 
9.3%~Diffuse secondary atrophy of choroid, unspecified eye (H31.129)45547851;148 patients","Diffuse secondary atrophy of choroid, right eye | 
Diffuse secondary atrophy of choroid, left eye | 
Diffuse secondary atrophy of choroid, unspecified eye",0.123456790123457,"193463006"
4149689,"Traumatic blister of eyelids and periocular area",1877,2749,9,"41.6%~Blister (nonthermal) of left eyelid and periocular area, initial encounter (S00.222A)45573051;800 patients | 
40.5%~Blister (nonthermal) of right eyelid and periocular area, initial encounter (S00.221A)45568164;777 patients | 
8%~Blister (nonthermal) of unspecified eyelid and periocular area, initial encounter (S00.229A)45539374;145 patients | 
4.5%~Blister (nonthermal) of right eyelid and periocular area, subsequent encounter (S00.221D)45606838;69 patients | 
4.2%~Blister (nonthermal) of left eyelid and periocular area, subsequent encounter (S00.222D)45544175;74 patients | 
1.2%~Blister (nonthermal) of unspecified eyelid and periocular area, subsequent encounter (S00.229D)45602049;12 patients | 
NA | 
NA | 
NA","Blister (nonthermal) of left eyelid and periocular area, initial encounter | 
Blister (nonthermal) of right eyelid and periocular area, initial encounter | 
Blister (nonthermal) of unspecified eyelid and periocular area, initial encounter | 
Blister (nonthermal) of right eyelid and periocular area, subsequent encounter | 
Blister (nonthermal) of left eyelid and periocular area, subsequent encounter | 
Blister (nonthermal) of unspecified eyelid and periocular area, subsequent encounter | 
Blister (nonthermal) of unspecified eyelid and periocular area | 
Blister (nonthermal) of left eyelid and periocular area | 
Blister (nonthermal) of right eyelid and periocular area",0.122085048010974,"269210000"
4104213,"Disseminated peripheral chorioretinitis",793,2552,3,"48%~Disseminated chorioretinal inflammation, peripheral, left eye (H30.122)45533288;379 patients | 
46.8%~Disseminated chorioretinal inflammation, peripheral right eye (H30.121)45581635;348 patients | 
5.1%~Disseminated chorioretinal inflammation, peripheral, unspecified eye (H30.129)45596058;66 patients","Disseminated chorioretinal inflammation, peripheral, left eye | 
Disseminated chorioretinal inflammation, peripheral right eye | 
Disseminated chorioretinal inflammation, peripheral, unspecified eye",0.119341563786008,"193443004"
374283,"Gonococcal infection of eye",997,2510,1,"100%~Gonococcal infection of eye, unspecified (A54.30)45566513;997 patients","Gonococcal infection of eye, unspecified",0.117969821673525,"35876006"
381552,"Retained magnetic intraocular foreign body",1897,2499,2,"74.7%~Unspecified retained (old) intraocular foreign body, magnetic, unspecified eye (H44.609)45552708;1350 patients | 
25.3%~Retained (old) intraocular foreign body, magnetic, in other or multiple sites, unspecified eye (H44.699)45538297;547 patients","Unspecified retained (old) intraocular foreign body, magnetic, unspecified eye | 
Retained (old) intraocular foreign body, magnetic, in other or multiple sites, unspecified eye",0.116598079561043,"3426005"
4306301,"Implantation cyst of anterior chamber of eye",766,2329,3,"39.6%~Implantation cysts of iris, ciliary body or anterior chamber, right eye (H21.321)45591291;333 patients | 
39.2%~Implantation cysts of iris, ciliary body or anterior chamber, left eye (H21.322)45533274;251 patients | 
21.2%~Implantation cysts of iris, ciliary body or anterior chamber, unspecified eye (H21.329)45562199;182 patients","Implantation cysts of iris, ciliary body or anterior chamber, right eye | 
Implantation cysts of iris, ciliary body or anterior chamber, left eye | 
Implantation cysts of iris, ciliary body or anterior chamber, unspecified eye",0.11522633744856,"83162009"
374352,"Elephantiasis of eyelid",792,2271,3,"71.9%~Elephantiasis of unspecified eye, unspecified eyelid (H02.859)45566935;438 patients | 
15.7%~Elephantiasis of right eye, unspecified eyelid (H02.853)45562135;205 patients | 
12.4%~Elephantiasis of left eye, unspecified eyelid (H02.856)45581547;149 patients","Elephantiasis of unspecified eye, unspecified eyelid | 
Elephantiasis of right eye, unspecified eyelid | 
Elephantiasis of left eye, unspecified eyelid",0.113854595336077,"14100003"
37168130,"Multiple lesions of retina without detachment",1312,2270,1,"100%~Multiple defects of retina without detachment, unspecified eye (H33.339)45591318;1312 patients","Multiple defects of retina without detachment, unspecified eye",0.112482853223594,"1275617007"
433776,"Folds AND/OR rupture of Bowman's membrane",1153,2108,3,"46.2%~Folds and rupture in Bowman's membrane, right eye (H18.311)45581611;560 patients | 
42.4%~Folds and rupture in Bowman's membrane, left eye (H18.312)45552617;479 patients | 
11.4%~Folds and rupture in Bowman's membrane, unspecified eye (H18.319)45566996;114 patients","Folds and rupture in Bowman's membrane, right eye | 
Folds and rupture in Bowman's membrane, left eye | 
Folds and rupture in Bowman's membrane, unspecified eye",0.111111111111111,"45382000"
444400,"Luxation of eye",999,2066,3,"45.6%~Luxation of globe, left eye (H44.822)45586483;458 patients | 
41%~Luxation of globe, right eye (H44.821)45596113;376 patients | 
13.3%~Luxation of globe, unspecified eye (H44.829)45562258;165 patients","Luxation of globe, left eye | 
Luxation of globe, right eye | 
Luxation of globe, unspecified eye",0.109739368998628,"20842008"
441012,"Primary cyst of pars plana",978,2026,3,"46.5%~Primary cyst of pars plana, left eye (H21.342)45576695;455 patients | 
45%~Primary cyst of pars plana, right eye (H21.341)45547837;416 patients | 
8.5%~Primary cyst of pars plana, unspecified eye (H21.349)45571918;107 patients","Primary cyst of pars plana, left eye | 
Primary cyst of pars plana, right eye | 
Primary cyst of pars plana, unspecified eye",0.108367626886145,"47269005"
432920,"Localized anterior staphyloma",1005,1944,3,"47.9%~Localized anterior staphyloma, right eye (H15.821)45591268;451 patients | 
45.5%~Localized anterior staphyloma, left eye (H15.822)45596023;470 patients | 
6.6%~Localized anterior staphyloma, unspecified eye (H15.829)45547818;84 patients","Localized anterior staphyloma, right eye | 
Localized anterior staphyloma, left eye | 
Localized anterior staphyloma, unspecified eye",0.106995884773663,"21946002"
375545,"Cataract",955,1922,1,"100%~Cataract with neovascularization, unspecified eye (H26.219)45600891;955 patients","Cataract with neovascularization, unspecified eye",0.10562414266118,"193570009"
380724,"Corneal ghost vessels",1260,1916,3,"53.4%~Ghost vessels (corneal), left eye (H16.412)45600871;678 patients | 
37.2%~Ghost vessels (corneal), right eye (H16.411)45586393;458 patients | 
9.4%~Ghost vessels (corneal), unspecified eye (H16.419)45586394;124 patients","Ghost vessels (corneal), left eye | 
Ghost vessels (corneal), right eye | 
Ghost vessels (corneal), unspecified eye",0.104252400548697,"373431007"
373476,"Keratomalacia",539,1901,3,"46.5%~Keratomalacia, right eye (H18.441)45562180;220 patients | 
46.5%~Keratomalacia, left eye (H18.442)45596035;255 patients | 
7%~Keratomalacia, unspecified eye (H18.449)45576682;64 patients","Keratomalacia, right eye | 
Keratomalacia, left eye | 
Keratomalacia, unspecified eye",0.102880658436214,"85149007"
45763830,"Spastic ectropion of upper eyelid",1056,1894,2,"54.7%~Spastic ectropion of right upper eyelid (H02.141)45581534;600 patients | 
45.3%~Spastic ectropion of left upper eyelid (H02.144)45566920;456 patients","Spastic ectropion of right upper eyelid | 
Spastic ectropion of left upper eyelid",0.101508916323731,"700347006"
1077026,"Right glaukomflecken",709,1892,1,"100%~Glaucomatous flecks (subcapsular), right eye (H26.231)45591304;709 patients","Glaucomatous flecks (subcapsular), right eye",0.100137174211248,"331941000119109"
45763818,"Discoid lupus erythematosus of upper eyelid",1209,1831,2,"72.4%~Discoid lupus erythematosus of right upper eyelid (H01.121)45591216;907 patients | 
27.6%~Discoid lupus erythematosus of left upper eyelid (H01.124)45595973;302 patients","Discoid lupus erythematosus of right upper eyelid | 
Discoid lupus erythematosus of left upper eyelid",0.0987654320987654,"700334001"
444254,"Equatorial staphyloma",690,1712,3,"51.8%~Equatorial staphyloma, unspecified eye (H15.819)45557336;245 patients | 
30.4%~Equatorial staphyloma, right eye (H15.811)45552602;259 patients | 
17.8%~Equatorial staphyloma, left eye (H15.812)45533238;186 patients","Equatorial staphyloma, unspecified eye | 
Equatorial staphyloma, right eye | 
Equatorial staphyloma, left eye",0.0973936899862826,"82146006"
373497,"Foster-Kennedy syndrome",499,1676,3,"71.4%~Foster-Kennedy syndrome, unspecified eye (H47.149)45547916;260 patients | 
15.6%~Foster-Kennedy syndrome, left eye (H47.142)45576778;124 patients | 
13.1%~Foster-Kennedy syndrome, right eye (H47.141)45547914;115 patients","Foster-Kennedy syndrome, unspecified eye | 
Foster-Kennedy syndrome, left eye | 
Foster-Kennedy syndrome, right eye",0.0960219478737997,"87764000"
434814,"Late effect of medical and surgical care complication",702,1559,6,"23.7%~Other mechanical complication of prosthetic orbit of right eye, sequela (T85.390S)45556294;143 patients | 
23.5%~Other mechanical complication of prosthetic orbit of left eye, sequela (T85.391S)45537075;171 patients | 
14.7%~Displacement of prosthetic orbit of left eye, sequela (T85.321S)45546755;111 patients | 
14.2%~Breakdown (mechanical) of prosthetic orbit of right eye, sequela (T85.310S)45594957;93 patients | 
13.7%~Displacement of prosthetic orbit of right eye, sequela (T85.320S)45604578;101 patients | 
10.2%~Breakdown (mechanical) of prosthetic orbit of left eye, sequela (T85.311S)45537073;83 patients","Other mechanical complication of prosthetic orbit of right eye, sequela | 
Other mechanical complication of prosthetic orbit of left eye, sequela | 
Displacement of prosthetic orbit of left eye, sequela | 
Breakdown (mechanical) of prosthetic orbit of right eye, sequela | 
Displacement of prosthetic orbit of right eye, sequela | 
Breakdown (mechanical) of prosthetic orbit of left eye, sequela",0.0946502057613169,"269191009"
372642,"Corneal staphyloma",745,1503,3,"49.6%~Corneal staphyloma, right eye (H18.721)45562184;332 patients | 
38.4%~Corneal staphyloma, left eye (H18.722)45552627;336 patients | 
12%~Corneal staphyloma, unspecified eye (H18.729)45600878;77 patients","Corneal staphyloma, right eye | 
Corneal staphyloma, left eye | 
Corneal staphyloma, unspecified eye",0.093278463648834,"52476003"
4151240,"Transplanted organ failure",509,1457,1,"100%~Corneal transplant failure, unspecified eye (T86.8419)725617;509 patients","Corneal transplant failure, unspecified eye",0.0905349794238683,"269295009"
440715,"Parasitic endophthalmitis",624,1347,3,"44.2%~Parasitic endophthalmitis, unspecified, left eye (H44.122)45547905;284 patients | 
35.2%~Parasitic endophthalmitis, unspecified, right eye (H44.121)45586474;221 patients | 
20.6%~Parasitic endophthalmitis, unspecified, unspecified eye (H44.129)45538290;119 patients","Parasitic endophthalmitis, unspecified, left eye | 
Parasitic endophthalmitis, unspecified, right eye | 
Parasitic endophthalmitis, unspecified, unspecified eye",0.0850480109739369,"57100005"
4201554,"Lesion of eye",560,1328,4,"43.6%~Accidental puncture and laceration of right eye and adnexa during other procedure (H59.221)45547943;223 patients | 
42%~Accidental puncture and laceration of left eye and adnexa during other procedure (H59.222)45547944;249 patients | 
9.1%~Accidental puncture and laceration of unspecified eye and adnexa during other procedure (H59.229)45596143;56 patients | 
5.3%~Accidental puncture and laceration of eye and adnexa during other procedure, bilateral (H59.223)45596142;32 patients","Accidental puncture and laceration of right eye and adnexa during other procedure | 
Accidental puncture and laceration of left eye and adnexa during other procedure | 
Accidental puncture and laceration of unspecified eye and adnexa during other procedure | 
Accidental puncture and laceration of eye and adnexa during other procedure, bilateral",0.083676268861454,"301905003"
4338894,"Macular hole",281,1265,1,"100%~Degenerative myopia with macular hole, unspecified eye (H44.2B9)1326519;281 patients","Degenerative myopia with macular hole, unspecified eye",0.0823045267489712,"232006002"
379023,"Hypertrichosis of eyelid",683,1216,3,"47.4%~Hypertrichosis of unspecified eye, unspecified eyelid (H02.869)45538175;320 patients | 
28.9%~Hypertrichosis of right eye, unspecified eyelid (H02.863)45562136;169 patients | 
23.7%~Hypertrichosis of left eye, unspecified eyelid (H02.866)45562137;194 patients","Hypertrichosis of unspecified eye, unspecified eyelid | 
Hypertrichosis of right eye, unspecified eyelid | 
Hypertrichosis of left eye, unspecified eyelid",0.0795610425240055,"79830009"
443520,"Retinopathy of prematurity stage 5 - total retinal detachment",140,1161,1,"100%~Retinopathy of prematurity, stage 5, unspecified eye (H35.169)45581653;140 patients","Retinopathy of prematurity, stage 5, unspecified eye",0.0781893004115226,"408851008"
45763765,"Discoid lupus erythematosus of lower eyelid",812,1133,2,"66.2%~Discoid lupus erythematosus of right lower eyelid (H01.122)45547776;565 patients | 
33.8%~Discoid lupus erythematosus of left lower eyelid (H01.125)45595974;247 patients","Discoid lupus erythematosus of right lower eyelid | 
Discoid lupus erythematosus of left lower eyelid",0.0768175582990398,"700269001"
442301,"Iridoschisis",509,1108,3,"49.9%~Iridoschisis, left eye (H21.252)45542998;251 patients | 
38.7%~Iridoschisis, right eye (H21.251)45581620;217 patients | 
11.4%~Iridoschisis, unspecified eye (H21.259)45562195;41 patients","Iridoschisis, left eye | 
Iridoschisis, right eye | 
Iridoschisis, unspecified eye",0.0740740740740741,"5743005"
4215841,"Retained nonmagnetic foreign body in posterior wall of eye",398,1075,3,"48.1%~Retained (nonmagnetic) (old) foreign body in posterior wall of globe, left eye (H44.742)45600939;187 patients | 
48.1%~Retained (nonmagnetic) (old) foreign body in posterior wall of globe, right eye (H44.741)45605702;185 patients | 
3.8%~Retained (nonmagnetic) (old) foreign body in posterior wall of globe, unspecified eye (H44.749)45547908;26 patients","Retained (nonmagnetic) (old) foreign body in posterior wall of globe, left eye | 
Retained (nonmagnetic) (old) foreign body in posterior wall of globe, right eye | 
Retained (nonmagnetic) (old) foreign body in posterior wall of globe, unspecified eye",0.0727023319615912,"41708006"
381850,"Retained magnetic foreign body in anterior chamber",792,1060,3,"44.7%~Retained (old) magnetic foreign body in anterior chamber, unspecified eye (H44.619)45567077;403 patients | 
30.2%~Retained (old) magnetic foreign body in anterior chamber, right eye (H44.611)45543058;209 patients | 
25.1%~Retained (old) magnetic foreign body in anterior chamber, left eye (H44.612)45562254;180 patients","Retained (old) magnetic foreign body in anterior chamber, unspecified eye | 
Retained (old) magnetic foreign body in anterior chamber, right eye | 
Retained (old) magnetic foreign body in anterior chamber, left eye",0.0713305898491084,"49089006"
4346048,"Ocular onchocerciasis",356,1050,1,"100%~Onchocerciasis with eye involvement, unspecified (B73.00)45532884;356 patients","Onchocerciasis with eye involvement, unspecified",0.0699588477366255,"240842000"
376974,"Siderosis of eye",503,1013,4,"30.9%~Siderosis of eye, unspecified eye (H44.329)45605697;101 patients | 
27.6%~Siderosis of eye, right eye (H44.321)45600931;172 patients | 
27.4%~Siderosis of eye, left eye (H44.322)45571989;137 patients | 
14%~Siderosis of eye, bilateral (H44.323)45576766;93 patients","Siderosis of eye, unspecified eye | 
Siderosis of eye, right eye | 
Siderosis of eye, left eye | 
Siderosis of eye, bilateral",0.0685871056241427,"25277000"
45763820,"Elephantiasis of upper eyelid",655,925,2,"61.1%~Elephantiasis of left upper eyelid (H02.854)45591228;355 patients | 
38.9%~Elephantiasis of right upper eyelid (H02.851)45566934;300 patients","Elephantiasis of left upper eyelid | 
Elephantiasis of right upper eyelid",0.065843621399177,"700337008"
4244426,"Retained nonmagnetic foreign body in iris AND/OR ciliary body",467,914,3,"44.3%~Retained (nonmagnetic) (old) foreign body in iris or ciliary body, right eye (H44.721)45591369;171 patients | 
38.5%~Retained (nonmagnetic) (old) foreign body in iris or ciliary body, left eye (H44.722)45596112;159 patients | 
17.2%~Retained (nonmagnetic) (old) foreign body in iris or ciliary body, unspecified eye (H44.729)45576774;137 patients","Retained (nonmagnetic) (old) foreign body in iris or ciliary body, right eye | 
Retained (nonmagnetic) (old) foreign body in iris or ciliary body, left eye | 
Retained (nonmagnetic) (old) foreign body in iris or ciliary body, unspecified eye",0.0644718792866941,"59412005"
36674185,"Burn of eye proper",510,897,18,"44.7%~Burn with resulting rupture and destruction of unspecified eyeball, initial encounter (T26.20XA)45555860;142 patients | 
27.9%~Burn with resulting rupture and destruction of left eyeball, initial encounter (T26.22XA)45594535;199 patients | 
16.8%~Burn with resulting rupture and destruction of right eyeball, initial encounter (T26.21XA)45599343;99 patients | 
4.3%~Burn with resulting rupture and destruction of left eyeball, subsequent encounter (T26.22XD)45546271;25 patients | 
2.5%~Corrosion with resulting rupture and destruction of left eyeball, initial encounter (T26.72XA)45594540;16 patients | 
2%~Corrosion with resulting rupture and destruction of right eyeball, initial encounter (T26.71XA)45580015;15 patients | 
1.8%~Burn with resulting rupture and destruction of right eyeball, subsequent encounter (T26.21XD)45604168;14 patients | 
NA | 
NA | 
NA | 
NA | 
NA | 
NA | 
NA | 
NA | 
NA | 
NA | 
NA","Burn with resulting rupture and destruction of unspecified eyeball, initial encounter | 
Burn with resulting rupture and destruction of left eyeball, initial encounter | 
Burn with resulting rupture and destruction of right eyeball, initial encounter | 
Burn with resulting rupture and destruction of left eyeball, subsequent encounter | 
Corrosion with resulting rupture and destruction of left eyeball, initial encounter | 
Corrosion with resulting rupture and destruction of right eyeball, initial encounter | 
Burn with resulting rupture and destruction of right eyeball, subsequent encounter | 
Burn with resulting rupture and destruction of unspecified eyeball | 
Corrosion with resulting rupture and destruction of right eyeball | 
Corrosion with resulting rupture and destruction of unspecified eyeball, subsequent encounter | 
Corrosion with resulting rupture and destruction of unspecified eyeball, initial encounter | 
Burn with resulting rupture and destruction of right eyeball | 
Corrosion with resulting rupture and destruction of unspecified eyeball | 
Corrosion with resulting rupture and destruction of left eyeball | 
Burn with resulting rupture and destruction of left eyeball | 
Corrosion with resulting rupture and destruction of right eyeball, subsequent encounter | 
Corrosion with resulting rupture and destruction of left eyeball, subsequent encounter | 
Burn with resulting rupture and destruction of unspecified eyeball, subsequent encounter",0.0631001371742112,"770555009"
440303,"Postoperative seroma",334,895,8,"24.6%~Postprocedural seroma of eye and adnexa following an ophthalmic procedure, bilateral (H59.353)37200465;92 patients | 
18.5%~Postprocedural seroma of right eye and adnexa following an ophthalmic procedure (H59.351)37200463;54 patients | 
15.4%~Postprocedural seroma of unspecified eye and adnexa following other procedure (H59.369)37200471;41 patients | 
11.7%~Postprocedural seroma of left eye and adnexa following an ophthalmic procedure (H59.352)37200464;43 patients | 
10.7%~Postprocedural seroma of left eye and adnexa following other procedure (H59.362)37200469;33 patients | 
7.6%~Postprocedural seroma of right eye and adnexa following other procedure (H59.361)37200468;30 patients | 
7%~Postprocedural seroma of unspecified eye and adnexa following an ophthalmic procedure (H59.359)37200466;25 patients | 
4.4%~Postprocedural seroma of eye and adnexa following other procedure, bilateral (H59.363)37200470;16 patients","Postprocedural seroma of eye and adnexa following an ophthalmic procedure, bilateral | 
Postprocedural seroma of right eye and adnexa following an ophthalmic procedure | 
Postprocedural seroma of unspecified eye and adnexa following other procedure | 
Postprocedural seroma of left eye and adnexa following an ophthalmic procedure | 
Postprocedural seroma of left eye and adnexa following other procedure | 
Postprocedural seroma of right eye and adnexa following other procedure | 
Postprocedural seroma of unspecified eye and adnexa following an ophthalmic procedure | 
Postprocedural seroma of eye and adnexa following other procedure, bilateral",0.0617283950617284,"429494008"
438153,"Pulsating exophthalmos",484,890,3,"48.3%~Pulsating exophthalmos, left eye (H05.262)45571880;187 patients | 
39%~Pulsating exophthalmos, right eye (H05.261)45557315;222 patients | 
12.7%~Pulsating exophthalmos, unspecified eye (H05.269)45552582;75 patients","Pulsating exophthalmos, left eye | 
Pulsating exophthalmos, right eye | 
Pulsating exophthalmos, unspecified eye",0.0603566529492455,"2284002"
432638,"Brawny scleritis",354,863,3,"51.3%~Brawny scleritis, left eye (H15.022)45552598;154 patients | 
34.6%~Brawny scleritis, right eye (H15.021)45562165;141 patients | 
14%~Brawny scleritis, unspecified eye (H15.029)45547817;59 patients","Brawny scleritis, left eye | 
Brawny scleritis, right eye | 
Brawny scleritis, unspecified eye",0.0589849108367627,"91612009"
1077070,"Left sclerosing keratitis",394,854,1,"100%~Sclerosing keratitis, left eye (H16.332)45557349;394 patients","Sclerosing keratitis, left eye",0.0576131687242798,"337831000119103"
1077030,"Right retinopathy of prematurity stage 5",303,826,1,"100%~Retinopathy of prematurity, stage 5, right eye (H35.161)45547868;303 patients","Retinopathy of prematurity, stage 5, right eye",0.056241426611797,"332351000119103"
435248,"Retained magnetic foreign body in vitreous",180,822,3,"51.9%~Retained (old) magnetic foreign body in vitreous body, unspecified eye (H44.659)45576772;35 patients | 
29.3%~Retained (old) magnetic foreign body in vitreous body, left eye (H44.652)45533335;68 patients | 
18.7%~Retained (old) magnetic foreign body in vitreous body, right eye (H44.651)45557440;77 patients","Retained (old) magnetic foreign body in vitreous body, unspecified eye | 
Retained (old) magnetic foreign body in vitreous body, left eye | 
Retained (old) magnetic foreign body in vitreous body, right eye",0.0548696844993141,"57129007"
373771,"Kayser-Fleischer ring",489,821,3,"40.7%~Kayser-Fleischer ring, unspecified eye (H18.049)45533254;189 patients | 
32.9%~Kayser-Fleischer ring, right eye (H18.041)45571906;167 patients | 
26.4%~Kayser-Fleischer ring, left eye (H18.042)45581608;133 patients","Kayser-Fleischer ring, unspecified eye | 
Kayser-Fleischer ring, right eye | 
Kayser-Fleischer ring, left eye",0.0534979423868313,"77103006"
381287,"Retained magnetic foreign body in lens",494,723,3,"35.8%~Retained (old) magnetic foreign body in lens, right eye (H44.631)45596110;151 patients | 
32.1%~Retained (old) magnetic foreign body in lens, unspecified eye (H44.639)45600937;191 patients | 
32.1%~Retained (old) magnetic foreign body in lens, left eye (H44.632)45600936;152 patients","Retained (old) magnetic foreign body in lens, right eye | 
Retained (old) magnetic foreign body in lens, unspecified eye | 
Retained (old) magnetic foreign body in lens, left eye",0.0521262002743484,"56211001"
1077072,"Left retinopathy of prematurity stage 5",267,670,1,"100%~Retinopathy of prematurity, stage 5, left eye (H35.162)45571953;267 patients","Retinopathy of prematurity, stage 5, left eye",0.0507544581618656,"337961000119104"
4334801,"Surgical site infection",112,663,3,"44.3%~Corneal transplant infection, left eye (T86.8422)725619;52 patients | 
40%~Corneal transplant infection, right eye (T86.8421)725618;39 patients | 
15.7%~Corneal transplant infection, unspecified eye (T86.8429)725621;21 patients","Corneal transplant infection, left eye | 
Corneal transplant infection, right eye | 
Corneal transplant infection, unspecified eye",0.0493827160493827,"433202001"
1077028,"Right sclerosing keratitis",251,639,1,"100%~Sclerosing keratitis, right eye (H16.331)45562170;251 patients","Sclerosing keratitis, right eye",0.0480109739368999,"332221000119100"
4220203,"Exudative cyst of anterior chamber of eye",341,630,3,"47.5%~Exudative cysts of iris or anterior chamber, right eye (H21.311)45562198;167 patients | 
47.1%~Exudative cysts of iris or anterior chamber, left eye (H21.312)45576694;150 patients | 
5.4%~Exudative cysts of iris or anterior chamber, unspecified eye (H21.319)45571917;24 patients","Exudative cysts of iris or anterior chamber, right eye | 
Exudative cysts of iris or anterior chamber, left eye | 
Exudative cysts of iris or anterior chamber, unspecified eye",0.046639231824417,"82167006"
4314702,"Chalcosis of eye",386,569,3,"36.7%~Chalcosis, right eye (H44.311)45557435;150 patients | 
32.3%~Chalcosis, unspecified eye (H44.319)45538293;122 patients | 
30.9%~Chalcosis, left eye (H44.312)45576764;114 patients","Chalcosis, right eye | 
Chalcosis, unspecified eye | 
Chalcosis, left eye",0.0452674897119342,"875001"
439828,"Ring staphyloma",287,482,3,"48.3%~Ring staphyloma, right eye (H15.851)45581589;139 patients | 
36.7%~Ring staphyloma, left eye (H15.852)45596024;99 patients | 
14.9%~Ring staphyloma, unspecified eye (H15.859)45576671;49 patients","Ring staphyloma, right eye | 
Ring staphyloma, left eye | 
Ring staphyloma, unspecified eye",0.0425240054869684,"5299007"
372918,"Argentous corneal deposit",238,383,3,"40.2%~Argentous corneal deposits, left eye (H18.022)45562174;97 patients | 
35.8%~Argentous corneal deposits, right eye (H18.021)45538222;92 patients | 
24%~Argentous corneal deposits, unspecified eye (H18.029)45581607;49 patients","Argentous corneal deposits, left eye | 
Argentous corneal deposits, right eye | 
Argentous corneal deposits, unspecified eye",0.0397805212620027,"21328003"
444213,"Ophthalmia nodosa",249,379,3,"39.1%~Ophthalmia nodosa, right eye (H16.241)45581596;100 patients | 
38%~Ophthalmia nodosa, left eye (H16.242)45566980;91 patients | 
23%~Ophthalmia nodosa, unspecified eye (H16.249)45600869;58 patients","Ophthalmia nodosa, right eye | 
Ophthalmia nodosa, left eye | 
Ophthalmia nodosa, unspecified eye",0.0384087791495199,"12371008"
437281,"Granular corneal dystrophy",262,374,3,"43.6%~Granular corneal dystrophy, right eye (H18.531)725335;128 patients | 
40.4%~Granular corneal dystrophy, unspecified eye (H18.539)725338;94 patients | 
16%~Granular corneal dystrophy, left eye (H18.532)725336;40 patients","Granular corneal dystrophy, right eye | 
Granular corneal dystrophy, unspecified eye | 
Granular corneal dystrophy, left eye",0.037037037037037,"45283008"
1077045,"Right parasitic retinal cyst",260,366,1,"100%~Parasitic cyst of retina, right eye (H33.121)45547859;260 patients","Parasitic cyst of retina, right eye",0.0356652949245542,"333311000119105"
45771088,"Elephantiasis of lower eyelid",287,360,2,"54.4%~Elephantiasis of left lower eyelid (H02.855)45591229;164 patients | 
45.6%~Elephantiasis of right lower eyelid (H02.852)45542946;123 patients","Elephantiasis of left lower eyelid | 
Elephantiasis of right lower eyelid",0.0342935528120713,"700263000"
437863,"Exudative cyst of pars plana",180,334,3,"51.8%~Exudative cyst of pars plana, left eye (H21.352)45591292;77 patients | 
38.3%~Exudative cyst of pars plana, right eye (H21.351)45586419;82 patients | 
9.9%~Exudative cyst of pars plana, unspecified eye (H21.359)45562200;21 patients","Exudative cyst of pars plana, left eye | 
Exudative cyst of pars plana, right eye | 
Exudative cyst of pars plana, unspecified eye",0.0315500685871056,"63317005"
434935,"Macular corneal dystrophy",228,331,3,"70.7%~Macular corneal dystrophy, unspecified eye (H18.559)725346;149 patients | 
16%~Macular corneal dystrophy, right eye (H18.551)725343;43 patients | 
13.3%~Macular corneal dystrophy, left eye (H18.552)725344;36 patients","Macular corneal dystrophy, unspecified eye | 
Macular corneal dystrophy, right eye | 
Macular corneal dystrophy, left eye",0.0288065843621399,"60258001"
374636,"Retained magnetic foreign body in iris AND/OR ciliary body",235,317,3,"41.6%~Retained (old) magnetic foreign body in iris or ciliary body, unspecified eye (H44.629)45581681;117 patients | 
34.7%~Retained (old) magnetic foreign body in iris or ciliary body, right eye (H44.621)45600935;68 patients | 
23.7%~Retained (old) magnetic foreign body in iris or ciliary body, left eye (H44.622)45562255;50 patients","Retained (old) magnetic foreign body in iris or ciliary body, unspecified eye | 
Retained (old) magnetic foreign body in iris or ciliary body, right eye | 
Retained (old) magnetic foreign body in iris or ciliary body, left eye",0.0274348422496571,"28946006"
4263345,"Lattice corneal dystrophy",179,270,3,"35.9%~Lattice corneal dystrophy, unspecified eye (H18.549)725342;67 patients | 
33.7%~Lattice corneal dystrophy, right eye (H18.541)725339;56 patients | 
30.4%~Lattice corneal dystrophy, left eye (H18.542)725340;56 patients","Lattice corneal dystrophy, unspecified eye | 
Lattice corneal dystrophy, right eye | 
Lattice corneal dystrophy, left eye",0.0260631001371742,"361199007"
45757702,"Parasitic cyst of iris",78,229,3,"50.7%~Parasitic cyst of iris, ciliary body or anterior chamber, right eye (H21.331)45557370;44 patients | 
34.9%~Parasitic cyst of iris, ciliary body or anterior chamber, left eye (H21.332)45552634;21 patients | 
14.4%~Parasitic cyst of iris, ciliary body or anterior chamber, unspecified eye (H21.339)45586418;13 patients","Parasitic cyst of iris, ciliary body or anterior chamber, right eye | 
Parasitic cyst of iris, ciliary body or anterior chamber, left eye | 
Parasitic cyst of iris, ciliary body or anterior chamber, unspecified eye",0.0233196159122085,"336801000119107"
45757703,"Parasitic cyst of ciliary body",78,229,3,"50.7%~Parasitic cyst of iris, ciliary body or anterior chamber, right eye (H21.331)45557370;44 patients | 
34.9%~Parasitic cyst of iris, ciliary body or anterior chamber, left eye (H21.332)45552634;21 patients | 
14.4%~Parasitic cyst of iris, ciliary body or anterior chamber, unspecified eye (H21.339)45586418;13 patients","Parasitic cyst of iris, ciliary body or anterior chamber, right eye | 
Parasitic cyst of iris, ciliary body or anterior chamber, left eye | 
Parasitic cyst of iris, ciliary body or anterior chamber, unspecified eye",0.0233196159122085,"336811000119105"
1077088,"Left parasitic retinal cyst",168,226,1,"100%~Parasitic cyst of retina, left eye (H33.122)45552663;168 patients","Parasitic cyst of retina, left eye",0.0219478737997256,"338921000119105"
381567,"Sclerosing keratitis",92,163,1,"100%~Sclerosing keratitis, unspecified eye (H16.339)45581597;92 patients","Sclerosing keratitis, unspecified eye",0.0205761316872428,"27886001"
443884,"Retained magnetic foreign body in posterior wall of eye",77,131,3,"55%~Retained (old) magnetic foreign body in posterior wall of globe, right eye (H44.641)45581682;39 patients | 
45%~Retained (old) magnetic foreign body in posterior wall of globe, left eye (H44.642)45605700;38 patients | 
NA","Retained (old) magnetic foreign body in posterior wall of globe, right eye | 
Retained (old) magnetic foreign body in posterior wall of globe, left eye | 
Retained (old) magnetic foreign body in posterior wall of globe, unspecified eye",0.0192043895747599,"15236003"
45772117,"Parasitic cyst of retina",49,86,1,"100%~Parasitic cyst of retina, unspecified eye (H33.129)45581644;49 patients","Parasitic cyst of retina, unspecified eye",0.0178326474622771,"336791000119106"
434231,"Burn confined to eye and adnexa",0,0,1,"NA","Burn of eye and adnexa, part unspecified",0,"269232009"
1340204,"History of event",0,0,3,"NA | 
NA | 
NA","Cataract extraction status, right eye | 
Cataract extraction status, left eye | 
Cataract extraction status, unspecified eye",0,"OMOP5165859"
3016335,"Glasgow coma score eye opening",0,0,4,"NA | 
NA | 
NA | 
NA","Coma scale, eyes open, never, unspecified time | 
Coma scale, eyes open, to pain, unspecified time | 
Coma scale, eyes open, to sound, unspecified time | 
Coma scale, eyes open, spontaneous, unspecified time",0,"9267-6"
4049310,"Ocular prosthetic service",0,0,3,"NA | 
NA | 
NA","Encounter for fitting and adjustment of artificial eye, unspecified | 
Encounter for fitting and adjustment of artificial right eye | 
Encounter for fitting and adjustment of artificial left eye",0,"15822000"
4104563,"Degenerative disorders of eyelids and periocular area",0,0,1,"NA","Other and unspecified degenerative disorders of eyelid and periocular area",0,"193956000"
4109401,"Proliferative retinopathy due to sickle cell disease",0,0,3,"NA | 
NA | 
NA","Proliferative sickle-cell retinopathy, left eye | 
Proliferative sickle-cell retinopathy, unspecified eye | 
Proliferative sickle-cell retinopathy, right eye",0,"193370005"
37108907,"Right superior oblique muscle dysfunction",0,0,1,"NA","Superior oblique muscle entrapment, right eye",0,"15700801000119104"
37117649,"Left superior oblique muscle dysfunction",0,0,1,"NA","Superior oblique muscle entrapment, left eye",0,"15700761000119107"
37168687,"Nonproliferative sickle cell retinopathy",0,0,3,"NA | 
NA | 
NA","Nonproliferative sickle-cell retinopathy, unspecified eye | 
Nonproliferative sickle-cell retinopathy, right eye | 
Nonproliferative sickle-cell retinopathy, left eye",0,"1285514002"
43530804,"Entrapment of extraocular muscle",0,0,19,"NA | 
NA | 
NA | 
NA | 
NA | 
NA | 
NA | 
NA | 
NA | 
NA | 
NA | 
NA | 
NA | 
NA | 
NA | 
NA | 
NA | 
NA | 
NA","Inferior oblique muscle entrapment, right eye | 
Inferior rectus muscle entrapment, left eye | 
Lateral rectus muscle entrapment, right eye | 
Lateral rectus muscle entrapment, left eye | 
Medial rectus muscle entrapment, unspecified eye | 
Extraocular muscle entrapment, unspecified, right eye | 
Extraocular muscle entrapment, unspecified, left eye | 
Inferior oblique muscle entrapment, left eye | 
Inferior rectus muscle entrapment, unspecified eye | 
Medial rectus muscle entrapment, right eye | 
Medial rectus muscle entrapment, left eye | 
Superior rectus muscle entrapment, left eye | 
Extraocular muscle entrapment, unspecified, unspecified eye | 
Inferior oblique muscle entrapment, unspecified eye | 
Inferior rectus muscle entrapment, right eye | 
Lateral rectus muscle entrapment, unspecified eye | 
Superior oblique muscle entrapment, unspecified eye | 
Superior rectus muscle entrapment, right eye | 
Superior rectus muscle entrapment, unspecified eye",0,"609325001"
44791721,"Foreign body sensation in eye",0,0,4,"NA | 
NA | 
NA | 
NA","Foreign body sensation, left eye | 
Foreign body sensation, bilateral eyes | 
Foreign body sensation, unspecified eye | 
Foreign body sensation, right eye",0,"295521000000104"
