"concept_id_1","concept_name.x","total_patient_count","total_event_count","n","concepts"
439297,"Nuclear senile cataract",10620919,35321474,3,"Age-related nuclear cataract, left eye | 
Age-related nuclear cataract, right eye | 
Age-related nuclear cataract, unspecified eye"
378427,"Tear film insufficiency",12036240,34357725,4,"Dry eye syndrome of bilateral lacrimal glands | 
Dry eye syndrome of unspecified lacrimal gland | 
Dry eye syndrome of right lacrimal gland | 
Dry eye syndrome of left lacrimal gland"
376966,"Exudative age-related macular degeneration",1779195,15736060,15,"Exudative age-related macular degeneration, right eye, with active choroidal neovascularization | 
Exudative age-related macular degeneration, left eye, with active choroidal neovascularization | 
Exudative age-related macular degeneration, right eye, with inactive choroidal neovascularization | 
Exudative age-related macular degeneration, left eye, with inactive choroidal neovascularization | 
Exudative age-related macular degeneration, left eye, with inactive scar | 
Exudative age-related macular degeneration, right eye, with inactive scar | 
Exudative age-related macular degeneration, right eye, stage unspecified | 
Exudative age-related macular degeneration, left eye, stage unspecified | 
Exudative age-related macular degeneration, unspecified eye, stage unspecified | 
Exudative age-related macular degeneration, unspecified eye, with active choroidal neovascularization | 
Exudative age-related macular degeneration, unspecified eye, with inactive choroidal neovascularization | 
Exudative age-related macular degeneration, unspecified eye, with inactive scar | 
Exudative age-related macular degeneration, left eye | 
Exudative age-related macular degeneration, right eye | 
Exudative age-related macular degeneration, unspecified eye"
376400,"Combined form of senile cataract",4763400,14711205,3,"Combined forms of age-related cataract, left eye | 
Combined forms of age-related cataract, right eye | 
Combined forms of age-related cataract, unspecified eye"
35624213,"Secondary cataract",4977842,11286731,3,"Other secondary cataract, right eye | 
Other secondary cataract, left eye | 
Other secondary cataract, unspecified eye"
379010,"Epiretinal membrane",2818070,9859987,3,"Puckering of macula, left eye | 
Puckering of macula, right eye | 
Puckering of macula, unspecified eye"
435262,"Primary open angle glaucoma",2465258,9623098,16,"Primary open-angle glaucoma, left eye, moderate stage | 
Primary open-angle glaucoma, right eye, mild stage | 
Primary open-angle glaucoma, right eye, moderate stage | 
Primary open-angle glaucoma, left eye, mild stage | 
Primary open-angle glaucoma, left eye, severe stage | 
Primary open-angle glaucoma, right eye, severe stage | 
Primary open-angle glaucoma, unspecified eye, stage unspecified | 
Primary open-angle glaucoma, right eye, stage unspecified | 
Primary open-angle glaucoma, left eye, indeterminate stage | 
Primary open-angle glaucoma, right eye, indeterminate stage | 
Primary open-angle glaucoma, left eye, stage unspecified | 
Primary open-angle glaucoma, unspecified eye, moderate stage | 
Primary open-angle glaucoma, unspecified eye, mild stage | 
Primary open-angle glaucoma, unspecified eye, severe stage | 
Primary open-angle glaucoma, unspecified eye, indeterminate stage | 
Primary open-angle glaucoma, unspecified eye"
320420,"Vitreous degeneration",3790967,8776361,3,"Vitreous degeneration, right eye | 
Vitreous degeneration, left eye | 
Vitreous degeneration, unspecified eye"
372629,"Nonexudative age-related macular degeneration",2264237,8210095,18,"Nonexudative age-related macular degeneration, left eye, intermediate dry stage | 
Nonexudative age-related macular degeneration, right eye, intermediate dry stage | 
Nonexudative age-related macular degeneration, right eye, early dry stage | 
Nonexudative age-related macular degeneration, left eye, early dry stage | 
Nonexudative age-related macular degeneration, left eye, advanced atrophic with subfoveal involvement | 
Nonexudative age-related macular degeneration, right eye, advanced atrophic with subfoveal involvement | 
Nonexudative age-related macular degeneration, right eye, advanced atrophic without subfoveal involvement | 
Nonexudative age-related macular degeneration, right eye, stage unspecified | 
Nonexudative age-related macular degeneration, left eye, advanced atrophic without subfoveal involvement | 
Nonexudative age-related macular degeneration, unspecified eye, stage unspecified | 
Nonexudative age-related macular degeneration, left eye, stage unspecified | 
Nonexudative age-related macular degeneration, unspecified eye, early dry stage | 
Nonexudative age-related macular degeneration, unspecified eye, intermediate dry stage | 
Nonexudative age-related macular degeneration, unspecified eye, advanced atrophic without subfoveal involvement | 
Nonexudative age-related macular degeneration, unspecified eye, advanced atrophic with subfoveal involvement | 
Nonexudative age-related macular degeneration, right eye | 
Nonexudative age-related macular degeneration, left eye | 
Nonexudative age-related macular degeneration, unspecified eye"
380706,"Regular astigmatism",4439615,8061320,3,"Regular astigmatism, unspecified eye | 
Regular astigmatism, right eye | 
Regular astigmatism, left eye"
378425,"Blepharitis",2941218,5890960,4,"Unspecified blepharitis right upper eyelid | 
Unspecified blepharitis unspecified eye, unspecified eyelid | 
Unspecified blepharitis right lower eyelid | 
Unspecified blepharitis right eye, unspecified eyelid"
43530685,"Proliferative retinopathy due to type 2 diabetes mellitus",774395,5306510,18,"Type 2 diabetes mellitus with proliferative diabetic retinopathy with macular edema, right eye | 
Type 2 diabetes mellitus with proliferative diabetic retinopathy with macular edema, left eye | 
Type 2 diabetes mellitus with proliferative diabetic retinopathy without macular edema, right eye | 
Type 2 diabetes mellitus with proliferative diabetic retinopathy without macular edema, left eye | 
Type 2 diabetes mellitus with proliferative diabetic retinopathy without macular edema, unspecified eye | 
Type 2 diabetes mellitus with proliferative diabetic retinopathy with macular edema, unspecified eye | 
Type 2 diabetes mellitus with proliferative diabetic retinopathy with traction retinal detachment involving the macula, left eye | 
Type 2 diabetes mellitus with proliferative diabetic retinopathy with traction retinal detachment involving the macula, right eye | 
Type 2 diabetes mellitus with proliferative diabetic retinopathy with traction retinal detachment not involving the macula, left eye | 
Type 2 diabetes mellitus with stable proliferative diabetic retinopathy, right eye | 
Type 2 diabetes mellitus with proliferative diabetic retinopathy with traction retinal detachment not involving the macula, right eye | 
Type 2 diabetes mellitus with stable proliferative diabetic retinopathy, left eye | 
Type 2 diabetes mellitus with stable proliferative diabetic retinopathy, unspecified eye | 
Type 2 diabetes mellitus with proliferative diabetic retinopathy with combined traction retinal detachment and rhegmatogenous retinal detachment, left eye | 
Type 2 diabetes mellitus with proliferative diabetic retinopathy with combined traction retinal detachment and rhegmatogenous retinal detachment, right eye | 
Type 2 diabetes mellitus with proliferative diabetic retinopathy with traction retinal detachment involving the macula, unspecified eye | 
Type 2 diabetes mellitus with proliferative diabetic retinopathy with traction retinal detachment not involving the macula, unspecified eye | 
Type 2 diabetes mellitus with proliferative diabetic retinopathy with combined traction retinal detachment and rhegmatogenous retinal detachment, unspecified eye"
380097,"Macular edema due to diabetes mellitus",611046,4954930,64,"Type 2 diabetes mellitus with moderate nonproliferative diabetic retinopathy with macular edema, right eye | 
Type 2 diabetes mellitus with moderate nonproliferative diabetic retinopathy with macular edema, left eye | 
Type 2 diabetes mellitus with mild nonproliferative diabetic retinopathy with macular edema, right eye | 
Type 2 diabetes mellitus with mild nonproliferative diabetic retinopathy with macular edema, left eye | 
Type 2 diabetes mellitus with diabetic macular edema, resolved following treatment, right eye | 
Type 1 diabetes mellitus with proliferative diabetic retinopathy with macular edema, right eye | 
Type 2 diabetes mellitus with mild nonproliferative diabetic retinopathy with macular edema, unspecified eye | 
Type 1 diabetes mellitus with proliferative diabetic retinopathy with macular edema, left eye | 
Type 2 diabetes mellitus with moderate nonproliferative diabetic retinopathy with macular edema, unspecified eye | 
Type 1 diabetes mellitus with moderate nonproliferative diabetic retinopathy with macular edema, right eye | 
Type 1 diabetes mellitus with moderate nonproliferative diabetic retinopathy with macular edema, left eye | 
Type 1 diabetes mellitus with mild nonproliferative diabetic retinopathy with macular edema, right eye | 
Type 1 diabetes mellitus with mild nonproliferative diabetic retinopathy with macular edema, left eye | 
Type 1 diabetes mellitus with severe nonproliferative diabetic retinopathy with macular edema, right eye | 
Type 2 diabetes mellitus with diabetic macular edema, resolved following treatment, left eye | 
Type 1 diabetes mellitus with severe nonproliferative diabetic retinopathy with macular edema, left eye | 
Diabetes mellitus due to underlying condition with mild nonproliferative diabetic retinopathy with macular edema, right eye | 
Type 2 diabetes mellitus with diabetic macular edema, resolved following treatment, unspecified eye | 
Type 1 diabetes mellitus with proliferative diabetic retinopathy with macular edema, unspecified eye | 
Diabetes mellitus due to underlying condition with proliferative diabetic retinopathy with macular edema, right eye | 
Diabetes mellitus due to underlying condition with proliferative diabetic retinopathy with macular edema, unspecified eye | 
Type 1 diabetes mellitus with mild nonproliferative diabetic retinopathy with macular edema, unspecified eye | 
Diabetes mellitus due to underlying condition with mild nonproliferative diabetic retinopathy with macular edema, left eye | 
Diabetes mellitus due to underlying condition with mild nonproliferative diabetic retinopathy with macular edema, unspecified eye | 
Diabetes mellitus due to underlying condition with proliferative diabetic retinopathy with macular edema, left eye | 
Diabetes mellitus due to underlying condition with moderate nonproliferative diabetic retinopathy with macular edema, right eye | 
Other specified diabetes mellitus with diabetic macular edema, resolved following treatment, right eye | 
Diabetes mellitus due to underlying condition with moderate nonproliferative diabetic retinopathy with macular edema, left eye | 
Type 1 diabetes mellitus with moderate nonproliferative diabetic retinopathy with macular edema, unspecified eye | 
Type 1 diabetes mellitus with severe nonproliferative diabetic retinopathy with macular edema, unspecified eye | 
Diabetes mellitus due to underlying condition with moderate nonproliferative diabetic retinopathy with macular edema, unspecified eye | 
Diabetes mellitus due to underlying condition with severe nonproliferative diabetic retinopathy with macular edema, left eye | 
Other specified diabetes mellitus with diabetic macular edema, resolved following treatment, left eye | 
Other specified diabetes mellitus with proliferative diabetic retinopathy with macular edema, right eye | 
Diabetes mellitus due to underlying condition with severe nonproliferative diabetic retinopathy with macular edema, right eye | 
Other specified diabetes mellitus with mild nonproliferative diabetic retinopathy with macular edema, right eye | 
Other specified diabetes mellitus with proliferative diabetic retinopathy with macular edema, left eye | 
Other specified diabetes mellitus with mild nonproliferative diabetic retinopathy with macular edema, left eye | 
Type 1 diabetes mellitus with diabetic macular edema, resolved following treatment, right eye | 
Diabetes mellitus due to underlying condition with diabetic macular edema, resolved following treatment, unspecified eye | 
Other specified diabetes mellitus with moderate nonproliferative diabetic retinopathy with macular edema, left eye | 
Other specified diabetes mellitus with moderate nonproliferative diabetic retinopathy with macular edema, right eye | 
Other specified diabetes mellitus with mild nonproliferative diabetic retinopathy with macular edema, unspecified eye | 
Other specified diabetes mellitus with proliferative diabetic retinopathy with macular edema, unspecified eye | 
Type 1 diabetes mellitus with diabetic macular edema, resolved following treatment, left eye | 
Drug or chemical induced diabetes mellitus with mild nonproliferative diabetic retinopathy with macular edema, unspecified eye | 
Other specified diabetes mellitus with moderate nonproliferative diabetic retinopathy with macular edema, unspecified eye | 
Type 1 diabetes mellitus with diabetic macular edema, resolved following treatment, unspecified eye | 
Other specified diabetes mellitus with diabetic macular edema, resolved following treatment, unspecified eye | 
Drug or chemical induced diabetes mellitus with proliferative diabetic retinopathy without macular edema, unspecified eye | 
Drug or chemical induced diabetes mellitus with mild nonproliferative diabetic retinopathy with macular edema, right eye | 
Drug or chemical induced diabetes mellitus with proliferative diabetic retinopathy with macular edema, unspecified eye | 
Drug or chemical induced diabetes mellitus with moderate nonproliferative diabetic retinopathy with macular edema, unspecified eye | 
Drug or chemical induced diabetes mellitus with mild nonproliferative diabetic retinopathy without macular edema, right eye | 
Drug or chemical induced diabetes mellitus with mild nonproliferative diabetic retinopathy with macular edema, left eye | 
Drug or chemical induced diabetes mellitus with proliferative diabetic retinopathy with macular edema, left eye | 
Drug or chemical induced diabetes mellitus with moderate nonproliferative diabetic retinopathy with macular edema, right eye | 
Drug or chemical induced diabetes mellitus with proliferative diabetic retinopathy with macular edema, right eye | 
Drug or chemical induced diabetes mellitus with proliferative diabetic retinopathy without macular edema, left eye | 
Drug or chemical induced diabetes mellitus with proliferative diabetic retinopathy without macular edema, right eye | 
Drug or chemical induced diabetes mellitus with moderate nonproliferative diabetic retinopathy with macular edema, left eye | 
Drug or chemical induced diabetes mellitus with diabetic macular edema, resolved following treatment, right eye | 
Drug or chemical induced diabetes mellitus with diabetic macular edema, resolved following treatment, unspecified eye | 
Drug or chemical induced diabetes mellitus with diabetic macular edema, resolved following treatment, left eye"
201826,"Type 2 diabetes mellitus",1357333,4674066,15,"Type 2 diabetes mellitus with mild nonproliferative diabetic retinopathy without macular edema, unspecified eye | 
Type 2 diabetes mellitus with mild nonproliferative diabetic retinopathy without macular edema, right eye | 
Type 2 diabetes mellitus with mild nonproliferative diabetic retinopathy without macular edema, left eye | 
Type 2 diabetes mellitus with proliferative diabetic retinopathy without macular edema, right eye | 
Type 2 diabetes mellitus with proliferative diabetic retinopathy without macular edema, left eye | 
Type 2 diabetes mellitus with moderate nonproliferative diabetic retinopathy without macular edema, right eye | 
Type 2 diabetes mellitus with moderate nonproliferative diabetic retinopathy without macular edema, left eye | 
Type 2 diabetes mellitus with proliferative diabetic retinopathy without macular edema, unspecified eye | 
Type 2 diabetes mellitus with diabetic macular edema, resolved following treatment, right eye | 
Type 2 diabetes mellitus with moderate nonproliferative diabetic retinopathy without macular edema, unspecified eye | 
Type 2 diabetes mellitus with stable proliferative diabetic retinopathy, right eye | 
Type 2 diabetes mellitus with stable proliferative diabetic retinopathy, left eye | 
Type 2 diabetes mellitus with diabetic macular edema, resolved following treatment, left eye | 
Type 2 diabetes mellitus with diabetic macular edema, resolved following treatment, unspecified eye | 
Type 2 diabetes mellitus with stable proliferative diabetic retinopathy, unspecified eye"
379805,"Myopia",2759494,4624064,3,"Myopia, right eye | 
Myopia, left eye | 
Myopia, unspecified eye"
376707,"Acute conjunctivitis",3309576,4611461,6,"Unspecified acute conjunctivitis, left eye | 
Unspecified acute conjunctivitis, right eye | 
Unspecified acute conjunctivitis, unspecified eye | 
Acute toxic conjunctivitis, left eye | 
Acute toxic conjunctivitis, right eye | 
Acute toxic conjunctivitis, unspecified eye"
4312493,"Corneal abrasion",1889441,4537691,9,"Injury of conjunctiva and corneal abrasion without foreign body, right eye, initial encounter | 
Injury of conjunctiva and corneal abrasion without foreign body, left eye, initial encounter | 
Injury of conjunctiva and corneal abrasion without foreign body, left eye, subsequent encounter | 
Injury of conjunctiva and corneal abrasion without foreign body, right eye, subsequent encounter | 
Injury of conjunctiva and corneal abrasion without foreign body, unspecified eye, initial encounter | 
Injury of conjunctiva and corneal abrasion without foreign body, unspecified eye, subsequent encounter | 
Injury of conjunctiva and corneal abrasion without foreign body, unspecified eye | 
Injury of conjunctiva and corneal abrasion without foreign body, right eye | 
Injury of conjunctiva and corneal abrasion without foreign body, left eye"
4335891,"Injury of conjunctiva",1889441,4537691,9,"Injury of conjunctiva and corneal abrasion without foreign body, right eye, initial encounter | 
Injury of conjunctiva and corneal abrasion without foreign body, left eye, initial encounter | 
Injury of conjunctiva and corneal abrasion without foreign body, left eye, subsequent encounter | 
Injury of conjunctiva and corneal abrasion without foreign body, right eye, subsequent encounter | 
Injury of conjunctiva and corneal abrasion without foreign body, unspecified eye, initial encounter | 
Injury of conjunctiva and corneal abrasion without foreign body, unspecified eye, subsequent encounter | 
Injury of conjunctiva and corneal abrasion without foreign body, unspecified eye | 
Injury of conjunctiva and corneal abrasion without foreign body, right eye | 
Injury of conjunctiva and corneal abrasion without foreign body, left eye"
36684613,"Dermatochalasis of right upper eyelid",1803429,4476429,1,"Dermatochalasis of right upper eyelid"
36684676,"Dermatochalasis of left upper eyelid",1623250,3946478,1,"Dermatochalasis of left upper eyelid"
376415,"Hypermetropia",2353811,3806272,3,"Hypermetropia, right eye | 
Hypermetropia, left eye | 
Hypermetropia, unspecified eye"
432895,"Cortical senile cataract",1755184,3789521,3,"Cortical age-related cataract, left eye | 
Cortical age-related cataract, right eye | 
Cortical age-related cataract, unspecified eye"
45757435,"Mild nonproliferative retinopathy due to type 2 diabetes mellitus",926960,3655711,6,"Type 2 diabetes mellitus with mild nonproliferative diabetic retinopathy without macular edema, unspecified eye | 
Type 2 diabetes mellitus with mild nonproliferative diabetic retinopathy without macular edema, right eye | 
Type 2 diabetes mellitus with mild nonproliferative diabetic retinopathy with macular edema, right eye | 
Type 2 diabetes mellitus with mild nonproliferative diabetic retinopathy without macular edema, left eye | 
Type 2 diabetes mellitus with mild nonproliferative diabetic retinopathy with macular edema, left eye | 
Type 2 diabetes mellitus with mild nonproliferative diabetic retinopathy with macular edema, unspecified eye"
36713126,"Blepharitis of left eyelid",1909094,3612579,4,"Unspecified blepharitis left upper eyelid | 
Unspecified blepharitis left lower eyelid | 
Unspecified blepharitis left eye, unspecified eyelid | 
Unspecified blepharitis left eye, upper and lower eyelids"
378424,"Astigmatism",1780984,3480478,3,"Unspecified astigmatism, unspecified eye | 
Unspecified astigmatism, right eye | 
Unspecified astigmatism, left eye"
45770830,"Macular edema and retinopathy due to type 2 diabetes mellitus",322415,3378283,3,"Type 2 diabetes mellitus with proliferative diabetic retinopathy with macular edema, right eye | 
Type 2 diabetes mellitus with proliferative diabetic retinopathy with macular edema, left eye | 
Type 2 diabetes mellitus with proliferative diabetic retinopathy with macular edema, unspecified eye"
316127,"Vitreous opacities",1608951,3139691,6,"Other vitreous opacities, right eye | 
Other vitreous opacities, left eye | 
Other vitreous opacities, unspecified eye | 
Vitreous membranes and strands, right eye | 
Vitreous membranes and strands, left eye | 
Vitreous membranes and strands, unspecified eye"
45770881,"Moderate nonproliferative retinopathy due to type 2 diabetes mellitus",451928,2995551,6,"Type 2 diabetes mellitus with moderate nonproliferative diabetic retinopathy with macular edema, right eye | 
Type 2 diabetes mellitus with moderate nonproliferative diabetic retinopathy with macular edema, left eye | 
Type 2 diabetes mellitus with moderate nonproliferative diabetic retinopathy without macular edema, right eye | 
Type 2 diabetes mellitus with moderate nonproliferative diabetic retinopathy without macular edema, left eye | 
Type 2 diabetes mellitus with moderate nonproliferative diabetic retinopathy without macular edema, unspecified eye | 
Type 2 diabetes mellitus with moderate nonproliferative diabetic retinopathy with macular edema, unspecified eye"
379031,"Pain in eye",1719294,2820023,3,"Ocular pain, left eye | 
Ocular pain, right eye | 
Ocular pain, unspecified eye"
374044,"Ptosis of eyelid",1158622,2737910,4,"Unspecified ptosis of bilateral eyelids | 
Unspecified ptosis of left eyelid | 
Unspecified ptosis of right eyelid | 
Unspecified ptosis of unspecified eyelid"
315276,"Vitreous hemorrhage",559194,2599681,3,"Vitreous hemorrhage, left eye | 
Vitreous hemorrhage, right eye | 
Vitreous hemorrhage, unspecified eye"
37164927,"Seborrheic blepharitis of upper eyelid",1274963,2496499,2,"Squamous blepharitis right upper eyelid | 
Squamous blepharitis left upper eyelid"
4246581,"Malposition of eyelashes",900117,2424022,7,"Trichiasis without entropion right lower eyelid | 
Trichiasis without entropion left lower eyelid | 
Trichiasis without entropion right upper eyelid | 
Trichiasis without entropion left upper eyelid | 
Trichiasis without entropion unspecified eye, unspecified eyelid | 
Trichiasis without entropion right eye, unspecified eyelid | 
Trichiasis without entropion left eye, unspecified eyelid"
378756,"Conjunctival hemorrhage",1580898,2407592,3,"Conjunctival hemorrhage, left eye | 
Conjunctival hemorrhage, right eye | 
Conjunctival hemorrhage, unspecified eye"
375393,"Laceration of skin of eyelid AND periocular area",1254083,2398999,18,"Laceration without foreign body of left eyelid and periocular area, initial encounter | 
Laceration without foreign body of right eyelid and periocular area, initial encounter | 
Laceration without foreign body of left eyelid and periocular area, subsequent encounter | 
Laceration without foreign body of right eyelid and periocular area, subsequent encounter | 
Laceration without foreign body of unspecified eyelid and periocular area, initial encounter | 
Laceration with foreign body of right eyelid and periocular area, initial encounter | 
Laceration with foreign body of left eyelid and periocular area, initial encounter | 
Laceration without foreign body of unspecified eyelid and periocular area, subsequent encounter | 
Laceration with foreign body of unspecified eyelid and periocular area, initial encounter | 
Laceration with foreign body of right eyelid and periocular area, subsequent encounter | 
Laceration with foreign body of left eyelid and periocular area, subsequent encounter | 
Laceration with foreign body of unspecified eyelid and periocular area, subsequent encounter | 
Laceration with foreign body of unspecified eyelid and periocular area | 
Laceration without foreign body of right eyelid and periocular area | 
Laceration with foreign body of right eyelid and periocular area | 
Laceration without foreign body of left eyelid and periocular area | 
Laceration without foreign body of unspecified eyelid and periocular area | 
Laceration with foreign body of left eyelid and periocular area"
4030035,"Macular retinal cyst",554000,2392234,3,"Macular cyst, hole, or pseudohole, right eye | 
Macular cyst, hole, or pseudohole, left eye | 
Macular cyst, hole, or pseudohole, unspecified eye"
376115,"Cystoid macular retinal degeneration",455746,2122616,3,"Cystoid macular degeneration, right eye | 
Cystoid macular degeneration, left eye | 
Cystoid macular degeneration, unspecified eye"
604749,"Open angle glaucoma suspect",825841,2081731,6,"Open angle with borderline findings, low risk, right eye | 
Open angle with borderline findings, low risk, left eye | 
Open angle with borderline findings, low risk, unspecified eye | 
Open angle with borderline findings, high risk, right eye | 
Open angle with borderline findings, high risk, left eye | 
Open angle with borderline findings, high risk, unspecified eye"
4339013,"Branch retinal vein occlusion with macular edema",204489,1990530,3,"Tributary (branch) retinal vein occlusion, right eye, with macular edema | 
Tributary (branch) retinal vein occlusion, left eye, with macular edema | 
Tributary (branch) retinal vein occlusion, unspecified eye, with macular edema"
438749,"Posterior subcapsular polar senile cataract",877632,1936036,3,"Posterior subcapsular polar age-related cataract, right eye | 
Posterior subcapsular polar age-related cataract, left eye | 
Posterior subcapsular polar age-related cataract, unspecified eye"
374025,"Retinal hemorrhage",643877,1628879,3,"Retinal hemorrhage, right eye | 
Retinal hemorrhage, left eye | 
Retinal hemorrhage, unspecified eye"
4339010,"Central retinal vein occlusion with macular edema",149544,1613262,3,"Central retinal vein occlusion, left eye, with macular edema | 
Central retinal vein occlusion, right eye, with macular edema | 
Central retinal vein occlusion, unspecified eye, with macular edema"
4131963,"Drusen stage macular degeneration",791522,1599621,3,"Drusen (degenerative) of macula, right eye | 
Drusen (degenerative) of macula, left eye | 
Drusen (degenerative) of macula, unspecified eye"
380111,"Acute atopic conjunctivitis",1033800,1587066,3,"Acute atopic conjunctivitis, unspecified eye | 
Acute atopic conjunctivitis, right eye | 
Acute atopic conjunctivitis, left eye"
381290,"Ocular hypertension",505907,1541197,3,"Ocular hypertension, right eye | 
Ocular hypertension, left eye | 
Ocular hypertension, unspecified eye"
432312,"Chronic angle-closure glaucoma",607399,1512513,21,"Anatomical narrow angle, right eye | 
Anatomical narrow angle, left eye | 
Anatomical narrow angle, unspecified eye | 
Chronic angle-closure glaucoma, right eye, severe stage | 
Chronic angle-closure glaucoma, left eye, severe stage | 
Chronic angle-closure glaucoma, left eye, moderate stage | 
Chronic angle-closure glaucoma, right eye, moderate stage | 
Chronic angle-closure glaucoma, unspecified eye, stage unspecified | 
Chronic angle-closure glaucoma, right eye, mild stage | 
Chronic angle-closure glaucoma, left eye, mild stage | 
Chronic angle-closure glaucoma, right eye, stage unspecified | 
Chronic angle-closure glaucoma, left eye, stage unspecified | 
Chronic angle-closure glaucoma, right eye, indeterminate stage | 
Chronic angle-closure glaucoma, left eye, indeterminate stage | 
Chronic angle-closure glaucoma, unspecified eye, indeterminate stage | 
Chronic angle-closure glaucoma, unspecified eye, moderate stage | 
Chronic angle-closure glaucoma, unspecified eye, mild stage | 
Chronic angle-closure glaucoma, unspecified eye, severe stage | 
Chronic angle-closure glaucoma, left eye | 
Chronic angle-closure glaucoma, unspecified eye | 
Chronic angle-closure glaucoma, right eye"
43530656,"Nonproliferative retinopathy due to type 2 diabetes mellitus",181961,1495625,6,"Type 2 diabetes mellitus with severe nonproliferative diabetic retinopathy with macular edema, right eye | 
Type 2 diabetes mellitus with severe nonproliferative diabetic retinopathy with macular edema, left eye | 
Type 2 diabetes mellitus with severe nonproliferative diabetic retinopathy without macular edema, right eye | 
Type 2 diabetes mellitus with severe nonproliferative diabetic retinopathy without macular edema, left eye | 
Type 2 diabetes mellitus with severe nonproliferative diabetic retinopathy without macular edema, unspecified eye | 
Type 2 diabetes mellitus with severe nonproliferative diabetic retinopathy with macular edema, unspecified eye"
45763763,"Chalazion of upper eyelid",741909,1415479,2,"Chalazion left upper eyelid | 
Chalazion right upper eyelid"
4291304,"Dermatosis of eyelid",688374,1322011,3,"Dermatochalasis of unspecified eye, unspecified eyelid | 
Dermatochalasis of right eye, unspecified eyelid | 
Dermatochalasis of left eye, unspecified eyelid"
45763778,"Hordeolum externum of upper eyelid",875185,1295518,2,"Hordeolum externum left upper eyelid | 
Hordeolum externum right upper eyelid"
3663197,"Glaucoma suspect",461116,1203842,3,"Preglaucoma, unspecified, unspecified eye | 
Preglaucoma, unspecified, right eye | 
Preglaucoma, unspecified, left eye"
375552,"Pterygium",482002,1183310,8,"Unspecified pterygium of left eye | 
Unspecified pterygium of right eye | 
Unspecified pterygium of eye, bilateral | 
Unspecified pterygium of unspecified eye | 
Amyloid pterygium of right eye | 
Amyloid pterygium of eye, bilateral | 
Amyloid pterygium of left eye | 
Amyloid pterygium of unspecified eye"
4335874,"Seborrheic blepharitis",645466,1180804,5,"Squamous blepharitis right eye, upper and lower eyelids | 
Squamous blepharitis left eye, upper and lower eyelids | 
Squamous blepharitis right eye, unspecified eyelid | 
Squamous blepharitis unspecified eye, unspecified eyelid | 
Squamous blepharitis left eye, unspecified eyelid"
376422,"Mucopurulent conjunctivitis",876800,1168254,3,"Other mucopurulent conjunctivitis, right eye | 
Other mucopurulent conjunctivitis, left eye | 
Other mucopurulent conjunctivitis, unspecified eye"
45763759,"Chalazion of lower eyelid",641193,1166722,2,"Chalazion left lower eyelid | 
Chalazion right lower eyelid"
4290822,"Severe nonproliferative retinopathy with clinically significant macular edema due to diabetes mellitus",118993,1150658,10,"Type 2 diabetes mellitus with severe nonproliferative diabetic retinopathy with macular edema, right eye | 
Type 2 diabetes mellitus with severe nonproliferative diabetic retinopathy with macular edema, left eye | 
Type 2 diabetes mellitus with severe nonproliferative diabetic retinopathy with macular edema, unspecified eye | 
Diabetes mellitus due to underlying condition with severe nonproliferative diabetic retinopathy with macular edema, unspecified eye | 
Other specified diabetes mellitus with severe nonproliferative diabetic retinopathy with macular edema, unspecified eye | 
Other specified diabetes mellitus with severe nonproliferative diabetic retinopathy with macular edema, right eye | 
Other specified diabetes mellitus with severe nonproliferative diabetic retinopathy with macular edema, left eye | 
Drug or chemical induced diabetes mellitus with severe nonproliferative diabetic retinopathy with macular edema, right eye | 
Drug or chemical induced diabetes mellitus with severe nonproliferative diabetic retinopathy with macular edema, unspecified eye | 
Drug or chemical induced diabetes mellitus with severe nonproliferative diabetic retinopathy with macular edema, left eye"
376981,"Amblyopia",513291,1145076,6,"Unspecified amblyopia, left eye | 
Unspecified amblyopia, right eye | 
Unspecified amblyopia, unspecified eye | 
Amblyopia suspect, left eye | 
Amblyopia suspect, right eye | 
Amblyopia suspect, unspecified eye"
381017,"Refractive amblyopia",513939,1117340,3,"Refractive amblyopia, left eye | 
Refractive amblyopia, right eye | 
Refractive amblyopia, unspecified eye"
45763846,"Hordeolum externum of lower eyelid",744975,1088553,2,"Hordeolum externum left lower eyelid | 
Hordeolum externum right lower eyelid"
381444,"Contusion of eye",672633,1066702,9,"Contusion of eyeball and orbital tissues, left eye, initial encounter | 
Contusion of eyeball and orbital tissues, right eye, initial encounter | 
Contusion of eyeball and orbital tissues, unspecified eye, initial encounter | 
Contusion of eyeball and orbital tissues, left eye, subsequent encounter | 
Contusion of eyeball and orbital tissues, right eye, subsequent encounter | 
Contusion of eyeball and orbital tissues, unspecified eye, subsequent encounter | 
Contusion of eyeball and orbital tissues, unspecified eye | 
Contusion of eyeball and orbital tissues, right eye | 
Contusion of eyeball and orbital tissues, left eye"
381570,"Mechanical ptosis",442913,990492,4,"Mechanical ptosis of bilateral eyelids | 
Mechanical ptosis of left eyelid | 
Mechanical ptosis of right eyelid | 
Mechanical ptosis of unspecified eyelid"
381569,"Myogenic ptosis",414625,976702,4,"Myogenic ptosis of bilateral eyelids | 
Myogenic ptosis of left eyelid | 
Myogenic ptosis of right eyelid | 
Myogenic ptosis of unspecified eyelid"
37164929,"Seborrheic blepharitis of right lower eyelid",477365,969503,1,"Squamous blepharitis right lower eyelid"
433196,"Chorioretinal scar",451509,963753,6,"Unspecified chorioretinal scars, left eye | 
Unspecified chorioretinal scars, right eye | 
Other chorioretinal scars, left eye | 
Other chorioretinal scars, right eye | 
Unspecified chorioretinal scars, unspecified eye | 
Other chorioretinal scars, unspecified eye"
4219836,"Contusion of ocular adnexa and periocular tissues",619986,928970,9,"Contusion of left eyelid and periocular area, initial encounter | 
Contusion of right eyelid and periocular area, initial encounter | 
Contusion of unspecified eyelid and periocular area, initial encounter | 
Contusion of left eyelid and periocular area, subsequent encounter | 
Contusion of right eyelid and periocular area, subsequent encounter | 
Contusion of unspecified eyelid and periocular area, subsequent encounter | 
Contusion of right eyelid and periocular area | 
Contusion of left eyelid and periocular area | 
Contusion of unspecified eyelid and periocular area"
441561,"Low tension glaucoma",220074,895989,18,"Low-tension glaucoma, left eye, moderate stage | 
Low-tension glaucoma, right eye, mild stage | 
Low-tension glaucoma, right eye, moderate stage | 
Low-tension glaucoma, left eye, mild stage | 
Low-tension glaucoma, left eye, severe stage | 
Low-tension glaucoma, right eye, severe stage | 
Low-tension glaucoma, unspecified eye, stage unspecified | 
Low-tension glaucoma, right eye, stage unspecified | 
Low-tension glaucoma, left eye, indeterminate stage | 
Low-tension glaucoma, left eye, stage unspecified | 
Low-tension glaucoma, right eye, indeterminate stage | 
Low-tension glaucoma, unspecified eye, moderate stage | 
Low-tension glaucoma, unspecified eye, mild stage | 
Low-tension glaucoma, unspecified eye, severe stage | 
Low-tension glaucoma, unspecified eye, indeterminate stage | 
Low-tension glaucoma, right eye | 
Low-tension glaucoma, unspecified eye | 
Low-tension glaucoma, left eye"
436398,"Glaucoma associated with ocular disorder",201829,891624,24,"Glaucoma secondary to other eye disorders, right eye, severe stage | 
Glaucoma secondary to other eye disorders, left eye, severe stage | 
Glaucoma secondary to other eye disorders, unspecified eye, stage unspecified | 
Glaucoma secondary to other eye disorders, bilateral, severe stage | 
Glaucoma secondary to other eye disorders, right eye, moderate stage | 
Glaucoma secondary to other eye disorders, right eye, indeterminate stage | 
Glaucoma secondary to other eye disorders, left eye, indeterminate stage | 
Glaucoma secondary to other eye disorders, left eye, moderate stage | 
Glaucoma secondary to other eye disorders, right eye, stage unspecified | 
Glaucoma secondary to other eye disorders, left eye, stage unspecified | 
Glaucoma secondary to other eye disorders, bilateral, moderate stage | 
Glaucoma secondary to other eye disorders, right eye, mild stage | 
Glaucoma secondary to other eye disorders, bilateral, indeterminate stage | 
Glaucoma secondary to other eye disorders, bilateral, stage unspecified | 
Glaucoma secondary to other eye disorders, left eye, mild stage | 
Glaucoma secondary to other eye disorders, bilateral, mild stage | 
Glaucoma secondary to other eye disorders, unspecified eye, severe stage | 
Glaucoma secondary to other eye disorders, unspecified eye, mild stage | 
Glaucoma secondary to other eye disorders, unspecified eye, indeterminate stage | 
Glaucoma secondary to other eye disorders, unspecified eye, moderate stage | 
Glaucoma secondary to other eye disorders, right eye | 
Glaucoma secondary to other eye disorders, left eye | 
Glaucoma secondary to other eye disorders, unspecified eye | 
Glaucoma secondary to other eye disorders, bilateral"
312622,"Venous retinal branch occlusion",233252,853962,6,"Tributary (branch) retinal vein occlusion, right eye, stable | 
Tributary (branch) retinal vein occlusion, left eye, stable | 
Tributary (branch) retinal vein occlusion, unspecified eye, stable | 
Tributary (branch) retinal vein occlusion, unspecified eye | 
Tributary (branch) retinal vein occlusion, left eye | 
Tributary (branch) retinal vein occlusion, right eye"
380403,"External hordeolum",603132,837620,3,"Hordeolum externum unspecified eye, unspecified eyelid | 
Hordeolum externum left eye, unspecified eyelid | 
Hordeolum externum right eye, unspecified eyelid"
37109050,"Meibomian gland dysfunction of right eye",460988,837162,4,"Meibomian gland dysfunction right eye, upper and lower eyelids | 
Meibomian gland dysfunction of right eye, unspecified eyelid | 
Meibomian gland dysfunction right lower eyelid | 
Meibomian gland dysfunction right upper eyelid"
437273,"Pseudoexfoliation glaucoma",175606,828658,18,"Capsular glaucoma with pseudoexfoliation of lens, right eye, mild stage | 
Capsular glaucoma with pseudoexfoliation of lens, left eye, severe stage | 
Capsular glaucoma with pseudoexfoliation of lens, left eye, mild stage | 
Capsular glaucoma with pseudoexfoliation of lens, right eye, severe stage | 
Capsular glaucoma with pseudoexfoliation of lens, left eye, moderate stage | 
Capsular glaucoma with pseudoexfoliation of lens, right eye, moderate stage | 
Capsular glaucoma with pseudoexfoliation of lens, unspecified eye, severe stage | 
Capsular glaucoma with pseudoexfoliation of lens, unspecified eye, stage unspecified | 
Capsular glaucoma with pseudoexfoliation of lens, unspecified eye, moderate stage | 
Capsular glaucoma with pseudoexfoliation of lens, unspecified eye, mild stage | 
Capsular glaucoma with pseudoexfoliation of lens, left eye, stage unspecified | 
Capsular glaucoma with pseudoexfoliation of lens, right eye, stage unspecified | 
Capsular glaucoma with pseudoexfoliation of lens, left eye, indeterminate stage | 
Capsular glaucoma with pseudoexfoliation of lens, right eye, indeterminate stage | 
Capsular glaucoma with pseudoexfoliation of lens, unspecified eye, indeterminate stage | 
Capsular glaucoma with pseudoexfoliation of lens, unspecified eye | 
Capsular glaucoma with pseudoexfoliation of lens, left eye | 
Capsular glaucoma with pseudoexfoliation of lens, right eye"
439303,"Horseshoe retinal tear without detachment",268879,828561,3,"Horseshoe tear of retina without detachment, right eye | 
Horseshoe tear of retina without detachment, left eye | 
Horseshoe tear of retina without detachment, unspecified eye"
433471,"Retinal neovascularization",155331,821595,3,"Retinal neovascularization, unspecified, left eye | 
Retinal neovascularization, unspecified, right eye | 
Retinal neovascularization, unspecified, unspecified eye"
37164930,"Seborrheic blepharitis of left lower eyelid",413045,813873,1,"Squamous blepharitis left lower eyelid"
375265,"Superficial punctate keratitis",438906,807962,3,"Punctate keratitis, left eye | 
Punctate keratitis, right eye | 
Punctate keratitis, unspecified eye"
45763845,"Internal hordeolum of upper eyelid",491124,792592,2,"Hordeolum internum right upper eyelid | 
Hordeolum internum left upper eyelid"
45773210,"Internal hordeolum of lower eyelid",474440,776734,2,"Hordeolum internum right lower eyelid | 
Hordeolum internum left lower eyelid"
4152163,"Injury of eye region",537443,769665,27,"Unspecified injury of left eye and orbit, initial encounter | 
Unspecified injury of right eye and orbit, initial encounter | 
Unspecified injury of unspecified eye and orbit, initial encounter | 
Other injuries of left eye and orbit, initial encounter | 
Other injuries of right eye and orbit, initial encounter | 
Unspecified injury of left eye and orbit, subsequent encounter | 
Unspecified injury of right eye and orbit, subsequent encounter | 
Open bite of right eyelid and periocular area, initial encounter | 
Open bite of left eyelid and periocular area, initial encounter | 
Other injuries of left eye and orbit, subsequent encounter | 
Other injuries of right eye and orbit, subsequent encounter | 
Other injuries of unspecified eye and orbit, initial encounter | 
Unspecified injury of unspecified eye and orbit, subsequent encounter | 
Open bite of unspecified eyelid and periocular area, initial encounter | 
Open bite of right eyelid and periocular area, subsequent encounter | 
Open bite of left eyelid and periocular area, subsequent encounter | 
Other injuries of unspecified eye and orbit, subsequent encounter | 
Open bite of unspecified eyelid and periocular area, subsequent encounter | 
Other injuries of unspecified eye and orbit | 
Unspecified injury of left eye and orbit | 
Open bite of right eyelid and periocular area | 
Other injuries of left eye and orbit | 
Unspecified injury of unspecified eye and orbit | 
Unspecified injury of right eye and orbit | 
Open bite of left eyelid and periocular area | 
Open bite of unspecified eyelid and periocular area | 
Other injuries of right eye and orbit"
4103749,"Keratoconjunctivitis sicca (excluding Sjögren syndrome)",347942,764963,3,"Keratoconjunctivitis sicca, not specified as Sjogren's, right eye | 
Keratoconjunctivitis sicca, not specified as Sjogren's, left eye | 
Keratoconjunctivitis sicca, not specified as Sjogren's, unspecified eye"
375551,"Blepharochalasis",371057,736528,5,"Blepharochalasis right upper eyelid | 
Blepharochalasis left upper eyelid | 
Blepharochalasis unspecified eye, unspecified eyelid | 
Blepharochalasis right eye, unspecified eyelid | 
Blepharochalasis left eye, unspecified eyelid"
376965,"Hypertensive retinopathy",312604,736382,3,"Hypertensive retinopathy, unspecified eye | 
Hypertensive retinopathy, right eye | 
Hypertensive retinopathy, left eye"
4265749,"Meibomian gland dysfunction",406643,731274,4,"Meibomian gland dysfunction left eye, upper and lower eyelids | 
Meibomian gland dysfunction of left eye, unspecified eyelid | 
Meibomian gland dysfunction left lower eyelid | 
Meibomian gland dysfunction left upper eyelid"
381295,"Senile cataract",172574,691392,3,"Age-related cataract, morgagnian type, right eye | 
Age-related cataract, morgagnian type, left eye | 
Age-related cataract, morgagnian type, unspecified eye"
4130588,"Morgagnian cataract",172574,691392,3,"Age-related cataract, morgagnian type, right eye | 
Age-related cataract, morgagnian type, left eye | 
Age-related cataract, morgagnian type, unspecified eye"
319016,"Retinal lattice degeneration",276013,667560,3,"Lattice degeneration of retina, left eye | 
Lattice degeneration of retina, right eye | 
Lattice degeneration of retina, unspecified eye"
4055484,"Rhegmatogenous retinal detachment",190569,648730,3,"Unspecified retinal detachment with retinal break, right eye | 
Unspecified retinal detachment with retinal break, left eye | 
Unspecified retinal detachment with retinal break, unspecified eye"
373202,"Corneal ulcer",169901,642379,3,"Unspecified corneal ulcer, left eye | 
Unspecified corneal ulcer, right eye | 
Unspecified corneal ulcer, unspecified eye"
374640,"Serous retinal detachment",219746,625704,3,"Serous retinal detachment, right eye | 
Serous retinal detachment, left eye | 
Serous retinal detachment, unspecified eye"
373487,"Ischemic optic neuropathy",170825,623254,3,"Ischemic optic neuropathy, right eye | 
Ischemic optic neuropathy, left eye | 
Ischemic optic neuropathy, unspecified eye"
372907,"Scarred macula",235776,622518,3,"Macula scars of posterior pole (postinflammatory) (post-traumatic), left eye | 
Macula scars of posterior pole (postinflammatory) (post-traumatic), right eye | 
Macula scars of posterior pole (postinflammatory) (post-traumatic), unspecified eye"
4009187,"Manifest vertical squint",238225,622370,2,"Vertical strabismus, right eye | 
Vertical strabismus, left eye"
4023310,"Blindness AND/OR vision impairment level",172629,613251,2,"Blindness, one eye, unspecified eye | 
Unqualified visual loss, one eye, unspecified"
46273180,"Retinal detachment with single break",169777,603359,3,"Retinal detachment with single break, right eye | 
Retinal detachment with single break, left eye | 
Retinal detachment with single break, unspecified eye"
45763584,"Proliferative retinopathy due to type 1 diabetes mellitus",105109,593996,18,"Type 1 diabetes mellitus with proliferative diabetic retinopathy with macular edema, right eye | 
Type 1 diabetes mellitus with proliferative diabetic retinopathy with macular edema, left eye | 
Type 1 diabetes mellitus with proliferative diabetic retinopathy without macular edema, right eye | 
Type 1 diabetes mellitus with proliferative diabetic retinopathy without macular edema, left eye | 
Type 1 diabetes mellitus with proliferative diabetic retinopathy without macular edema, unspecified eye | 
Type 1 diabetes mellitus with proliferative diabetic retinopathy with macular edema, unspecified eye | 
Type 1 diabetes mellitus with proliferative diabetic retinopathy with traction retinal detachment involving the macula, left eye | 
Type 1 diabetes mellitus with proliferative diabetic retinopathy with traction retinal detachment involving the macula, right eye | 
Type 1 diabetes mellitus with proliferative diabetic retinopathy with traction retinal detachment not involving the macula, left eye | 
Type 1 diabetes mellitus with proliferative diabetic retinopathy with traction retinal detachment not involving the macula, right eye | 
Type 1 diabetes mellitus with stable proliferative diabetic retinopathy, right eye | 
Type 1 diabetes mellitus with stable proliferative diabetic retinopathy, left eye | 
Type 1 diabetes mellitus with stable proliferative diabetic retinopathy, unspecified eye | 
Type 1 diabetes mellitus with proliferative diabetic retinopathy with combined traction retinal detachment and rhegmatogenous retinal detachment, right eye | 
Type 1 diabetes mellitus with proliferative diabetic retinopathy with combined traction retinal detachment and rhegmatogenous retinal detachment, left eye | 
Type 1 diabetes mellitus with proliferative diabetic retinopathy with traction retinal detachment not involving the macula, unspecified eye | 
Type 1 diabetes mellitus with proliferative diabetic retinopathy with traction retinal detachment involving the macula, unspecified eye | 
Type 1 diabetes mellitus with proliferative diabetic retinopathy with combined traction retinal detachment and rhegmatogenous retinal detachment, unspecified eye"
375249,"Traction detachment of retina",135496,588280,3,"Traction detachment of retina, left eye | 
Traction detachment of retina, right eye | 
Traction detachment of retina, unspecified eye"
313761,"Central retinal vein occlusion",150066,578992,6,"Central retinal vein occlusion, left eye, stable | 
Central retinal vein occlusion, right eye, stable | 
Central retinal vein occlusion, unspecified eye, stable | 
Central retinal vein occlusion, right eye | 
Central retinal vein occlusion, unspecified eye | 
Central retinal vein occlusion, left eye"
374649,"Strabismic amblyopia",234215,565353,3,"Strabismic amblyopia, left eye | 
Strabismic amblyopia, right eye | 
Strabismic amblyopia, unspecified eye"
316126,"Crystalline deposits in vitreous",198190,551962,3,"Crystalline deposits in vitreous body, left eye | 
Crystalline deposits in vitreous body, right eye | 
Crystalline deposits in vitreous body, unspecified eye"
45757571,"Bilateral visual impairment",47510,527412,3,"Blindness, one eye, low vision other eye, unspecified eyes | 
Blindness, left eye, low vision right eye | 
Blindness, right eye, low vision left eye"
438422,"Primary iridocyclitis",191842,526518,3,"Primary iridocyclitis, left eye | 
Primary iridocyclitis, right eye | 
Primary iridocyclitis, unspecified eye"
4317982,"Lower eyelid ectropion",236590,519797,2,"Unspecified ectropion of left lower eyelid | 
Unspecified ectropion of right lower eyelid"
4120318,"Retinal round hole",202329,516311,3,"Round hole, left eye | 
Round hole, right eye | 
Round hole, unspecified eye"
437540,"Central retinal artery occlusion",101505,503541,3,"Central retinal artery occlusion, right eye | 
Central retinal artery occlusion, left eye | 
Central retinal artery occlusion, unspecified eye"
36712705,"Vitreomacular adhesion of left eye",146624,486196,1,"Vitreomacular adhesion, left eye"
36684646,"Senile ectropion of right lower eyelid",194108,476224,1,"Senile ectropion of right lower eyelid"
36684711,"Senile ectropion of left lower eyelid",192700,467101,1,"Senile ectropion of left lower eyelid"
381572,"Abducens nerve palsy",143531,465208,3,"Sixth [abducent] nerve palsy, left eye | 
Sixth [abducent] nerve palsy, right eye | 
Sixth [abducent] nerve palsy, unspecified eye"
437544,"Arterial retinal branch occlusion",118829,456139,3,"Retinal artery branch occlusion, right eye | 
Retinal artery branch occlusion, left eye | 
Retinal artery branch occlusion, unspecified eye"
381033,"Aphakia",127307,448158,3,"Aphakia, right eye | 
Aphakia, left eye | 
Aphakia, unspecified eye"
375285,"Monocular esotropia",186264,442825,2,"Monocular esotropia, left eye | 
Monocular esotropia, right eye"
441851,"Serous detachment of retinal pigment epithelium",110425,435763,3,"Serous detachment of retinal pigment epithelium, left eye | 
Serous detachment of retinal pigment epithelium, right eye | 
Serous detachment of retinal pigment epithelium, unspecified eye"
377560,"Internal hordeolum",248051,431564,3,"Hordeolum internum unspecified eye, unspecified eyelid | 
Hordeolum internum right eye, unspecified eyelid | 
Hordeolum internum left eye, unspecified eyelid"
46273990,"Retinal detachment with multiple breaks",110169,430575,3,"Retinal detachment with multiple breaks, right eye | 
Retinal detachment with multiple breaks, left eye | 
Retinal detachment with multiple breaks, unspecified eye"
4164640,"Blind right eye",187853,420073,7,"Unqualified visual loss, right eye, normal vision left eye | 
Blindness right eye, category 4 | 
Blindness, right eye, category 3 | 
Blindness, right eye, category 4 | 
Blindness, right eye, category 5 | 
Blindness right eye, category 3 | 
Blindness right eye, category 5"
4164639,"Blind left eye",190694,419438,2,"Unqualified visual loss, left eye, normal vision right eye | 
Blindness, left eye, category 3-5"
435993,"Foreign body in conjunctival sac",307381,418855,9,"Foreign body in conjunctival sac, right eye, initial encounter | 
Foreign body in conjunctival sac, left eye, initial encounter | 
Foreign body in conjunctival sac, unspecified eye, initial encounter | 
Foreign body in conjunctival sac, left eye, subsequent encounter | 
Foreign body in conjunctival sac, right eye, subsequent encounter | 
Foreign body in conjunctival sac, unspecified eye, subsequent encounter | 
Foreign body in conjunctival sac, unspecified eye | 
Foreign body in conjunctival sac, left eye | 
Foreign body in conjunctival sac, right eye"
432621,"Purulent endophthalmitis",100938,411814,3,"Unspecified purulent endophthalmitis, right eye | 
Unspecified purulent endophthalmitis, left eye | 
Unspecified purulent endophthalmitis, unspecified eye"
36712706,"Vitreomacular adhesion of right eye",126658,409222,1,"Vitreomacular adhesion, right eye"
373203,"Central opacity of cornea",152218,402026,3,"Central corneal opacity, right eye | 
Central corneal opacity, left eye | 
Central corneal opacity, unspecified eye"
45757695,"Total retinal detachment",114815,397703,3,"Total retinal detachment, right eye | 
Total retinal detachment, left eye | 
Total retinal detachment, unspecified eye"
201254,"Type 1 diabetes mellitus",116355,391940,12,"Type 1 diabetes mellitus with proliferative diabetic retinopathy without macular edema, right eye | 
Type 1 diabetes mellitus with proliferative diabetic retinopathy without macular edema, left eye | 
Type 1 diabetes mellitus with mild nonproliferative diabetic retinopathy without macular edema, unspecified eye | 
Type 1 diabetes mellitus with proliferative diabetic retinopathy without macular edema, unspecified eye | 
Type 1 diabetes mellitus with mild nonproliferative diabetic retinopathy without macular edema, right eye | 
Type 1 diabetes mellitus with mild nonproliferative diabetic retinopathy without macular edema, left eye | 
Type 1 diabetes mellitus with moderate nonproliferative diabetic retinopathy without macular edema, right eye | 
Type 1 diabetes mellitus with moderate nonproliferative diabetic retinopathy without macular edema, left eye | 
Type 1 diabetes mellitus with moderate nonproliferative diabetic retinopathy without macular edema, unspecified eye | 
Type 1 diabetes mellitus with stable proliferative diabetic retinopathy, right eye | 
Type 1 diabetes mellitus with stable proliferative diabetic retinopathy, left eye | 
Type 1 diabetes mellitus with stable proliferative diabetic retinopathy, unspecified eye"
381581,"Chalazion",254441,389784,3,"Chalazion unspecified eye, unspecified eyelid | 
Chalazion right eye, unspecified eyelid | 
Chalazion left eye, unspecified eyelid"
380720,"Secondary corneal edema",125225,387981,3,"Secondary corneal edema, right eye | 
Secondary corneal edema, left eye | 
Secondary corneal edema, unspecified eye"
380402,"Central corneal ulcer",86290,386200,3,"Central corneal ulcer, left eye | 
Central corneal ulcer, right eye | 
Central corneal ulcer, unspecified eye"
37311952,"Glaucoma due to eye inflammation",78135,385911,24,"Glaucoma secondary to eye inflammation, bilateral, severe stage | 
Glaucoma secondary to eye inflammation, left eye, severe stage | 
Glaucoma secondary to eye inflammation, right eye, severe stage | 
Glaucoma secondary to eye inflammation, bilateral, moderate stage | 
Glaucoma secondary to eye inflammation, left eye, moderate stage | 
Glaucoma secondary to eye inflammation, right eye, moderate stage | 
Glaucoma secondary to eye inflammation, left eye, mild stage | 
Glaucoma secondary to eye inflammation, right eye, mild stage | 
Glaucoma secondary to eye inflammation, bilateral, mild stage | 
Glaucoma secondary to eye inflammation, unspecified eye, stage unspecified | 
Glaucoma secondary to eye inflammation, left eye, stage unspecified | 
Glaucoma secondary to eye inflammation, bilateral, stage unspecified | 
Glaucoma secondary to eye inflammation, right eye, stage unspecified | 
Glaucoma secondary to eye inflammation, bilateral, indeterminate stage | 
Glaucoma secondary to eye inflammation, left eye, indeterminate stage | 
Glaucoma secondary to eye inflammation, right eye, indeterminate stage | 
Glaucoma secondary to eye inflammation, unspecified eye, severe stage | 
Glaucoma secondary to eye inflammation, unspecified eye, moderate stage | 
Glaucoma secondary to eye inflammation, unspecified eye, mild stage | 
Glaucoma secondary to eye inflammation, unspecified eye, indeterminate stage | 
Glaucoma secondary to eye inflammation, right eye | 
Glaucoma secondary to eye inflammation, left eye | 
Glaucoma secondary to eye inflammation, unspecified eye | 
Glaucoma secondary to eye inflammation, bilateral"
374946,"Recurrent erosion of cornea",131270,384441,3,"Recurrent erosion of cornea, left eye | 
Recurrent erosion of cornea, right eye | 
Recurrent erosion of cornea, unspecified eye"
375274,"Monocular exotropia",163554,381897,2,"Monocular exotropia, right eye | 
Monocular exotropia, left eye"
4266637,"Severe nonproliferative retinopathy without macular edema due to diabetes mellitus",66265,358394,12,"Type 2 diabetes mellitus with severe nonproliferative diabetic retinopathy without macular edema, right eye | 
Type 2 diabetes mellitus with severe nonproliferative diabetic retinopathy without macular edema, left eye | 
Type 2 diabetes mellitus with severe nonproliferative diabetic retinopathy without macular edema, unspecified eye | 
Diabetes mellitus due to underlying condition with severe nonproliferative diabetic retinopathy without macular edema, right eye | 
Diabetes mellitus due to underlying condition with severe nonproliferative diabetic retinopathy without macular edema, unspecified eye | 
Diabetes mellitus due to underlying condition with severe nonproliferative diabetic retinopathy without macular edema, left eye | 
Other specified diabetes mellitus with severe nonproliferative diabetic retinopathy without macular edema, unspecified eye | 
Other specified diabetes mellitus with severe nonproliferative diabetic retinopathy without macular edema, right eye | 
Other specified diabetes mellitus with severe nonproliferative diabetic retinopathy without macular edema, left eye | 
Drug or chemical induced diabetes mellitus with severe nonproliferative diabetic retinopathy without macular edema, unspecified eye | 
Drug or chemical induced diabetes mellitus with severe nonproliferative diabetic retinopathy without macular edema, right eye | 
Drug or chemical induced diabetes mellitus with severe nonproliferative diabetic retinopathy without macular edema, left eye"
376124,"Pinguecula",203330,357390,3,"Pinguecula, right eye | 
Pinguecula, left eye | 
Pinguecula, unspecified eye"
4291143,"Basal cell carcinoma of lower eyelid",57086,352311,2,"Basal cell carcinoma of skin of left lower eyelid, including canthus | 
Basal cell carcinoma of skin of right lower eyelid, including canthus"
4189235,"Third cranial nerve weakness",92733,334104,3,"Third [oculomotor] nerve palsy, right eye | 
Third [oculomotor] nerve palsy, left eye | 
Third [oculomotor] nerve palsy, unspecified eye"
375815,"Bullous keratopathy",74500,333519,3,"Bullous keratopathy, right eye | 
Bullous keratopathy, left eye | 
Bullous keratopathy, unspecified eye"
45763766,"Ulcerative blepharitis of upper eyelid",160825,332091,2,"Ulcerative blepharitis right upper eyelid | 
Ulcerative blepharitis left upper eyelid"
44784454,"Localized visual field defect",178223,324365,3,"Other localized visual field defect, left eye | 
Other localized visual field defect, right eye | 
Other localized visual field defect, unspecified eye"
372646,"Peripheral pterygium, stationary",149964,321520,3,"Peripheral pterygium, stationary, left eye | 
Peripheral pterygium, stationary, right eye | 
Peripheral pterygium, stationary, unspecified eye"
374950,"Edema of eyelid",226724,315452,3,"Edema of left eye, unspecified eyelid | 
Edema of right eye, unspecified eyelid | 
Edema of unspecified eye, unspecified eyelid"
434926,"Iridocyclitis",75922,314620,3,"Chronic iridocyclitis, left eye | 
Chronic iridocyclitis, right eye | 
Chronic iridocyclitis, unspecified eye"
37118667,"Disorder of anterior uveal tract",42477,313281,4,"Other vascular disorders of iris and ciliary body, right eye | 
Other vascular disorders of iris and ciliary body, left eye | 
Other vascular disorders of iris and ciliary body, unspecified eye | 
Unspecified adhesions of iris and ciliary body, unspecified eye"
36712753,"Foreign body in right cornea",197892,312719,3,"Foreign body in cornea, right eye, initial encounter | 
Foreign body in cornea, right eye, subsequent encounter | 
Foreign body in cornea, right eye"
443784,"Vascular disorder",41456,311395,3,"Other vascular disorders of iris and ciliary body, right eye | 
Other vascular disorders of iris and ciliary body, left eye | 
Other vascular disorders of iris and ciliary body, unspecified eye"
433909,"Foreign body on external eye",223788,310812,19,"Foreign body on external eye, part unspecified, right eye, initial encounter | 
Foreign body on external eye, part unspecified, left eye, initial encounter | 
Foreign body on external eye, part unspecified, unspecified eye, initial encounter | 
Foreign body in other and multiple parts of external eye, right eye, initial encounter | 
Foreign body in other and multiple parts of external eye, left eye, initial encounter | 
Foreign body on external eye, part unspecified, left eye, subsequent encounter | 
Foreign body on external eye, part unspecified, right eye, subsequent encounter | 
Foreign body in other and multiple parts of external eye, unspecified eye, initial encounter | 
Foreign body on external eye, part unspecified, unspecified eye, subsequent encounter | 
Foreign body in other and multiple parts of external eye, left eye, subsequent encounter | 
Foreign body in other and multiple parts of external eye, right eye, subsequent encounter | 
Foreign body in other and multiple parts of external eye, unspecified eye, subsequent encounter | 
Foreign body in other and multiple parts of external eye, left eye | 
Foreign body on external eye, part unspecified, unspecified eye | 
Foreign body in other and multiple parts of external eye, unspecified eye | 
Foreign body on external eye, part unspecified, right eye | 
Foreign body on external eye, part unspecified, left eye | 
Foreign body in other and multiple parts of external eye, right eye | 
Foreign body on external eye, part unspecified"
42535528,"Blepharitis of right eyelid",177863,307617,1,"Unspecified blepharitis right eye, upper and lower eyelids"
379812,"Exposure keratoconjunctivitis",110452,307282,3,"Exposure keratoconjunctivitis, left eye | 
Exposure keratoconjunctivitis, right eye | 
Exposure keratoconjunctivitis, unspecified eye"
195771,"Secondary diabetes mellitus",53897,302228,38,"Diabetes mellitus due to underlying condition with mild nonproliferative diabetic retinopathy with macular edema, right eye | 
Diabetes mellitus due to underlying condition with proliferative diabetic retinopathy with macular edema, right eye | 
Diabetes mellitus due to underlying condition with mild nonproliferative diabetic retinopathy without macular edema, right eye | 
Diabetes mellitus due to underlying condition with mild nonproliferative diabetic retinopathy without macular edema, unspecified eye | 
Diabetes mellitus due to underlying condition with proliferative diabetic retinopathy with macular edema, unspecified eye | 
Diabetes mellitus due to underlying condition with mild nonproliferative diabetic retinopathy with macular edema, left eye | 
Diabetes mellitus due to underlying condition with mild nonproliferative diabetic retinopathy without macular edema, left eye | 
Diabetes mellitus due to underlying condition with mild nonproliferative diabetic retinopathy with macular edema, unspecified eye | 
Diabetes mellitus due to underlying condition with proliferative diabetic retinopathy with macular edema, left eye | 
Diabetes mellitus due to underlying condition with proliferative diabetic retinopathy without macular edema, unspecified eye | 
Diabetes mellitus due to underlying condition with moderate nonproliferative diabetic retinopathy with macular edema, right eye | 
Diabetes mellitus due to underlying condition with proliferative diabetic retinopathy with traction retinal detachment involving the macula, right eye | 
Diabetes mellitus due to underlying condition with moderate nonproliferative diabetic retinopathy with macular edema, left eye | 
Diabetes mellitus due to underlying condition with proliferative diabetic retinopathy without macular edema, right eye | 
Diabetes mellitus due to underlying condition with stable proliferative diabetic retinopathy, unspecified eye | 
Diabetes mellitus due to underlying condition with severe nonproliferative diabetic retinopathy with macular edema, left eye | 
Diabetes mellitus due to underlying condition with moderate nonproliferative diabetic retinopathy without macular edema, right eye | 
Diabetes mellitus due to underlying condition with proliferative diabetic retinopathy without macular edema, left eye | 
Diabetes mellitus due to underlying condition with severe nonproliferative diabetic retinopathy with macular edema, right eye | 
Diabetes mellitus due to underlying condition with moderate nonproliferative diabetic retinopathy without macular edema, unspecified eye | 
Diabetes mellitus due to underlying condition with moderate nonproliferative diabetic retinopathy without macular edema, left eye | 
Diabetes mellitus due to underlying condition with stable proliferative diabetic retinopathy, right eye | 
Diabetes mellitus due to underlying condition with diabetic macular edema, resolved following treatment, left eye | 
Diabetes mellitus due to underlying condition with proliferative diabetic retinopathy with traction retinal detachment involving the macula, left eye | 
Diabetes mellitus due to underlying condition with stable proliferative diabetic retinopathy, left eye | 
Diabetes mellitus due to underlying condition with diabetic macular edema, resolved following treatment, unspecified eye | 
Diabetes mellitus due to underlying condition with proliferative diabetic retinopathy with combined traction retinal detachment and rhegmatogenous retinal detachment, unspecified eye | 
Diabetes mellitus due to underlying condition with diabetic macular edema, resolved following treatment, right eye | 
Diabetes mellitus due to underlying condition with severe nonproliferative diabetic retinopathy without macular edema, right eye | 
Diabetes mellitus due to underlying condition with severe nonproliferative diabetic retinopathy without macular edema, unspecified eye | 
Diabetes mellitus due to underlying condition with proliferative diabetic retinopathy with combined traction retinal detachment and rhegmatogenous retinal detachment, left eye | 
Diabetes mellitus due to underlying condition with severe nonproliferative diabetic retinopathy with macular edema, unspecified eye | 
Diabetes mellitus due to underlying condition with proliferative diabetic retinopathy with combined traction retinal detachment and rhegmatogenous retinal detachment, right eye | 
Diabetes mellitus due to underlying condition with severe nonproliferative diabetic retinopathy without macular edema, left eye | 
Diabetes mellitus due to underlying condition with proliferative diabetic retinopathy with traction retinal detachment not involving the macula, left eye | 
Diabetes mellitus due to underlying condition with proliferative diabetic retinopathy with traction retinal detachment not involving the macula, right eye | 
Diabetes mellitus due to underlying condition with proliferative diabetic retinopathy with traction retinal detachment involving the macula, unspecified eye | 
Diabetes mellitus due to underlying condition with proliferative diabetic retinopathy with traction retinal detachment not involving the macula, unspecified eye"
4108644,"Abrasion of eye region",204691,297085,9,"Abrasion of left eyelid and periocular area, initial encounter | 
Abrasion of right eyelid and periocular area, initial encounter | 
Abrasion of unspecified eyelid and periocular area, initial encounter | 
Abrasion of right eyelid and periocular area, subsequent encounter | 
Abrasion of left eyelid and periocular area, subsequent encounter | 
Abrasion of unspecified eyelid and periocular area, subsequent encounter | 
Abrasion of right eyelid and periocular area | 
Abrasion of left eyelid and periocular area | 
Abrasion of unspecified eyelid and periocular area"
372894,"Central serous chorioretinopathy",71541,295299,3,"Central serous chorioretinopathy, left eye | 
Central serous chorioretinopathy, right eye | 
Central serous chorioretinopathy, unspecified eye"
36712754,"Foreign body in left cornea",186347,294937,3,"Foreign body in cornea, left eye, initial encounter | 
Foreign body in cornea, left eye, subsequent encounter | 
Foreign body in cornea, left eye"
436695,"Band-shaped keratopathy",69782,285360,3,"Band keratopathy, right eye | 
Band keratopathy, left eye | 
Band keratopathy, unspecified eye"
377291,"Peripheral pterygium, progressive",111788,281337,3,"Peripheral pterygium, progressive, right eye | 
Peripheral pterygium, progressive, left eye | 
Peripheral pterygium, progressive, unspecified eye"
374931,"Marginal corneal ulcer",99350,280044,3,"Marginal corneal ulcer, left eye | 
Marginal corneal ulcer, right eye | 
Marginal corneal ulcer, unspecified eye"
376412,"Acute follicular conjunctivitis",193181,274876,3,"Acute follicular conjunctivitis, right eye | 
Acute follicular conjunctivitis, left eye | 
Acute follicular conjunctivitis, unspecified eye"
44782821,"Cataract fragments in the eye post cataract surgery",77229,274597,4,"Cataract (lens) fragments in eye following cataract surgery, left eye | 
Cataract (lens) fragments in eye following cataract surgery, right eye | 
Cataract (lens) fragments in eye following cataract surgery, unspecified eye | 
Cataract (lens) fragments in eye following cataract surgery, bilateral"
4208200,"Postoperative cystoid macular edema",93207,273211,3,"Cystoid macular edema following cataract surgery, right eye | 
Cystoid macular edema following cataract surgery, left eye | 
Cystoid macular edema following cataract surgery, unspecified eye"
372914,"Optic atrophy",111309,265414,3,"Other optic atrophy, left eye | 
Other optic atrophy, right eye | 
Other optic atrophy, unspecified eye"
432904,"Hyphema",74900,264203,3,"Hyphema, right eye | 
Hyphema, left eye | 
Hyphema, unspecified eye"
378439,"Fourth nerve palsy",92670,257388,3,"Fourth [trochlear] nerve palsy, right eye | 
Fourth [trochlear] nerve palsy, left eye | 
Fourth [trochlear] nerve palsy, unspecified eye"
381281,"Degenerative progressive high myopia",86343,257038,15,"Degenerative myopia, right eye | 
Degenerative myopia, left eye | 
Degenerative myopia, unspecified eye | 
Degenerative myopia with other maculopathy, right eye | 
Degenerative myopia with other maculopathy, left eye | 
Degenerative myopia with retinal detachment, right eye | 
Degenerative myopia with macular hole, right eye | 
Degenerative myopia with retinal detachment, left eye | 
Degenerative myopia with macular hole, left eye | 
Degenerative myopia with foveoschisis, right eye | 
Degenerative myopia with foveoschisis, left eye | 
Degenerative myopia with macular hole, unspecified eye | 
Degenerative myopia with other maculopathy, unspecified eye | 
Degenerative myopia with retinal detachment, unspecified eye | 
Degenerative myopia with foveoschisis, unspecified eye"
40482507,"Incipient senile cataract",140279,255839,3,"Other age-related incipient cataract, right eye | 
Other age-related incipient cataract, left eye | 
Other age-related incipient cataract, unspecified eye"
441283,"Recurrent iridocyclitis",73590,254185,3,"Recurrent acute iridocyclitis, left eye | 
Recurrent acute iridocyclitis, right eye | 
Recurrent acute iridocyclitis, unspecified eye"
45763781,"Ulcerative blepharitis of lower eyelid",121889,249638,2,"Ulcerative blepharitis right lower eyelid | 
Ulcerative blepharitis left lower eyelid"
376132,"Ectropion",119873,249158,3,"Unspecified ectropion of unspecified eye, unspecified eyelid | 
Unspecified ectropion of right eye, unspecified eyelid | 
Unspecified ectropion of left eye, unspecified eyelid"
37207866,"Dermatochalasis of right lower eyelid",142862,246377,1,"Dermatochalasis of right lower eyelid"
438155,"Glaucomatous atrophy of optic disc",105036,244617,3,"Glaucomatous optic atrophy, left eye | 
Glaucomatous optic atrophy, right eye | 
Glaucomatous optic atrophy, unspecified eye"
4338896,"Traction retinal detachment involving macula",40416,244277,15,"Type 2 diabetes mellitus with proliferative diabetic retinopathy with traction retinal detachment involving the macula, left eye | 
Type 2 diabetes mellitus with proliferative diabetic retinopathy with traction retinal detachment involving the macula, right eye | 
Type 1 diabetes mellitus with proliferative diabetic retinopathy with traction retinal detachment involving the macula, left eye | 
Type 1 diabetes mellitus with proliferative diabetic retinopathy with traction retinal detachment involving the macula, right eye | 
Diabetes mellitus due to underlying condition with proliferative diabetic retinopathy with traction retinal detachment involving the macula, right eye | 
Type 2 diabetes mellitus with proliferative diabetic retinopathy with traction retinal detachment involving the macula, unspecified eye | 
Diabetes mellitus due to underlying condition with proliferative diabetic retinopathy with traction retinal detachment involving the macula, left eye | 
Diabetes mellitus due to underlying condition with proliferative diabetic retinopathy with traction retinal detachment involving the macula, unspecified eye | 
Other specified diabetes mellitus with proliferative diabetic retinopathy with traction retinal detachment involving the macula, right eye | 
Type 1 diabetes mellitus with proliferative diabetic retinopathy with traction retinal detachment involving the macula, unspecified eye | 
Other specified diabetes mellitus with proliferative diabetic retinopathy with traction retinal detachment involving the macula, left eye | 
Drug or chemical induced diabetes mellitus with proliferative diabetic retinopathy with traction retinal detachment involving the macula, left eye | 
Other specified diabetes mellitus with proliferative diabetic retinopathy with traction retinal detachment involving the macula, unspecified eye | 
Drug or chemical induced diabetes mellitus with proliferative diabetic retinopathy with traction retinal detachment involving the macula, right eye | 
Drug or chemical induced diabetes mellitus with proliferative diabetic retinopathy with traction retinal detachment involving the macula, unspecified eye"
374036,"Chronic conjunctivitis",111164,242769,6,"Chronic giant papillary conjunctivitis, right eye | 
Chronic giant papillary conjunctivitis, left eye | 
Unspecified chronic conjunctivitis, unspecified eye | 
Unspecified chronic conjunctivitis, left eye | 
Unspecified chronic conjunctivitis, right eye | 
Chronic giant papillary conjunctivitis, unspecified eye"
36712713,"Primary basal cell carcinoma of left eyelid",41840,240766,2,"Basal cell carcinoma of skin of left lower eyelid, including canthus | 
Basal cell carcinoma of skin of left upper eyelid, including canthus"
372627,"Transient visual loss",123117,238836,3,"Transient visual loss, left eye | 
Transient visual loss, right eye | 
Transient visual loss, unspecified eye"
377558,"Irregular astigmatism",142424,238137,3,"Irregular astigmatism, right eye | 
Irregular astigmatism, left eye | 
Irregular astigmatism, unspecified eye"
45763814,"Cyst of lower eyelid",140622,237413,2,"Cysts of left lower eyelid | 
Cysts of right lower eyelid"
45763823,"Allergic contact dermatitis of upper eyelid",149333,234388,2,"Allergic dermatitis of right upper eyelid | 
Allergic dermatitis of left upper eyelid"
45757719,"Blind right eye, normal vision left eye",51894,230090,7,"Blindness right eye category 3, blindness left eye category 3 | 
Blindness right eye category 3, normal vision left eye | 
Blindness right eye category 5, normal vision left eye | 
Blindness right eye category 4, normal vision left eye | 
Blindness right eye category 3, blindness left eye category 4 | 
Blindness right eye category 3, blindness left eye category 5 | 
Blindness, right eye, normal vision left eye"
45763790,"Cyst of upper eyelid",135595,228490,2,"Cysts of right upper eyelid | 
Cysts of left upper eyelid"
376984,"Conjunctival cyst",119232,228214,3,"Conjunctival cysts, left eye | 
Conjunctival cysts, right eye | 
Conjunctival cysts, unspecified eye"
36712715,"Primary basal cell carcinoma of right eyelid",40522,227007,2,"Basal cell carcinoma of skin of right lower eyelid, including canthus | 
Basal cell carcinoma of skin of right upper eyelid, including canthus"
37016179,"Mild nonproliferative retinopathy due to type 1 diabetes mellitus",61498,225272,6,"Type 1 diabetes mellitus with mild nonproliferative diabetic retinopathy without macular edema, unspecified eye | 
Type 1 diabetes mellitus with mild nonproliferative diabetic retinopathy with macular edema, right eye | 
Type 1 diabetes mellitus with mild nonproliferative diabetic retinopathy without macular edema, right eye | 
Type 1 diabetes mellitus with mild nonproliferative diabetic retinopathy with macular edema, left eye | 
Type 1 diabetes mellitus with mild nonproliferative diabetic retinopathy without macular edema, left eye | 
Type 1 diabetes mellitus with mild nonproliferative diabetic retinopathy with macular edema, unspecified eye"
372479,"Laceration of eye",100998,223735,9,"Ocular laceration without prolapse or loss of intraocular tissue, left eye, initial encounter | 
Ocular laceration without prolapse or loss of intraocular tissue, right eye, initial encounter | 
Ocular laceration without prolapse or loss of intraocular tissue, left eye, subsequent encounter | 
Ocular laceration without prolapse or loss of intraocular tissue, unspecified eye, initial encounter | 
Ocular laceration without prolapse or loss of intraocular tissue, right eye, subsequent encounter | 
Ocular laceration without prolapse or loss of intraocular tissue, unspecified eye, subsequent encounter | 
Ocular laceration without prolapse or loss of intraocular tissue, left eye | 
Ocular laceration without prolapse or loss of intraocular tissue, unspecified eye | 
Ocular laceration without prolapse or loss of intraocular tissue, right eye"
381021,"Lagophthalmos",106374,222438,9,"Unspecified lagophthalmos right eye, unspecified eyelid | 
Unspecified lagophthalmos unspecified eye, unspecified eyelid | 
Unspecified lagophthalmos right upper eyelid | 
Unspecified lagophthalmos left eye, unspecified eyelid | 
Unspecified lagophthalmos left upper eyelid | 
Unspecified lagophthalmos right lower eyelid | 
Unspecified lagophthalmos left lower eyelid | 
Unspecified lagophthalmos right eye, upper and lower eyelids | 
Unspecified lagophthalmos left eye, upper and lower eyelids"
604700,"Glaucoma suspect caused by corticosteroid",53801,214697,3,"Steroid responder, right eye | 
Steroid responder, left eye | 
Steroid responder, unspecified eye"
374643,"Superficial keratitis",112370,214396,3,"Unspecified superficial keratitis, left eye | 
Unspecified superficial keratitis, right eye | 
Unspecified superficial keratitis, unspecified eye"
4319602,"Lower eyelid entropion",85901,209521,2,"Unspecified entropion of right lower eyelid | 
Unspecified entropion of left lower eyelid"
377280,"Disorder of cornea",87664,207573,5,"Other specified disorders of cornea, left eye | 
Other specified disorders of cornea, right eye | 
Other specified disorders of cornea, unspecified eye | 
Corneal transplant rejection, unspecified eye | 
Corneal transplant failure, unspecified eye"
4218083,"Episcleritis",96698,201701,4,"Unspecified episcleritis, left eye | 
Unspecified episcleritis, right eye | 
Unspecified episcleritis, unspecified eye | 
Episcleritis periodica fugax, unspecified eye"
37207926,"Dermatochalasis of left lower eyelid",119235,199793,1,"Dermatochalasis of left lower eyelid"
4147020,"Insect bite of eyelids and periocular area",135501,196981,18,"Insect bite (nonvenomous) of left eyelid and periocular area, initial encounter | 
Insect bite (nonvenomous) of right eyelid and periocular area, initial encounter | 
Insect bite (nonvenomous) of unspecified eyelid and periocular area, initial encounter | 
Other superficial bite of right eyelid and periocular area, initial encounter | 
Other superficial bite of left eyelid and periocular area, initial encounter | 
Insect bite (nonvenomous) of right eyelid and periocular area, subsequent encounter | 
Insect bite (nonvenomous) of left eyelid and periocular area, subsequent encounter | 
Insect bite (nonvenomous) of unspecified eyelid and periocular area, subsequent encounter | 
Other superficial bite of unspecified eyelid and periocular area, initial encounter | 
Other superficial bite of right eyelid and periocular area, subsequent encounter | 
Other superficial bite of left eyelid and periocular area, subsequent encounter | 
Other superficial bite of unspecified eyelid and periocular area, subsequent encounter | 
Insect bite (nonvenomous) of unspecified eyelid and periocular area | 
Other superficial bite of right eyelid and periocular area | 
Other superficial bite of left eyelid and periocular area | 
Insect bite (nonvenomous) of left eyelid and periocular area | 
Other superficial bite of unspecified eyelid and periocular area | 
Insect bite (nonvenomous) of right eyelid and periocular area"
440396,"Glaucoma due to ocular trauma",47184,196203,24,"Glaucoma secondary to eye trauma, right eye, severe stage | 
Glaucoma secondary to eye trauma, left eye, severe stage | 
Glaucoma secondary to eye trauma, left eye, moderate stage | 
Glaucoma secondary to eye trauma, right eye, moderate stage | 
Glaucoma secondary to eye trauma, right eye, mild stage | 
Glaucoma secondary to eye trauma, left eye, mild stage | 
Glaucoma secondary to eye trauma, left eye, stage unspecified | 
Glaucoma secondary to eye trauma, unspecified eye, stage unspecified | 
Glaucoma secondary to eye trauma, right eye, stage unspecified | 
Glaucoma secondary to eye trauma, left eye, indeterminate stage | 
Glaucoma secondary to eye trauma, right eye, indeterminate stage | 
Glaucoma secondary to eye trauma, bilateral, severe stage | 
Glaucoma secondary to eye trauma, bilateral, moderate stage | 
Glaucoma secondary to eye trauma, bilateral, mild stage | 
Glaucoma secondary to eye trauma, bilateral, stage unspecified | 
Glaucoma secondary to eye trauma, bilateral, indeterminate stage | 
Glaucoma secondary to eye trauma, unspecified eye, severe stage | 
Glaucoma secondary to eye trauma, unspecified eye, moderate stage | 
Glaucoma secondary to eye trauma, unspecified eye, mild stage | 
Glaucoma secondary to eye trauma, unspecified eye, indeterminate stage | 
Glaucoma secondary to eye trauma, unspecified eye | 
Glaucoma secondary to eye trauma, right eye | 
Glaucoma secondary to eye trauma, left eye | 
Glaucoma secondary to eye trauma, bilateral"
437847,"Partial retinal artery occlusion",66959,195863,3,"Partial retinal artery occlusion, right eye | 
Partial retinal artery occlusion, left eye | 
Partial retinal artery occlusion, unspecified eye"
374360,"Disorder of optic nerve",82879,194466,3,"Other disorders of optic nerve, not elsewhere classified, unspecified eye | 
Other disorders of optic nerve, not elsewhere classified, right eye | 
Other disorders of optic nerve, not elsewhere classified, left eye"
4318656,"Postsurgical chorioretinal scar",77254,194417,3,"Chorioretinal scars after surgery for detachment, right eye | 
Chorioretinal scars after surgery for detachment, left eye | 
Chorioretinal scars after surgery for detachment, unspecified eye"
4222138,"Allergic contact dermatitis of eyelid",118488,193612,3,"Allergic dermatitis of unspecified eye, unspecified eyelid | 
Allergic dermatitis of right eye, unspecified eyelid | 
Allergic dermatitis of left eye, unspecified eyelid"
443545,"Nonvenomous insect bite",131811,192163,9,"Insect bite (nonvenomous) of left eyelid and periocular area, initial encounter | 
Insect bite (nonvenomous) of right eyelid and periocular area, initial encounter | 
Insect bite (nonvenomous) of unspecified eyelid and periocular area, initial encounter | 
Insect bite (nonvenomous) of right eyelid and periocular area, subsequent encounter | 
Insect bite (nonvenomous) of left eyelid and periocular area, subsequent encounter | 
Insect bite (nonvenomous) of unspecified eyelid and periocular area, subsequent encounter | 
Insect bite (nonvenomous) of unspecified eyelid and periocular area | 
Insect bite (nonvenomous) of left eyelid and periocular area | 
Insect bite (nonvenomous) of right eyelid and periocular area"
436108,"Acute angle-closure glaucoma",52850,191324,3,"Acute angle-closure glaucoma, right eye | 
Acute angle-closure glaucoma, unspecified eye | 
Acute angle-closure glaucoma, left eye"
381282,"Retinoschisis",50083,189607,3,"Unspecified retinoschisis, left eye | 
Unspecified retinoschisis, right eye | 
Unspecified retinoschisis, unspecified eye"
37168303,"Break of retina of right eye",74213,189412,1,"Unspecified retinal break, right eye"
37168305,"Break of retina of left eye",73344,185254,1,"Unspecified retinal break, left eye"
37208309,"Benign neoplasm of skin of right eyelid",113698,184538,3,"Other benign neoplasm of skin of right upper eyelid, including canthus | 
Other benign neoplasm of skin of right lower eyelid, including canthus | 
Other benign neoplasm of skin of right eyelid, including canthus"
377556,"Sudden visual loss",97076,184497,3,"Sudden visual loss, right eye | 
Sudden visual loss, left eye | 
Sudden visual loss, unspecified eye"
37208308,"Benign neoplasm of skin of left eyelid",110752,179174,3,"Other benign neoplasm of skin of left lower eyelid, including canthus | 
Other benign neoplasm of skin of left upper eyelid, including canthus | 
Other benign neoplasm of skin of left eyelid, including canthus"
4078543,"Absolute glaucoma",35663,178859,3,"Absolute glaucoma, unspecified eye | 
Absolute glaucoma, right eye | 
Absolute glaucoma, left eye"
374347,"Blepharoconjunctivitis",104924,176676,3,"Unspecified blepharoconjunctivitis, left eye | 
Unspecified blepharoconjunctivitis, right eye | 
Unspecified blepharoconjunctivitis, unspecified eye"
380406,"Intermittent monocular exotropia",71882,176113,2,"Intermittent monocular exotropia, left eye | 
Intermittent monocular exotropia, right eye"
373479,"Peripheral opacity of cornea",83196,174876,3,"Peripheral opacity of cornea, right eye | 
Peripheral opacity of cornea, left eye | 
Peripheral opacity of cornea, unspecified eye"
434033,"Chorioretinitis",43989,172604,6,"Unspecified chorioretinal inflammation, left eye | 
Unspecified chorioretinal inflammation, right eye | 
Unspecified chorioretinal inflammation, unspecified eye | 
Other chorioretinal inflammations, right eye | 
Other chorioretinal inflammations, left eye | 
Other chorioretinal inflammations, unspecified eye"
377283,"Conjunctival hyperemia",115649,171991,3,"Conjunctival hyperemia, right eye | 
Conjunctival hyperemia, left eye | 
Conjunctival hyperemia, unspecified eye"
441558,"Ulcerative blepharitis",88075,170136,5,"Ulcerative blepharitis unspecified eye, unspecified eyelid | 
Ulcerative blepharitis right eye, upper and lower eyelids | 
Ulcerative blepharitis left eye, upper and lower eyelids | 
Ulcerative blepharitis right eye, unspecified eyelid | 
Ulcerative blepharitis left eye, unspecified eyelid"
45763762,"Abnormal retraction of lower eyelid",68748,169938,2,"Eyelid retraction right lower eyelid | 
Eyelid retraction left lower eyelid"
381291,"Neurotrophic keratoconjunctivitis",29740,169357,3,"Neurotrophic keratoconjunctivitis, left eye | 
Neurotrophic keratoconjunctivitis, right eye | 
Neurotrophic keratoconjunctivitis, unspecified eye"
380117,"Conjunctival edema",103874,168765,3,"Conjunctival edema, left eye | 
Conjunctival edema, right eye | 
Conjunctival edema, unspecified eye"
436975,"Pigmentary glaucoma",44930,167989,18,"Pigmentary glaucoma, right eye, mild stage | 
Pigmentary glaucoma, left eye, moderate stage | 
Pigmentary glaucoma, left eye, mild stage | 
Pigmentary glaucoma, right eye, moderate stage | 
Pigmentary glaucoma, right eye, severe stage | 
Pigmentary glaucoma, left eye, severe stage | 
Pigmentary glaucoma, unspecified eye, stage unspecified | 
Pigmentary glaucoma, right eye, stage unspecified | 
Pigmentary glaucoma, left eye, stage unspecified | 
Pigmentary glaucoma, right eye, indeterminate stage | 
Pigmentary glaucoma, left eye, indeterminate stage | 
Pigmentary glaucoma, unspecified eye, mild stage | 
Pigmentary glaucoma, unspecified eye, moderate stage | 
Pigmentary glaucoma, unspecified eye, severe stage | 
Pigmentary glaucoma, unspecified eye, indeterminate stage | 
Pigmentary glaucoma, unspecified eye | 
Pigmentary glaucoma, right eye | 
Pigmentary glaucoma, left eye"
434944,"Scleritis",48505,162623,6,"Unspecified scleritis, left eye | 
Unspecified scleritis, right eye | 
Unspecified scleritis, unspecified eye | 
Other scleritis, left eye | 
Other scleritis, right eye | 
Other scleritis, unspecified eye"
380729,"Primary optic atrophy",67394,161642,3,"Primary optic atrophy, right eye | 
Primary optic atrophy, left eye | 
Primary optic atrophy, unspecified eye"
381308,"Abscess of eyelid",98632,160219,3,"Abscess of eyelid left eye, unspecified eyelid | 
Abscess of eyelid right eye, unspecified eyelid | 
Abscess of eyelid unspecified eye, unspecified eyelid"
437295,"Abnormal pupillary function",84333,158827,3,"Pupillary abnormality, left eye | 
Pupillary abnormality, right eye | 
Pupillary abnormality, unspecified eye"
380728,"Filamentary keratitis",48513,157226,3,"Filamentary keratitis, left eye | 
Filamentary keratitis, right eye | 
Filamentary keratitis, unspecified eye"
440713,"Posterior synechiae",64003,154617,3,"Posterior synechiae (iris), right eye | 
Posterior synechiae (iris), left eye | 
Posterior synechiae (iris), unspecified eye"
45773064,"Traction detachment of retina due to type 2 diabetes mellitus",28964,154192,3,"Type 2 diabetes mellitus with proliferative diabetic retinopathy with traction retinal detachment not involving the macula, left eye | 
Type 2 diabetes mellitus with proliferative diabetic retinopathy with traction retinal detachment not involving the macula, right eye | 
Type 2 diabetes mellitus with proliferative diabetic retinopathy with traction retinal detachment not involving the macula, unspecified eye"
432632,"Secondary noninfectious iridocyclitis",60103,153292,3,"Secondary noninfectious iridocyclitis, left eye | 
Secondary noninfectious iridocyclitis, right eye | 
Secondary noninfectious iridocyclitis, unspecified eye"
4188581,"Toxic conjunctivitis",71575,152372,3,"Acute toxic conjunctivitis, left eye | 
Acute toxic conjunctivitis, right eye | 
Acute toxic conjunctivitis, unspecified eye"
373766,"Retinopathy of prematurity",45961,150444,6,"Retinopathy of prematurity, unspecified, unspecified eye | 
Retrolental fibroplasia, unspecified eye | 
Retinopathy of prematurity, unspecified, right eye | 
Retinopathy of prematurity, unspecified, left eye | 
Retrolental fibroplasia, right eye | 
Retrolental fibroplasia, left eye"
434337,"Retinal vascular disorder",63423,150368,3,"Changes in retinal vascular appearance, right eye | 
Changes in retinal vascular appearance, left eye | 
Changes in retinal vascular appearance, unspecified eye"
37016180,"Moderate nonproliferative retinopathy due to type 1 diabetes mellitus",31205,149362,6,"Type 1 diabetes mellitus with moderate nonproliferative diabetic retinopathy with macular edema, right eye | 
Type 1 diabetes mellitus with moderate nonproliferative diabetic retinopathy with macular edema, left eye | 
Type 1 diabetes mellitus with moderate nonproliferative diabetic retinopathy without macular edema, right eye | 
Type 1 diabetes mellitus with moderate nonproliferative diabetic retinopathy without macular edema, left eye | 
Type 1 diabetes mellitus with moderate nonproliferative diabetic retinopathy without macular edema, unspecified eye | 
Type 1 diabetes mellitus with moderate nonproliferative diabetic retinopathy with macular edema, unspecified eye"
437557,"Eczematous dermatitis of eyelid",96792,149247,3,"Eczematous dermatitis of unspecified eye, unspecified eyelid | 
Eczematous dermatitis of right eye, unspecified eyelid | 
Eczematous dermatitis of left eye, unspecified eyelid"
374362,"Keratoconus",49792,148620,3,"Keratoconus, unspecified, unspecified eye | 
Keratoconus, unspecified, left eye | 
Keratoconus, unspecified, right eye"
45763824,"Allergic contact dermatitis of lower eyelid",92978,147790,2,"Allergic dermatitis of right lower eyelid | 
Allergic dermatitis of left lower eyelid"
376123,"Subluxation of lens",46071,146949,3,"Subluxation of lens, left eye | 
Subluxation of lens, right eye | 
Subluxation of lens, unspecified eye"
376116,"Central scotoma",72409,144896,3,"Scotoma involving central area, right eye | 
Scotoma involving central area, left eye | 
Scotoma involving central area, unspecified eye"
37207869,"Senile entropion of right lower eyelid",51659,144666,1,"Senile entropion of right lower eyelid"
379822,"Cyst of eyelid",92363,143685,3,"Cysts of left eye, unspecified eyelid | 
Cysts of right eye, unspecified eyelid | 
Cysts of unspecified eye, unspecified eyelid"
4242957,"Benign neoplasm of skin of eyelid",84692,143129,1,"Other benign neoplasm of skin of unspecified eyelid, including canthus"
4200286,"Paralytic ectropion",80342,143099,6,"Meibomian gland dysfunction of unspecified eye, unspecified eyelid | 
Paralytic ectropion of unspecified eye, unspecified eyelid | 
Paralytic ectropion of right upper eyelid | 
Paralytic ectropion of right eye, unspecified eyelid | 
Paralytic ectropion of left eye, unspecified eyelid | 
Paralytic ectropion of left upper eyelid"
45770919,"Infantile and/or juvenile cataract",48431,140034,18,"Unspecified infantile and juvenile cataract, unspecified eye | 
Posterior subcapsular polar infantile and juvenile cataract, right eye | 
Posterior subcapsular polar infantile and juvenile cataract, left eye | 
Infantile and juvenile nuclear cataract, unspecified eye | 
Infantile and juvenile nuclear cataract, right eye | 
Infantile and juvenile nuclear cataract, left eye | 
Unspecified infantile and juvenile cataract, right eye | 
Anterior subcapsular polar infantile and juvenile cataract, left eye | 
Anterior subcapsular polar infantile and juvenile cataract, right eye | 
Infantile and juvenile cortical, lamellar, or zonular cataract, right eye | 
Infantile and juvenile cortical, lamellar, or zonular cataract, left eye | 
Unspecified infantile and juvenile cataract, left eye | 
Posterior subcapsular polar infantile and juvenile cataract, unspecified eye | 
Anterior subcapsular polar infantile and juvenile cataract, unspecified eye | 
Infantile and juvenile cortical, lamellar, or zonular cataract, unspecified eye | 
Combined forms of infantile and juvenile cataract, right eye | 
Combined forms of infantile and juvenile cataract, left eye | 
Combined forms of infantile and juvenile cataract, unspecified eye"
381296,"Nodular degeneration of cornea",51878,137628,3,"Nodular corneal degeneration, right eye | 
Nodular corneal degeneration, left eye | 
Nodular corneal degeneration, unspecified eye"
4334246,"Central retinal vein occlusion with neovascularization",33547,136779,3,"Central retinal vein occlusion, left eye, with retinal neovascularization | 
Central retinal vein occlusion, right eye, with retinal neovascularization | 
Central retinal vein occlusion, unspecified eye, with retinal neovascularization"
4103741,"Low vision, both eyes",51656,136628,4,"Low vision right eye category 1, low vision left eye category 1 | 
Low vision right eye category 2, low vision left eye category 2 | 
Low vision right eye category 1, low vision left eye category 2 | 
Low vision right eye category 2, low vision left eye category 1"
438748,"Paving stone retinal degeneration",63233,135025,3,"Paving stone degeneration of retina, left eye | 
Paving stone degeneration of retina, right eye | 
Paving stone degeneration of retina, unspecified eye"
4134605,"Optic disc disorder",60002,130855,3,"Other disorders of optic disc, right eye | 
Other disorders of optic disc, left eye | 
Other disorders of optic disc, unspecified eye"
318766,"Vitreous prolapse",56348,129707,3,"Vitreous prolapse, right eye | 
Vitreous prolapse, left eye | 
Vitreous prolapse, unspecified eye"
439014,"Panuveitis",24590,128762,3,"Panuveitis, right eye | 
Panuveitis, left eye | 
Panuveitis, unspecified eye"
372912,"Visual discomfort",89608,127346,2,"Visual discomfort, right eye | 
Visual discomfort, left eye"
372896,"Stimulus deprivation amblyopia",52787,125958,3,"Deprivation amblyopia, left eye | 
Deprivation amblyopia, right eye | 
Deprivation amblyopia, unspecified eye"
436701,"Drusen of optic disc",57828,124677,3,"Drusen of optic disc, right eye | 
Drusen of optic disc, left eye | 
Drusen of optic disc, unspecified eye"
380397,"Keratoconjunctivitis",66224,123040,6,"Unspecified keratoconjunctivitis, left eye | 
Unspecified keratoconjunctivitis, right eye | 
Unspecified keratoconjunctivitis, unspecified eye | 
Other keratoconjunctivitis, left eye | 
Other keratoconjunctivitis, right eye | 
Other keratoconjunctivitis, unspecified eye"
432890,"Microaneurysm of retinal artery",51562,122371,3,"Retinal micro-aneurysms, unspecified, right eye | 
Retinal micro-aneurysms, unspecified, left eye | 
Retinal micro-aneurysms, unspecified, unspecified eye"
4334736,"Giant papillary conjunctivitis",45833,121622,3,"Chronic giant papillary conjunctivitis, right eye | 
Chronic giant papillary conjunctivitis, left eye | 
Chronic giant papillary conjunctivitis, unspecified eye"
37207929,"Senile entropion of left lower eyelid",44364,120936,1,"Senile entropion of left lower eyelid"
374338,"Nondiabetic proliferative retinopathy",36280,118477,3,"Other non-diabetic proliferative retinopathy, right eye | 
Other non-diabetic proliferative retinopathy, left eye | 
Other non-diabetic proliferative retinopathy, unspecified eye"
4334248,"Branch retinal vein occlusion with neovascularization",33755,118009,3,"Tributary (branch) retinal vein occlusion, right eye, with retinal neovascularization | 
Tributary (branch) retinal vein occlusion, left eye, with retinal neovascularization | 
Tributary (branch) retinal vein occlusion, unspecified eye, with retinal neovascularization"
4297185,"Basal cell carcinoma of upper eyelid",25276,115462,2,"Basal cell carcinoma of skin of right upper eyelid, including canthus | 
Basal cell carcinoma of skin of left upper eyelid, including canthus"
374648,"Intermittent monocular esotropia",47921,113571,2,"Intermittent monocular esotropia, left eye | 
Intermittent monocular esotropia, right eye"
4318691,"Secondary glaucoma",27153,111413,18,"Glaucoma secondary to drugs, right eye, mild stage | 
Glaucoma secondary to drugs, left eye, mild stage | 
Glaucoma secondary to drugs, right eye, stage unspecified | 
Glaucoma secondary to drugs, left eye, stage unspecified | 
Glaucoma secondary to drugs, left eye, moderate stage | 
Glaucoma secondary to drugs, unspecified eye, stage unspecified | 
Glaucoma secondary to drugs, right eye, moderate stage | 
Glaucoma secondary to drugs, right eye, severe stage | 
Glaucoma secondary to drugs, left eye, severe stage | 
Glaucoma secondary to drugs, left eye, indeterminate stage | 
Glaucoma secondary to drugs, right eye, indeterminate stage | 
Glaucoma secondary to drugs, unspecified eye, mild stage | 
Glaucoma secondary to drugs, unspecified eye, moderate stage | 
Glaucoma secondary to drugs, unspecified eye, indeterminate stage | 
Glaucoma secondary to drugs, unspecified eye, severe stage | 
Glaucoma secondary to drugs, unspecified eye | 
Glaucoma secondary to drugs, left eye | 
Glaucoma secondary to drugs, right eye"
374363,"Posterior dislocation of lens",30826,111106,3,"Posterior dislocation of lens, right eye | 
Posterior dislocation of lens, left eye | 
Posterior dislocation of lens, unspecified eye"
45757804,"Sector and/or arcuate visual field defect",54998,110734,3,"Sector or arcuate defects, left eye | 
Sector or arcuate defects, right eye | 
Sector or arcuate defects, unspecified eye"
376402,"Low vision, one eye",32531,110332,6,"Low vision, one eye, unspecified eye | 
Low vision, right eye, category 2 | 
Low vision, right eye, category 1 | 
Low vision, left eye, category 1-2 | 
Low vision, right eye, category 2 | 
Low vision, right eye, category 1"
36713314,"Phthisis bulbi of left eye",28592,109131,1,"Atrophy of globe, left eye"
372906,"Blindness - both eyes",19165,108880,6,"Blindness right eye category 5, blindness left eye category 5 | 
Blindness right eye category 4, blindness left eye category 4 | 
Blindness right eye category 4, blindness left eye category 5 | 
Blindness right eye category 5, blindness left eye category 4 | 
Blindness right eye category 5, blindness left eye category 3 | 
Blindness right eye category 4, blindness left eye category 3"
37207959,"Edema of right upper eyelid",78288,108777,1,"Edema of right upper eyelid"
37207927,"Cicatricial ectropion of left lower eyelid",38771,107729,1,"Cicatricial ectropion of left lower eyelid"
4338893,"Giant retinal tear",25097,107641,3,"Retinal detachment with giant retinal tear, right eye | 
Retinal detachment with giant retinal tear, left eye | 
Retinal detachment with giant retinal tear, unspecified eye"
379020,"Entropion",50437,107483,3,"Unspecified entropion of unspecified eye, unspecified eyelid | 
Unspecified entropion of right eye, unspecified eyelid | 
Unspecified entropion of left eye, unspecified eyelid"
375823,"Hypoplasia of the optic nerve",25074,105762,3,"Optic nerve hypoplasia, unspecified eye | 
Optic nerve hypoplasia, right eye | 
Optic nerve hypoplasia, left eye"
36717025,"Phthisis bulbi of right eye",27954,104217,1,"Atrophy of globe, right eye"
37207960,"Edema of left upper eyelid",74847,103816,1,"Edema of left upper eyelid"
45757721,"Blind left eye, normal vision right eye",36491,103306,4,"Blindness left eye category 3, normal vision right eye | 
Blindness left eye category 5, normal vision right eye | 
Blindness left eye category 4, normal vision right eye | 
Blindness, left eye, normal vision right eye"
37207867,"Cicatricial ectropion of right lower eyelid",37415,102167,1,"Cicatricial ectropion of right lower eyelid"
374874,"Primary malignant neoplasm of eye",23986,101450,4,"Malignant neoplasm of unspecified site of unspecified eye | 
Malignant neoplasm of unspecified site of right eye | 
Malignant neoplasm of unspecified site of left eye | 
Malignant neoplasm of unspecified site of eye"
376114,"Severe nonproliferative retinopathy due to diabetes mellitus",13434,98808,6,"Type 1 diabetes mellitus with severe nonproliferative diabetic retinopathy with macular edema, right eye | 
Type 1 diabetes mellitus with severe nonproliferative diabetic retinopathy with macular edema, left eye | 
Type 1 diabetes mellitus with severe nonproliferative diabetic retinopathy without macular edema, right eye | 
Type 1 diabetes mellitus with severe nonproliferative diabetic retinopathy without macular edema, left eye | 
Type 1 diabetes mellitus with severe nonproliferative diabetic retinopathy without macular edema, unspecified eye | 
Type 1 diabetes mellitus with severe nonproliferative diabetic retinopathy with macular edema, unspecified eye"
45763583,"Nonproliferative diabetic retinopathy due to type 1 diabetes mellitus",13434,98808,6,"Type 1 diabetes mellitus with severe nonproliferative diabetic retinopathy with macular edema, right eye | 
Type 1 diabetes mellitus with severe nonproliferative diabetic retinopathy with macular edema, left eye | 
Type 1 diabetes mellitus with severe nonproliferative diabetic retinopathy without macular edema, right eye | 
Type 1 diabetes mellitus with severe nonproliferative diabetic retinopathy without macular edema, left eye | 
Type 1 diabetes mellitus with severe nonproliferative diabetic retinopathy without macular edema, unspecified eye | 
Type 1 diabetes mellitus with severe nonproliferative diabetic retinopathy with macular edema, unspecified eye"
375256,"Anterior subcapsular polar senile cataract",48898,94708,3,"Anterior subcapsular polar age-related cataract, right eye | 
Anterior subcapsular polar age-related cataract, left eye | 
Anterior subcapsular polar age-related cataract, unspecified eye"
4052225,"Sequelae of injury of eye and orbit",47690,93768,45,"Contusion of eyeball and orbital tissues, left eye, sequela | 
Unspecified injury of left eye and orbit, sequela | 
Unspecified injury of right eye and orbit, sequela | 
Contusion of eyeball and orbital tissues, right eye, sequela | 
Laceration without foreign body of left eyelid and periocular area, sequela | 
Ocular laceration without prolapse or loss of intraocular tissue, right eye, sequela | 
Ocular laceration without prolapse or loss of intraocular tissue, left eye, sequela | 
Laceration without foreign body of right eyelid and periocular area, sequela | 
Other injuries of left eye and orbit, sequela | 
Other injuries of right eye and orbit, sequela | 
Avulsion of right eye, sequela | 
Avulsion of left eye, sequela | 
Ocular laceration and rupture with prolapse or loss of intraocular tissue, left eye, sequela | 
Unspecified injury of unspecified eye and orbit, sequela | 
Contusion of eyeball and orbital tissues, unspecified eye, sequela | 
Ocular laceration and rupture with prolapse or loss of intraocular tissue, right eye, sequela | 
Laceration without foreign body of unspecified eyelid and periocular area, sequela | 
Penetrating wound without foreign body of right eyeball, sequela | 
Penetrating wound without foreign body of left eyeball, sequela | 
Unspecified open wound of right eyelid and periocular area, sequela | 
Unspecified open wound of left eyelid and periocular area, sequela | 
Penetrating wound with foreign body of right eyeball, sequela | 
Penetrating wound with foreign body of left eyeball, sequela | 
Penetrating wound of orbit with or without foreign body, left eye, sequela | 
Penetrating wound of orbit with or without foreign body, right eye, sequela | 
Ocular laceration and rupture with prolapse or loss of intraocular tissue, unspecified eye, sequela | 
Ocular laceration without prolapse or loss of intraocular tissue, unspecified eye, sequela | 
Avulsion of unspecified eye, sequela | 
Other injuries of unspecified eye and orbit, sequela | 
Unspecified open wound of unspecified eyelid and periocular area, sequela | 
Laceration with foreign body of right eyelid and periocular area, sequela | 
Laceration with foreign body of left eyelid and periocular area, sequela | 
Open bite of left eyelid and periocular area, sequela | 
Open bite of right eyelid and periocular area, sequela | 
Penetrating wound of orbit with or without foreign body, unspecified eye, sequela | 
Penetrating wound without foreign body of unspecified eyeball, sequela | 
Penetrating wound with foreign body of unspecified eyeball, sequela | 
Puncture wound without foreign body of left eyelid and periocular area, sequela | 
Open bite of unspecified eyelid and periocular area, sequela | 
Laceration with foreign body of unspecified eyelid and periocular area, sequela | 
Puncture wound without foreign body of right eyelid and periocular area, sequela | 
Puncture wound with foreign body of left eyelid and periocular area, sequela | 
Puncture wound with foreign body of right eyelid and periocular area, sequela | 
Puncture wound without foreign body of unspecified eyelid and periocular area, sequela | 
Puncture wound with foreign body of unspecified eyelid and periocular area, sequela"
381020,"Conjunctival concretion",55627,92044,3,"Conjunctival concretions, left eye | 
Conjunctival concretions, right eye | 
Conjunctival concretions, unspecified eye"
375266,"Serous conjunctivitis, except viral",63419,89708,3,"Serous conjunctivitis, except viral, left eye | 
Serous conjunctivitis, except viral, right eye | 
Serous conjunctivitis, except viral, unspecified eye"
375821,"Paralytic lagophthalmos",32843,89041,10,"Paralytic lagophthalmos right upper eyelid | 
Paralytic lagophthalmos left upper eyelid | 
Paralytic lagophthalmos left lower eyelid | 
Paralytic lagophthalmos right lower eyelid | 
Paralytic lagophthalmos right eye, unspecified eyelid | 
Paralytic lagophthalmos left eye, unspecified eyelid | 
Paralytic lagophthalmos unspecified eye, unspecified eyelid | 
Paralytic lagophthalmos left eye, upper and lower eyelids | 
Paralytic lagophthalmos right eye, upper and lower eyelids | 
Paralytic lagophthalmos, bilateral, upper and lower eyelids"
40480179,"Disorder of cornea associated with contact lens",56400,88517,3,"Corneal disorder due to contact lens, left eye | 
Corneal disorder due to contact lens, right eye | 
Corneal disorder due to contact lens, unspecified eye"
4220669,"Ocular amyloid deposit",28126,87560,4,"Amyloid pterygium of right eye | 
Amyloid pterygium of eye, bilateral | 
Amyloid pterygium of left eye | 
Amyloid pterygium of unspecified eye"
373194,"Paralytic ptosis",45038,87060,4,"Paralytic ptosis of left eyelid | 
Paralytic ptosis of right eyelid | 
Paralytic ptosis of bilateral eyelids | 
Paralytic ptosis unspecified eyelid"
4180778,"Visual system complication of procedure",43038,86934,40,"Other disorders of the left eye following cataract surgery | 
Other disorders of the right eye following cataract surgery | 
Other disorders of the eye following cataract surgery, bilateral | 
Other disorders of unspecified eye following cataract surgery | 
Accidental puncture and laceration of right eye and adnexa during an ophthalmic procedure | 
Accidental puncture and laceration of left eye and adnexa during an ophthalmic procedure | 
Postprocedural hemorrhage of left eye and adnexa following an ophthalmic procedure | 
Postprocedural hemorrhage of right eye and adnexa following an ophthalmic procedure | 
Postprocedural hemorrhage of right eye and adnexa following other procedure | 
Intraoperative hemorrhage and hematoma of right eye and adnexa complicating an ophthalmic procedure | 
Postprocedural hemorrhage of left eye and adnexa following other procedure | 
Intraoperative hemorrhage and hematoma of left eye and adnexa complicating an ophthalmic procedure | 
Postprocedural hemorrhage of unspecified eye and adnexa following an ophthalmic procedure | 
Accidental puncture and laceration of unspecified eye and adnexa during an ophthalmic procedure | 
Intraoperative hemorrhage and hematoma of left eye and adnexa complicating other procedure | 
Postprocedural hematoma of left eye and adnexa following an ophthalmic procedure | 
Postprocedural hemorrhage of eye and adnexa following an ophthalmic procedure, bilateral | 
Postprocedural hematoma of right eye and adnexa following an ophthalmic procedure | 
Intraoperative hemorrhage and hematoma of unspecified eye and adnexa complicating an ophthalmic procedure | 
Postprocedural hematoma of left eye and adnexa following other procedure | 
Postprocedural hematoma of right eye and adnexa following other procedure | 
Intraoperative hemorrhage and hematoma of right eye and adnexa complicating other procedure | 
Postprocedural hemorrhage of eye and adnexa following other procedure, bilateral | 
Postprocedural hemorrhage of unspecified eye and adnexa following other procedure | 
Intraoperative hemorrhage and hematoma of eye and adnexa complicating an ophthalmic procedure, bilateral | 
Postprocedural seroma of eye and adnexa following an ophthalmic procedure, bilateral | 
Postprocedural hematoma of unspecified eye and adnexa following other procedure | 
Postprocedural seroma of right eye and adnexa following an ophthalmic procedure | 
Intraoperative hemorrhage and hematoma of unspecified eye and adnexa complicating other procedure | 
Postprocedural seroma of unspecified eye and adnexa following other procedure | 
Postprocedural hematoma of eye and adnexa following an ophthalmic procedure, bilateral | 
Postprocedural hematoma of unspecified eye and adnexa following an ophthalmic procedure | 
Postprocedural seroma of left eye and adnexa following an ophthalmic procedure | 
Intraoperative hemorrhage and hematoma of eye and adnexa complicating other procedure, bilateral | 
Accidental puncture and laceration of eye and adnexa during an ophthalmic procedure, bilateral | 
Postprocedural seroma of left eye and adnexa following other procedure | 
Postprocedural hematoma of eye and adnexa following other procedure, bilateral | 
Postprocedural seroma of right eye and adnexa following other procedure | 
Postprocedural seroma of unspecified eye and adnexa following an ophthalmic procedure | 
Postprocedural seroma of eye and adnexa following other procedure, bilateral"
378423,"Retinoschisis and retinal cysts",34418,85909,3,"Other retinoschisis and retinal cysts, left eye | 
Other retinoschisis and retinal cysts, right eye | 
Other retinoschisis and retinal cysts, unspecified eye"
375817,"Conjunctivochalasis",43602,85570,3,"Conjunctivochalasis, left eye | 
Conjunctivochalasis, right eye | 
Conjunctivochalasis, unspecified eye"
4009186,"Arcus senilis",48687,84906,3,"Arcus senilis, unspecified eye | 
Arcus senilis, right eye | 
Arcus senilis, left eye"
381014,"Conjunctival pigmentation",41200,84790,3,"Conjunctival pigmentations, right eye | 
Conjunctival pigmentations, left eye | 
Conjunctival pigmentations, unspecified eye"
44784606,"Burn of cornea and conjunctival sac",54168,82539,18,"Burn of cornea and conjunctival sac, right eye, initial encounter | 
Corrosion of cornea and conjunctival sac, left eye, initial encounter | 
Burn of cornea and conjunctival sac, left eye, initial encounter | 
Corrosion of cornea and conjunctival sac, right eye, initial encounter | 
Corrosion of cornea and conjunctival sac, left eye, subsequent encounter | 
Corrosion of cornea and conjunctival sac, right eye, subsequent encounter | 
Corrosion of cornea and conjunctival sac, unspecified eye, initial encounter | 
Burn of cornea and conjunctival sac, right eye, subsequent encounter | 
Burn of cornea and conjunctival sac, unspecified eye, initial encounter | 
Burn of cornea and conjunctival sac, left eye, subsequent encounter | 
Corrosion of cornea and conjunctival sac, unspecified eye, subsequent encounter | 
Burn of cornea and conjunctival sac, unspecified eye, subsequent encounter | 
Burn of cornea and conjunctival sac, unspecified eye | 
Burn of cornea and conjunctival sac, left eye | 
Burn of cornea and conjunctival sac, right eye | 
Corrosion of cornea and conjunctival sac, left eye | 
Corrosion of cornea and conjunctival sac, right eye | 
Corrosion of cornea and conjunctival sac, unspecified eye"
36713154,"Abscess of right upper eyelid",49762,80839,1,"Abscess of right upper eyelid"
45757720,"Blind right eye, low vision left eye",18924,79224,9,"Blindness right eye category 3, low vision left eye category 1 | 
Blindness right eye category 5, low vision left eye category 2 | 
Blindness right eye category 5, low vision left eye category 1 | 
Blindness right eye category 3, low vision left eye category 2 | 
Blindness right eye category 4, low vision left eye category 1 | 
Blindness right eye category 4, low vision left eye category 2 | 
Blindness right eye category 4, low vision left eye | 
Blindness right eye category 3, low vision left eye | 
Blindness right eye category 5, low vision left eye"
37207961,"Eczematous dermatitis of right upper eyelid",52541,79173,1,"Eczematous dermatitis of right upper eyelid"
4338759,"Squamous cell carcinoma of eyelid",30300,77869,7,"Squamous cell carcinoma of skin of unspecified eyelid, including canthus | 
Squamous cell carcinoma of skin of left lower eyelid, including canthus | 
Squamous cell carcinoma of skin of right lower eyelid, including canthus | 
Squamous cell carcinoma of skin of left upper eyelid, including canthus | 
Squamous cell carcinoma of skin of right upper eyelid, including canthus | 
Squamous cell carcinoma of skin of right eyelid, including canthus | 
Squamous cell carcinoma of skin of left eyelid, including canthus"
380096,"Proliferative retinopathy due to diabetes mellitus",17239,77169,42,"Diabetes mellitus due to underlying condition with proliferative diabetic retinopathy with macular edema, unspecified eye | 
Diabetes mellitus due to underlying condition with proliferative diabetic retinopathy without macular edema, unspecified eye | 
Diabetes mellitus due to underlying condition with stable proliferative diabetic retinopathy, unspecified eye | 
Other specified diabetes mellitus with proliferative diabetic retinopathy without macular edema, unspecified eye | 
Other specified diabetes mellitus with proliferative diabetic retinopathy with macular edema, right eye | 
Other specified diabetes mellitus with proliferative diabetic retinopathy with macular edema, left eye | 
Diabetes mellitus due to underlying condition with proliferative diabetic retinopathy with combined traction retinal detachment and rhegmatogenous retinal detachment, unspecified eye | 
Other specified diabetes mellitus with stable proliferative diabetic retinopathy, unspecified eye | 
Other specified diabetes mellitus with proliferative diabetic retinopathy with macular edema, unspecified eye | 
Other specified diabetes mellitus with proliferative diabetic retinopathy without macular edema, right eye | 
Other specified diabetes mellitus with proliferative diabetic retinopathy without macular edema, left eye | 
Diabetes mellitus due to underlying condition with proliferative diabetic retinopathy with traction retinal detachment involving the macula, unspecified eye | 
Drug or chemical induced diabetes mellitus with proliferative diabetic retinopathy without macular edema, unspecified eye | 
Other specified diabetes mellitus with proliferative diabetic retinopathy with traction retinal detachment involving the macula, right eye | 
Drug or chemical induced diabetes mellitus with proliferative diabetic retinopathy with macular edema, unspecified eye | 
Diabetes mellitus due to underlying condition with proliferative diabetic retinopathy with traction retinal detachment not involving the macula, unspecified eye | 
Other specified diabetes mellitus with stable proliferative diabetic retinopathy, left eye | 
Other specified diabetes mellitus with proliferative diabetic retinopathy with traction retinal detachment not involving the macula, right eye | 
Other specified diabetes mellitus with proliferative diabetic retinopathy with traction retinal detachment involving the macula, left eye | 
Other specified diabetes mellitus with stable proliferative diabetic retinopathy, right eye | 
Other specified diabetes mellitus with proliferative diabetic retinopathy with combined traction retinal detachment and rhegmatogenous retinal detachment, right eye | 
Other specified diabetes mellitus with proliferative diabetic retinopathy with traction retinal detachment not involving the macula, left eye | 
Drug or chemical induced diabetes mellitus with proliferative diabetic retinopathy with macular edema, left eye | 
Other specified diabetes mellitus with proliferative diabetic retinopathy with combined traction retinal detachment and rhegmatogenous retinal detachment, left eye | 
Drug or chemical induced diabetes mellitus with proliferative diabetic retinopathy with traction retinal detachment involving the macula, left eye | 
Drug or chemical induced diabetes mellitus with proliferative diabetic retinopathy with macular edema, right eye | 
Drug or chemical induced diabetes mellitus with proliferative diabetic retinopathy without macular edema, left eye | 
Drug or chemical induced diabetes mellitus with proliferative diabetic retinopathy without macular edema, right eye | 
Drug or chemical induced diabetes mellitus with proliferative diabetic retinopathy with traction retinal detachment not involving the macula, right eye | 
Other specified diabetes mellitus with proliferative diabetic retinopathy with traction retinal detachment involving the macula, unspecified eye | 
Drug or chemical induced diabetes mellitus with proliferative diabetic retinopathy with traction retinal detachment involving the macula, right eye | 
Other specified diabetes mellitus with proliferative diabetic retinopathy with combined traction retinal detachment and rhegmatogenous retinal detachment, unspecified eye | 
Other specified diabetes mellitus with proliferative diabetic retinopathy with traction retinal detachment not involving the macula, unspecified eye | 
Drug or chemical induced diabetes mellitus with stable proliferative diabetic retinopathy, unspecified eye | 
Drug or chemical induced diabetes mellitus with stable proliferative diabetic retinopathy, left eye | 
Drug or chemical induced diabetes mellitus with proliferative diabetic retinopathy with combined traction retinal detachment and rhegmatogenous retinal detachment, left eye | 
Drug or chemical induced diabetes mellitus with proliferative diabetic retinopathy with combined traction retinal detachment and rhegmatogenous retinal detachment, right eye | 
Drug or chemical induced diabetes mellitus with stable proliferative diabetic retinopathy, right eye | 
Drug or chemical induced diabetes mellitus with proliferative diabetic retinopathy with traction retinal detachment not involving the macula, left eye | 
Drug or chemical induced diabetes mellitus with proliferative diabetic retinopathy with traction retinal detachment involving the macula, unspecified eye | 
Drug or chemical induced diabetes mellitus with proliferative diabetic retinopathy with traction retinal detachment not involving the macula, unspecified eye | 
Drug or chemical induced diabetes mellitus with proliferative diabetic retinopathy with combined traction retinal detachment and rhegmatogenous retinal detachment, unspecified eye"
441555,"Retinal telangiectasia",23473,77167,3,"Retinal telangiectasis, right eye | 
Retinal telangiectasis, left eye | 
Retinal telangiectasis, unspecified eye"
372325,"Senile ectropion",38920,76800,3,"Senile ectropion of unspecified eye, unspecified eyelid | 
Senile ectropion of right eye, unspecified eyelid | 
Senile ectropion of left eye, unspecified eyelid"
36717312,"Abscess of left upper eyelid",46736,76543,1,"Abscess of left upper eyelid"
381252,"Benign neoplasm of eye",36570,76360,4,"Benign neoplasm of unspecified part of right eye | 
Benign neoplasm of unspecified part of left eye | 
Benign neoplasm of unspecified part of unspecified eye | 
Benign neoplasm of unspecified part of eye"
375404,"Ocular laceration with prolapse AND/OR exposure of intraocular tissue",26287,76107,9,"Ocular laceration and rupture with prolapse or loss of intraocular tissue, left eye, initial encounter | 
Ocular laceration and rupture with prolapse or loss of intraocular tissue, right eye, initial encounter | 
Ocular laceration and rupture with prolapse or loss of intraocular tissue, left eye, subsequent encounter | 
Ocular laceration and rupture with prolapse or loss of intraocular tissue, right eye, subsequent encounter | 
Ocular laceration and rupture with prolapse or loss of intraocular tissue, unspecified eye, initial encounter | 
Ocular laceration and rupture with prolapse or loss of intraocular tissue, unspecified eye, subsequent encounter | 
Ocular laceration and rupture with prolapse or loss of intraocular tissue, right eye | 
Ocular laceration and rupture with prolapse or loss of intraocular tissue, unspecified eye | 
Ocular laceration and rupture with prolapse or loss of intraocular tissue, left eye"
377875,"Idiopathic corneal edema",31781,75917,3,"Idiopathic corneal edema, right eye | 
Idiopathic corneal edema, left eye | 
Idiopathic corneal edema, unspecified eye"
4143365,"Generalized visual field constriction",40874,75818,3,"Generalized contraction of visual field, left eye | 
Generalized contraction of visual field, right eye | 
Generalized contraction of visual field, unspecified eye"
438141,"Senile reticular retinal degeneration",30529,74879,3,"Age-related reticular degeneration of retina, right eye | 
Age-related reticular degeneration of retina, left eye | 
Age-related reticular degeneration of retina, unspecified eye"
376989,"Duane's syndrome",22654,74210,2,"Duane's syndrome, left eye | 
Duane's syndrome, right eye"
380113,"Hemorrhage in optic nerve sheaths",38318,73960,3,"Hemorrhage in optic nerve sheath, left eye | 
Hemorrhage in optic nerve sheath, right eye | 
Hemorrhage in optic nerve sheath, unspecified eye"
380714,"Minor opacity of cornea",36789,73355,3,"Minor opacity of cornea, right eye | 
Minor opacity of cornea, left eye | 
Minor opacity of cornea, unspecified eye"
4184626,"Abnormal retraction of eyelid",34562,70684,3,"Eyelid retraction unspecified eye, unspecified lid | 
Eyelid retraction right eye, unspecified eyelid | 
Eyelid retraction left eye, unspecified eyelid"
4335883,"Basal cell carcinoma of eyelid",31849,70601,3,"Basal cell carcinoma of skin of unspecified eyelid, including canthus | 
Basal cell carcinoma of skin of left eyelid, including canthus | 
Basal cell carcinoma of skin of right eyelid, including canthus"
37206800,"Foreign body of eye region",43028,69965,27,"Laceration with foreign body of right eyelid and periocular area, initial encounter | 
Superficial foreign body of right eyelid and periocular area, initial encounter | 
Superficial foreign body of left eyelid and periocular area, initial encounter | 
Laceration with foreign body of left eyelid and periocular area, initial encounter | 
Laceration with foreign body of unspecified eyelid and periocular area, initial encounter | 
Laceration with foreign body of right eyelid and periocular area, subsequent encounter | 
Laceration with foreign body of left eyelid and periocular area, subsequent encounter | 
Puncture wound with foreign body of left eyelid and periocular area, initial encounter | 
Puncture wound with foreign body of right eyelid and periocular area, initial encounter | 
Superficial foreign body of unspecified eyelid and periocular area, initial encounter | 
Superficial foreign body of right eyelid and periocular area, subsequent encounter | 
Superficial foreign body of left eyelid and periocular area, subsequent encounter | 
Laceration with foreign body of unspecified eyelid and periocular area, subsequent encounter | 
Puncture wound with foreign body of unspecified eyelid and periocular area, initial encounter | 
Puncture wound with foreign body of left eyelid and periocular area, subsequent encounter | 
Puncture wound with foreign body of right eyelid and periocular area, subsequent encounter | 
Superficial foreign body of unspecified eyelid and periocular area, subsequent encounter | 
Superficial foreign body of right eyelid and periocular area | 
Laceration with foreign body of unspecified eyelid and periocular area | 
Superficial foreign body of left eyelid and periocular area | 
Superficial foreign body of unspecified eyelid and periocular area | 
Laceration with foreign body of right eyelid and periocular area | 
Puncture wound with foreign body of left eyelid and periocular area | 
Puncture wound with foreign body of unspecified eyelid and periocular area | 
Puncture wound with foreign body of right eyelid and periocular area | 
Puncture wound with foreign body of unspecified eyelid and periocular area, subsequent encounter | 
Laceration with foreign body of left eyelid and periocular area"
441582,"Anterior scleritis",18929,68788,3,"Anterior scleritis, left eye | 
Anterior scleritis, right eye | 
Anterior scleritis, unspecified eye"
45763827,"Abnormal retraction of upper eyelid",28684,68488,2,"Eyelid retraction right upper eyelid | 
Eyelid retraction left upper eyelid"
37207963,"Eczematous dermatitis of left upper eyelid",46022,67936,1,"Eczematous dermatitis of left upper eyelid"
3656982,"Mechanical ectropion of left lower eyelid",33053,67775,1,"Mechanical ectropion of left lower eyelid"
3656897,"Mechanical ectropion of right lower eyelid",32695,67531,1,"Mechanical ectropion of right lower eyelid"
376401,"Traumatic cataract",27188,67054,3,"Unspecified traumatic cataract, right eye | 
Unspecified traumatic cataract, left eye | 
Unspecified traumatic cataract, unspecified eye"
380110,"Keratoconus, stable condition",27890,66712,3,"Keratoconus, stable, right eye | 
Keratoconus, stable, left eye | 
Keratoconus, stable, unspecified eye"
378743,"Mild nonproliferative retinopathy due to diabetes mellitus",17603,66345,8,"Diabetes mellitus due to underlying condition with mild nonproliferative diabetic retinopathy without macular edema, unspecified eye | 
Diabetes mellitus due to underlying condition with mild nonproliferative diabetic retinopathy with macular edema, unspecified eye | 
Other specified diabetes mellitus with mild nonproliferative diabetic retinopathy without macular edema, unspecified eye | 
Other specified diabetes mellitus with mild nonproliferative diabetic retinopathy with macular edema, right eye | 
Other specified diabetes mellitus with mild nonproliferative diabetic retinopathy without macular edema, right eye | 
Other specified diabetes mellitus with mild nonproliferative diabetic retinopathy with macular edema, left eye | 
Other specified diabetes mellitus with mild nonproliferative diabetic retinopathy without macular edema, left eye | 
Other specified diabetes mellitus with mild nonproliferative diabetic retinopathy with macular edema, unspecified eye"
433633,"Late effect of superficial injury",38657,63652,24,"Injury of conjunctiva and corneal abrasion without foreign body, right eye, sequela | 
Injury of conjunctiva and corneal abrasion without foreign body, left eye, sequela | 
Injury of conjunctiva and corneal abrasion without foreign body, unspecified eye, sequela | 
Abrasion of left eyelid and periocular area, sequela | 
Abrasion of right eyelid and periocular area, sequela | 
Insect bite (nonvenomous) of left eyelid and periocular area, sequela | 
Insect bite (nonvenomous) of right eyelid and periocular area, sequela | 
Unspecified superficial injury of left eyelid and periocular area, sequela | 
Insect bite (nonvenomous) of unspecified eyelid and periocular area, sequela | 
Unspecified superficial injury of right eyelid and periocular area, sequela | 
Abrasion of unspecified eyelid and periocular area, sequela | 
Superficial foreign body of right eyelid and periocular area, sequela | 
Superficial foreign body of left eyelid and periocular area, sequela | 
Unspecified superficial injury of unspecified eyelid and periocular area, sequela | 
Blister (nonthermal) of left eyelid and periocular area, sequela | 
Blister (nonthermal) of right eyelid and periocular area, sequela | 
Blister (nonthermal) of unspecified eyelid and periocular area, sequela | 
Superficial foreign body of unspecified eyelid and periocular area, sequela | 
Other superficial bite of right eyelid and periocular area, sequela | 
Other superficial bite of left eyelid and periocular area, sequela | 
Other superficial bite of unspecified eyelid and periocular area, sequela | 
External constriction of right eyelid and periocular area, sequela | 
External constriction of unspecified eyelid and periocular area, sequela | 
External constriction of left eyelid and periocular area, sequela"
441712,"Open wound of ocular adnexa",43913,63306,9,"Unspecified open wound of left eyelid and periocular area, initial encounter | 
Unspecified open wound of right eyelid and periocular area, initial encounter | 
Unspecified open wound of unspecified eyelid and periocular area, initial encounter | 
Unspecified open wound of left eyelid and periocular area, subsequent encounter | 
Unspecified open wound of right eyelid and periocular area, subsequent encounter | 
Unspecified open wound of unspecified eyelid and periocular area, subsequent encounter | 
Unspecified open wound of right eyelid and periocular area | 
Unspecified open wound of left eyelid and periocular area | 
Unspecified open wound of unspecified eyelid and periocular area"
377868,"Corneal pannus",28096,62345,3,"Pannus (corneal), left eye | 
Pannus (corneal), right eye | 
Pannus (corneal), unspecified eye"
40443516,"Xanthelasma",35555,62243,3,"Xanthelasma of unspecified eye, unspecified eyelid | 
Xanthelasma of right eye, unspecified eyelid | 
Xanthelasma of left eye, unspecified eyelid"
45757722,"Blind left eye, low vision right eye",17931,61855,8,"Low vision right eye category 1, blindness left eye category 3 | 
Low vision right eye category 2, blindness left eye category 5 | 
Low vision right eye category 1, blindness left eye category 5 | 
Low vision right eye category 1, blindness left eye category 4 | 
Low vision right eye category 2, blindness left eye category 3 | 
Low vision right eye category 2, blindness left eye category 4 | 
Low vision right eye category 2, blindness left eye | 
Low vision right eye category 1, blindness left eye"
376119,"Perforated corneal ulcer",10692,61245,3,"Perforated corneal ulcer, left eye | 
Perforated corneal ulcer, right eye | 
Perforated corneal ulcer, unspecified eye"
4334734,"Penetrating wound of orbit",39148,60967,9,"Penetrating wound of orbit with or without foreign body, left eye, initial encounter | 
Penetrating wound of orbit with or without foreign body, right eye, initial encounter | 
Penetrating wound of orbit with or without foreign body, unspecified eye, initial encounter | 
Penetrating wound of orbit with or without foreign body, left eye, subsequent encounter | 
Penetrating wound of orbit with or without foreign body, right eye, subsequent encounter | 
Penetrating wound of orbit with or without foreign body, unspecified eye, subsequent encounter | 
Penetrating wound of orbit with or without foreign body, left eye | 
Penetrating wound of orbit with or without foreign body, unspecified eye | 
Penetrating wound of orbit with or without foreign body, right eye"
45771093,"Senile ectropion of upper eyelid",33812,60390,2,"Senile ectropion of right upper eyelid | 
Senile ectropion of left upper eyelid"
372424,"Congenital anomaly of eye",28153,58279,1,"Congenital malformation of eye, unspecified"
45757373,"Pingueculitis",36540,57760,3,"Pingueculitis, left eye | 
Pingueculitis, right eye | 
Pingueculitis, unspecified eye"
201820,"Diabetes mellitus",22573,57285,21,"Other specified diabetes mellitus with mild nonproliferative diabetic retinopathy without macular edema, unspecified eye | 
Other specified diabetes mellitus with diabetic macular edema, resolved following treatment, right eye | 
Other specified diabetes mellitus with proliferative diabetic retinopathy without macular edema, unspecified eye | 
Other specified diabetes mellitus with diabetic macular edema, resolved following treatment, left eye | 
Other specified diabetes mellitus with mild nonproliferative diabetic retinopathy without macular edema, right eye | 
Other specified diabetes mellitus with mild nonproliferative diabetic retinopathy without macular edema, left eye | 
Other specified diabetes mellitus with stable proliferative diabetic retinopathy, unspecified eye | 
Other specified diabetes mellitus with proliferative diabetic retinopathy without macular edema, right eye | 
Other specified diabetes mellitus with moderate nonproliferative diabetic retinopathy without macular edema, unspecified eye | 
Other specified diabetes mellitus with proliferative diabetic retinopathy without macular edema, left eye | 
Other specified diabetes mellitus with diabetic macular edema, resolved following treatment, unspecified eye | 
Other specified diabetes mellitus with moderate nonproliferative diabetic retinopathy without macular edema, right eye | 
Other specified diabetes mellitus with moderate nonproliferative diabetic retinopathy without macular edema, left eye | 
Other specified diabetes mellitus with severe nonproliferative diabetic retinopathy without macular edema, unspecified eye | 
Other specified diabetes mellitus with severe nonproliferative diabetic retinopathy with macular edema, unspecified eye | 
Other specified diabetes mellitus with severe nonproliferative diabetic retinopathy with macular edema, right eye | 
Other specified diabetes mellitus with severe nonproliferative diabetic retinopathy with macular edema, left eye | 
Other specified diabetes mellitus with severe nonproliferative diabetic retinopathy without macular edema, right eye | 
Other specified diabetes mellitus with stable proliferative diabetic retinopathy, left eye | 
Other specified diabetes mellitus with severe nonproliferative diabetic retinopathy without macular edema, left eye | 
Other specified diabetes mellitus with stable proliferative diabetic retinopathy, right eye"
3657020,"Edema of right lower eyelid",40124,57134,1,"Edema of right lower eyelid"
373756,"Exudative retinopathy",17508,56155,3,"Exudative retinopathy, right eye | 
Exudative retinopathy, left eye | 
Exudative retinopathy, unspecified eye"
3662401,"Edema of left lower eyelid",39831,55771,1,"Edema of left lower eyelid"
37168360,"Detachment of right retina with retinal break",12377,53485,1,"Retinal detachment with giant retinal tear, right eye"
37168359,"Detachment of left retina with retinal break",11898,52031,1,"Retinal detachment with giant retinal tear, left eye"
439815,"Choroidal degeneration",24512,50003,3,"Choroidal degeneration, unspecified, right eye | 
Choroidal degeneration, unspecified, left eye | 
Choroidal degeneration, unspecified, unspecified eye"
379816,"Simple chronic conjunctivitis",31191,49827,3,"Simple chronic conjunctivitis, left eye | 
Simple chronic conjunctivitis, right eye | 
Simple chronic conjunctivitis, unspecified eye"
4031757,"Melanocytic nevus of eyelid, including canthus",35203,49710,7,"Melanocytic nevi of unspecified eyelid, including canthus | 
Melanocytic nevi of right lower eyelid, including canthus | 
Melanocytic nevi of right upper eyelid, including canthus | 
Melanocytic nevi of left lower eyelid, including canthus | 
Melanocytic nevi of left upper eyelid, including canthus | 
Melanocytic nevi of left eyelid, including canthus | 
Melanocytic nevi of right eyelid, including canthus"
45772079,"Retinopathy of prematurity stage 0",25057,48741,3,"Retinopathy of prematurity, stage 0, right eye | 
Retinopathy of prematurity, stage 0, unspecified eye | 
Retinopathy of prematurity, stage 0, left eye"
441011,"Hemorrhagic detachment of retinal pigment epithelium",11588,48686,3,"Hemorrhagic detachment of retinal pigment epithelium, right eye | 
Hemorrhagic detachment of retinal pigment epithelium, left eye | 
Hemorrhagic detachment of retinal pigment epithelium, unspecified eye"
433195,"Transient arterial retinal occlusion",22294,48329,3,"Transient retinal artery occlusion, right eye | 
Transient retinal artery occlusion, left eye | 
Transient retinal artery occlusion, unspecified eye"
441560,"Anterior synechiae",21069,48242,3,"Anterior synechiae (iris), right eye | 
Anterior synechiae (iris), left eye | 
Anterior synechiae (iris), unspecified eye"
441284,"Open-angle glaucoma",9608,47996,3,"Residual stage of open-angle glaucoma, right eye | 
Residual stage of open-angle glaucoma, left eye | 
Residual stage of open-angle glaucoma, unspecified eye"
45771089,"Blepharochalasis of lower eyelid",32179,47666,2,"Blepharochalasis right lower eyelid | 
Blepharochalasis left lower eyelid"
378414,"Retinal detachment",8927,47621,6,"Retinal detachment with retinal dialysis, left eye | 
Degenerative myopia with retinal detachment, right eye | 
Degenerative myopia with retinal detachment, left eye | 
Retinal detachment with retinal dialysis, right eye | 
Retinal detachment with retinal dialysis, unspecified eye | 
Degenerative myopia with retinal detachment, unspecified eye"
374226,"Burn of eye region",32900,47545,28,"Corrosion of left eye and adnexa, part unspecified, initial encounter | 
Corrosion of right eye and adnexa, part unspecified, initial encounter | 
Burn of right eye and adnexa, part unspecified, initial encounter | 
Burn of left eye and adnexa, part unspecified, initial encounter | 
Burn of unspecified eye and adnexa, part unspecified, initial encounter | 
Corrosion of unspecified eye and adnexa, part unspecified, initial encounter | 
Burns of other specified parts of right eye and adnexa, initial encounter | 
Burns of other specified parts of left eye and adnexa, initial encounter | 
Corrosion of right eye and adnexa, part unspecified, subsequent encounter | 
Corrosion of left eye and adnexa, part unspecified, subsequent encounter | 
Burn of right eye and adnexa, part unspecified, subsequent encounter | 
Burn of left eye and adnexa, part unspecified, subsequent encounter | 
Burn of unspecified eye and adnexa, part unspecified, subsequent encounter | 
Burns of other specified parts of unspecified eye and adnexa, initial encounter | 
Corrosion of unspecified eye and adnexa, part unspecified, subsequent encounter | 
Burns of other specified parts of right eye and adnexa, subsequent encounter | 
Burns of other specified parts of left eye and adnexa, subsequent encounter | 
Burns of other specified parts of unspecified eye and adnexa, subsequent encounter | 
Burns of other specified parts of unspecified eye and adnexa | 
Corrosion of unspecified eye and adnexa, part unspecified | 
Corrosion of left eye and adnexa, part unspecified | 
Corrosion of eye and adnexa, part unspecified | 
Burns of other specified parts of right eye and adnexa | 
Burn of unspecified eye and adnexa, part unspecified | 
Burn of right eye and adnexa, part unspecified | 
Burn of left eye and adnexa, part unspecified | 
Burns of other specified parts of left eye and adnexa | 
Corrosion of right eye and adnexa, part unspecified"
375283,"Angular blepharoconjunctivitis",28408,46901,3,"Angular blepharoconjunctivitis, right eye | 
Angular blepharoconjunctivitis, left eye | 
Angular blepharoconjunctivitis, unspecified eye"
438150,"Serous choroidal detachment",12091,46755,3,"Serous choroidal detachment, right eye | 
Serous choroidal detachment, left eye | 
Serous choroidal detachment, unspecified eye"
35626038,"Mild nonproliferative retinopathy of right eye due to diabetes mellitus",9863,46726,2,"Diabetes mellitus due to underlying condition with mild nonproliferative diabetic retinopathy with macular edema, right eye | 
Diabetes mellitus due to underlying condition with mild nonproliferative diabetic retinopathy without macular edema, right eye"
4317981,"Upper eyelid entropion",23491,46632,2,"Unspecified entropion of right upper eyelid | 
Unspecified entropion of left upper eyelid"
4338897,"Combined traction and rhegmatogenous retinal detachment",9038,46521,15,"Type 2 diabetes mellitus with proliferative diabetic retinopathy with combined traction retinal detachment and rhegmatogenous retinal detachment, left eye | 
Type 2 diabetes mellitus with proliferative diabetic retinopathy with combined traction retinal detachment and rhegmatogenous retinal detachment, right eye | 
Type 1 diabetes mellitus with proliferative diabetic retinopathy with combined traction retinal detachment and rhegmatogenous retinal detachment, right eye | 
Diabetes mellitus due to underlying condition with proliferative diabetic retinopathy with combined traction retinal detachment and rhegmatogenous retinal detachment, unspecified eye | 
Type 1 diabetes mellitus with proliferative diabetic retinopathy with combined traction retinal detachment and rhegmatogenous retinal detachment, left eye | 
Diabetes mellitus due to underlying condition with proliferative diabetic retinopathy with combined traction retinal detachment and rhegmatogenous retinal detachment, left eye | 
Diabetes mellitus due to underlying condition with proliferative diabetic retinopathy with combined traction retinal detachment and rhegmatogenous retinal detachment, right eye | 
Type 2 diabetes mellitus with proliferative diabetic retinopathy with combined traction retinal detachment and rhegmatogenous retinal detachment, unspecified eye | 
Other specified diabetes mellitus with proliferative diabetic retinopathy with combined traction retinal detachment and rhegmatogenous retinal detachment, right eye | 
Type 1 diabetes mellitus with proliferative diabetic retinopathy with combined traction retinal detachment and rhegmatogenous retinal detachment, unspecified eye | 
Other specified diabetes mellitus with proliferative diabetic retinopathy with combined traction retinal detachment and rhegmatogenous retinal detachment, left eye | 
Other specified diabetes mellitus with proliferative diabetic retinopathy with combined traction retinal detachment and rhegmatogenous retinal detachment, unspecified eye | 
Drug or chemical induced diabetes mellitus with proliferative diabetic retinopathy with combined traction retinal detachment and rhegmatogenous retinal detachment, left eye | 
Drug or chemical induced diabetes mellitus with proliferative diabetic retinopathy with combined traction retinal detachment and rhegmatogenous retinal detachment, right eye | 
Drug or chemical induced diabetes mellitus with proliferative diabetic retinopathy with combined traction retinal detachment and rhegmatogenous retinal detachment, unspecified eye"
433207,"Nodular episcleritis",21972,46380,3,"Nodular episcleritis, left eye | 
Nodular episcleritis, right eye | 
Nodular episcleritis, unspecified eye"
1077052,"Mechanical entropion of right lower eyelid",12143,45423,1,"Mechanical entropion of right lower eyelid"
377272,"Secondary vitreoretinal degeneration",26077,45380,3,"Secondary vitreoretinal degeneration, left eye | 
Secondary vitreoretinal degeneration, right eye | 
Secondary vitreoretinal degeneration, unspecified eye"
376973,"Cataract due to ocular disease",16443,45196,3,"Cataract secondary to ocular disorders (degenerative) (inflammatory), unspecified eye | 
Cataract secondary to ocular disorders (degenerative) (inflammatory), left eye | 
Cataract secondary to ocular disorders (degenerative) (inflammatory), right eye"
434943,"Constant exophthalmos",19036,45183,3,"Constant exophthalmos, left eye | 
Constant exophthalmos, right eye | 
Constant exophthalmos, unspecified eye"
45763779,"Senile entropion of upper eyelid",22510,44794,2,"Senile entropion of right upper eyelid | 
Senile entropion of left upper eyelid"
36713155,"Abscess of right lower eyelid",28223,44480,1,"Abscess of right lower eyelid"
45763774,"Unstable keratoconus",15756,44174,3,"Keratoconus, unstable, left eye | 
Keratoconus, unstable, right eye | 
Keratoconus, unstable, unspecified eye"
4197154,"Posterior cyclitis",9869,44053,3,"Posterior cyclitis, right eye | 
Posterior cyclitis, left eye | 
Posterior cyclitis, unspecified eye"
37116419,"Myopic choroidal neovascularization",7451,43703,3,"Degenerative myopia with choroidal neovascularization, right eye | 
Degenerative myopia with choroidal neovascularization, left eye | 
Degenerative myopia with choroidal neovascularization, unspecified eye"
435755,"Primary malignant neoplasm of skin of eyelid",17759,43394,15,"Unspecified malignant neoplasm of skin of unspecified eyelid, including canthus | 
Other specified malignant neoplasm of skin of left lower eyelid, including canthus | 
Unspecified malignant neoplasm of skin of left lower eyelid, including canthus | 
Other specified malignant neoplasm of skin of right lower eyelid, including canthus | 
Other specified malignant neoplasm of skin of unspecified eyelid, including canthus | 
Unspecified malignant neoplasm of skin of right lower eyelid, including canthus | 
Other specified malignant neoplasm of skin of left upper eyelid, including canthus | 
Other specified malignant neoplasm of skin of right upper eyelid, including canthus | 
Unspecified malignant neoplasm of skin of right upper eyelid, including canthus | 
Unspecified malignant neoplasm of skin of left upper eyelid, including canthus | 
Unspecified malignant neoplasm of skin of right eyelid, including canthus | 
Other specified malignant neoplasm of skin of left eyelid, including canthus | 
Unspecified malignant neoplasm of skin of left eyelid, including canthus | 
Other and unspecified malignant neoplasm of skin of eyelid, including canthus | 
Other specified malignant neoplasm of skin of right eyelid, including canthus"
36717200,"Abscess of left lower eyelid",26639,43000,1,"Abscess of left lower eyelid"
375250,"Retinopathy of prematurity stage 1 - demarcation line",19675,42866,3,"Retinopathy of prematurity, stage 1, right eye | 
Retinopathy of prematurity, stage 1, left eye | 
Retinopathy of prematurity, stage 1, unspecified eye"
37168148,"Multiple lesions of retina of left eye without detachment",17222,42735,1,"Multiple defects of retina without detachment, left eye"
37168136,"Multiple lesions of retina of right eye without detachment",17329,42637,1,"Multiple defects of retina without detachment, right eye"
435269,"Optic papillitis",15504,42006,3,"Optic papillitis, right eye | 
Optic papillitis, left eye | 
Optic papillitis, unspecified eye"
443740,"Corneal endothelial dystrophy",26952,41226,3,"Endothelial corneal dystrophy, unspecified eye | 
Endothelial corneal dystrophy, right eye | 
Endothelial corneal dystrophy, left eye"
4318523,"Persistent pupillary membranes",15503,40381,3,"Pupillary membranes, right eye | 
Pupillary membranes, left eye | 
Pupillary membranes, unspecified eye"
1077020,"Mechanical entropion of right upper eyelid",8206,39903,1,"Mechanical entropion of right upper eyelid"
436403,"Retinal vasculitis",10111,39825,3,"Retinal vasculitis, right eye | 
Retinal vasculitis, left eye | 
Retinal vasculitis, unspecified eye"
1077095,"Mechanical entropion of left lower eyelid",10704,39249,1,"Mechanical entropion of left lower eyelid"
432640,"Hypopyon ulcer",8773,39188,3,"Corneal ulcer with hypopyon, left eye | 
Corneal ulcer with hypopyon, right eye | 
Corneal ulcer with hypopyon, unspecified eye"
438767,"Staphyloma posticum",13051,39031,6,"Staphyloma posticum, right eye | 
Staphyloma posticum, left eye | 
Degenerative myopia with foveoschisis, right eye | 
Degenerative myopia with foveoschisis, left eye | 
Staphyloma posticum, unspecified eye | 
Degenerative myopia with foveoschisis, unspecified eye"
372318,"Chronic follicular conjunctivitis",21775,38714,3,"Chronic follicular conjunctivitis, left eye | 
Chronic follicular conjunctivitis, right eye | 
Chronic follicular conjunctivitis, unspecified eye"
4147891,"Madarosis of eyelid",24511,38489,7,"Madarosis of unspecified eye, unspecified eyelid and periocular area | 
Madarosis of right upper eyelid and periocular area | 
Madarosis of left upper eyelid and periocular area | 
Madarosis of right lower eyelid and periocular area | 
Madarosis of left lower eyelid and periocular area | 
Madarosis of right eye, unspecified eyelid and periocular area | 
Madarosis of left eye, unspecified eyelid and periocular area"
375258,"Photokeratitis",24861,38186,3,"Photokeratitis, unspecified eye | 
Photokeratitis, left eye | 
Photokeratitis, right eye"
376698,"Internuclear ophthalmoplegia",15083,37825,3,"Internuclear ophthalmoplegia, right eye | 
Internuclear ophthalmoplegia, left eye | 
Internuclear ophthalmoplegia, unspecified eye"
437269,"Intermittent angle-closure glaucoma",18890,37799,3,"Intermittent angle-closure glaucoma, right eye | 
Intermittent angle-closure glaucoma, left eye | 
Intermittent angle-closure glaucoma, unspecified eye"
433491,"Corneal edema caused by wearing of contact lenses",22342,37579,3,"Corneal edema secondary to contact lens, right eye | 
Corneal edema secondary to contact lens, left eye | 
Corneal edema secondary to contact lens, unspecified eye"
1077061,"Mechanical entropion of left upper eyelid",7778,37563,1,"Mechanical entropion of left upper eyelid"
374351,"Conjunctival scar",16250,37282,3,"Scarring of conjunctiva, left eye | 
Scarring of conjunctiva, right eye | 
Scarring of conjunctiva, unspecified eye"
374642,"Total traumatic cataract",14433,37208,3,"Total traumatic cataract, right eye | 
Total traumatic cataract, left eye | 
Total traumatic cataract, unspecified eye"
3657021,"Eczematous dermatitis of right lower eyelid",24009,37055,1,"Eczematous dermatitis of right lower eyelid"
438739,"Sympathetic uveitis",13194,36938,3,"Sympathetic uveitis, right eye | 
Sympathetic uveitis, left eye | 
Sympathetic uveitis, unspecified eye"
374941,"Retained foreign body of eyelid",25247,36536,5,"Retained foreign body in right lower eyelid | 
Retained foreign body in left lower eyelid | 
Retained foreign body in right eye, unspecified eyelid | 
Retained foreign body in unspecified eye, unspecified eyelid | 
Retained foreign body in left eye, unspecified eyelid"
4191001,"Angle-closure glaucoma",5975,36358,3,"Residual stage of angle-closure glaucoma, right eye | 
Residual stage of angle-closure glaucoma, left eye | 
Residual stage of angle-closure glaucoma, unspecified eye"
35626039,"Mild nonproliferative retinopathy of left eye due to diabetes mellitus",7809,35889,2,"Diabetes mellitus due to underlying condition with mild nonproliferative diabetic retinopathy with macular edema, left eye | 
Diabetes mellitus due to underlying condition with mild nonproliferative diabetic retinopathy without macular edema, left eye"
4319604,"Upper eyelid ectropion",21106,35731,2,"Unspecified ectropion of right upper eyelid | 
Unspecified ectropion of left upper eyelid"
36684720,"Episcleritis of left eye",18607,35397,1,"Episcleritis periodica fugax, left eye"
36684727,"Neovascularization of left cornea",12276,35135,1,"Unspecified corneal neovascularization, left eye"
375251,"Retinopathy of prematurity stage 2 - intraretinal ridge",15628,35127,3,"Retinopathy of prematurity, stage 2, right eye | 
Retinopathy of prematurity, stage 2, left eye | 
Retinopathy of prematurity, stage 2, unspecified eye"
439018,"Hypopyon",11690,34588,3,"Hypopyon, right eye | 
Hypopyon, left eye | 
Hypopyon, unspecified eye"
439808,"Interstitial keratitis",10797,34217,4,"Unspecified interstitial keratitis, left eye | 
Unspecified interstitial keratitis, right eye | 
Unspecified interstitial keratitis, unspecified eye | 
Other interstitial and deep keratitis, unspecified eye"
438152,"Symblepharon",10943,34203,3,"Symblepharon, left eye | 
Symblepharon, right eye | 
Symblepharon, unspecified eye"
375428,"Traumatic optic nerve injury",8645,34128,9,"Injury of optic nerve, unspecified eye, initial encounter | 
Injury of optic nerve, left eye, initial encounter | 
Injury of optic nerve, right eye, initial encounter | 
Injury of optic nerve, left eye, subsequent encounter | 
Injury of optic nerve, right eye, subsequent encounter | 
Injury of optic nerve, unspecified eye, subsequent encounter | 
Injury of optic nerve, right eye | 
Injury of optic nerve, unspecified eye | 
Injury of optic nerve, left eye"
4201531,"Disorder of anterior chamber of eye",14708,33861,3,"Primary angle closure without glaucoma damage, right eye | 
Primary angle closure without glaucoma damage, left eye | 
Primary angle closure without glaucoma damage, unspecified eye"
3656899,"Cicatricial entropion of right lower eyelid",13113,33803,1,"Cicatricial entropion of right lower eyelid"
437860,"Choroidal detachment",10158,33778,3,"Unspecified choroidal detachment, right eye | 
Unspecified choroidal detachment, left eye | 
Unspecified choroidal detachment, unspecified eye"
436976,"Posterior subcapsular polar cataract",12228,33694,3,"Posterior subcapsular polar infantile and juvenile cataract, right eye | 
Posterior subcapsular polar infantile and juvenile cataract, left eye | 
Posterior subcapsular polar infantile and juvenile cataract, unspecified eye"
381445,"Avulsion of eye",13454,33529,9,"Avulsion of left eye, initial encounter | 
Avulsion of right eye, initial encounter | 
Avulsion of left eye, subsequent encounter | 
Avulsion of unspecified eye, initial encounter | 
Avulsion of right eye, subsequent encounter | 
Avulsion of unspecified eye, subsequent encounter | 
Avulsion of right eye | 
Avulsion of unspecified eye | 
Avulsion of left eye"
437867,"Choroidal hemorrhage",9708,33432,3,"Unspecified choroidal hemorrhage, right eye | 
Unspecified choroidal hemorrhage, left eye | 
Unspecified choroidal hemorrhage, unspecified eye"
36684661,"Neovascularization of right cornea",12004,33293,1,"Unspecified corneal neovascularization, right eye"
439011,"Progressive iris atrophy",15102,33255,3,"Iris atrophy (essential) (progressive), right eye | 
Iris atrophy (essential) (progressive), left eye | 
Iris atrophy (essential) (progressive), unspecified eye"
36684654,"Episcleritis of right eye",17395,32722,1,"Episcleritis periodica fugax, right eye"
377862,"Ocular fistula causing hypotony of eye",8993,32680,4,"Hypotony of left eye due to ocular fistula | 
Hypotony of right eye due to ocular fistula | 
Hypotony of eye due to ocular fistula, bilateral | 
Hypotony of unspecified eye due to ocular fistula"
4208223,"Disorder of macula of retina",7005,32042,3,"Degenerative myopia with other maculopathy, right eye | 
Degenerative myopia with other maculopathy, left eye | 
Degenerative myopia with other maculopathy, unspecified eye"
45763813,"Retained foreign body of upper eyelid",22854,31570,2,"Retained foreign body in right upper eyelid | 
Retained foreign body in left upper eyelid"
36715594,"Open bite of head",18783,31466,9,"Open bite of right eyelid and periocular area, initial encounter | 
Open bite of left eyelid and periocular area, initial encounter | 
Open bite of unspecified eyelid and periocular area, initial encounter | 
Open bite of right eyelid and periocular area, subsequent encounter | 
Open bite of left eyelid and periocular area, subsequent encounter | 
Open bite of unspecified eyelid and periocular area, subsequent encounter | 
Open bite of right eyelid and periocular area | 
Open bite of left eyelid and periocular area | 
Open bite of unspecified eyelid and periocular area"
373648,"Superficial injury of eyelid AND/OR periocular area",24605,31108,19,"Unspecified superficial injury of left eyelid and periocular area, initial encounter | 
Unspecified superficial injury of right eyelid and periocular area, initial encounter | 
Unspecified superficial injury of unspecified eyelid and periocular area, initial encounter | 
Unspecified superficial injury of left eyelid and periocular area, subsequent encounter | 
Unspecified superficial injury of right eyelid and periocular area, subsequent encounter | 
External constriction of right eyelid and periocular area, subsequent encounter | 
External constriction of left eyelid and periocular area, subsequent encounter | 
External constriction of left eyelid and periocular area, initial encounter | 
External constriction of right eyelid and periocular area, initial encounter | 
Unspecified superficial injury of unspecified eyelid and periocular area, subsequent encounter | 
External constriction of unspecified eyelid and periocular area, initial encounter | 
External constriction of unspecified eyelid and periocular area | 
Unspecified superficial injury of right eyelid and periocular area | 
External constriction of left eyelid and periocular area | 
External constriction of unspecified eyelid and periocular area, subsequent encounter | 
Unspecified superficial injury of left eyelid and periocular area | 
Other and unspecified superficial injuries of eyelid and periocular area | 
Unspecified superficial injury of unspecified eyelid and periocular area | 
External constriction of right eyelid and periocular area"
37207865,"Spastic entropion of right lower eyelid",11768,30929,1,"Spastic entropion of right lower eyelid"
3656984,"Cicatricial entropion of left lower eyelid",11657,30478,1,"Cicatricial entropion of left lower eyelid"
436986,"Enophthalmos",13381,30472,6,"Unspecified enophthalmos, left eye | 
Unspecified enophthalmos, right eye | 
Enophthalmos due to trauma or surgery, left eye | 
Enophthalmos due to trauma or surgery, right eye | 
Unspecified enophthalmos, unspecified eye | 
Enophthalmos due to trauma or surgery, unspecified eye"
3657022,"Eczematous dermatitis of left lower eyelid",20468,30195,1,"Eczematous dermatitis of left lower eyelid"
374956,"Anterior dislocation of lens",10785,29968,3,"Anterior dislocation of lens, right eye | 
Anterior dislocation of lens, left eye | 
Anterior dislocation of lens, unspecified eye"
435254,"Hemorrhagic choroidal detachment",7095,29835,3,"Hemorrhagic choroidal detachment, right eye | 
Hemorrhagic choroidal detachment, left eye | 
Hemorrhagic choroidal detachment, unspecified eye"
376107,"Hypotony of eye",9230,29802,4,"Hypotony of eye due to other ocular disorders, right eye | 
Hypotony of eye due to other ocular disorders, left eye | 
Hypotony of eye due to other ocular disorders, bilateral | 
Hypotony of eye due to other ocular disorders, unspecified eye"
435279,"Tonic pupillary reaction",14947,29678,3,"Tonic pupil, left eye | 
Tonic pupil, right eye | 
Tonic pupil, unspecified eye"
437268,"Iridodialysis",11185,28630,3,"Iridodialysis, right eye | 
Iridodialysis, left eye | 
Iridodialysis, unspecified eye"
37207896,"Central pterygium of right eye",13366,28594,1,"Central pterygium of right eye"
436702,"Pseudopapilledema",14581,28562,3,"Pseudopapilledema of optic disc, right eye | 
Pseudopapilledema of optic disc, left eye | 
Pseudopapilledema of optic disc, unspecified eye"
4107672,"Eyelid burn",18042,28507,9,"Burn of right eyelid and periocular area, initial encounter | 
Burn of left eyelid and periocular area, initial encounter | 
Burn of unspecified eyelid and periocular area, initial encounter | 
Burn of right eyelid and periocular area, subsequent encounter | 
Burn of left eyelid and periocular area, subsequent encounter | 
Burn of unspecified eyelid and periocular area, subsequent encounter | 
Burn of left eyelid and periocular area | 
Burn of unspecified eyelid and periocular area | 
Burn of right eyelid and periocular area"
374355,"Peripheral degeneration of cornea",11973,28357,3,"Peripheral corneal degeneration, left eye | 
Peripheral corneal degeneration, right eye | 
Peripheral corneal degeneration, unspecified eye"
379818,"Retrobulbar neuritis",11387,28206,3,"Retrobulbar neuritis, left eye | 
Retrobulbar neuritis, right eye | 
Retrobulbar neuritis, unspecified eye"
37207956,"Central pterygium of left eye",13410,28170,1,"Central pterygium of left eye"
381847,"Blind spot scotoma",14862,28010,3,"Scotoma of blind spot area, right eye | 
Scotoma of blind spot area, left eye | 
Scotoma of blind spot area, unspecified eye"
441006,"Soemmerring's ring",16068,27652,3,"Soemmering's ring, right eye | 
Soemmering's ring, left eye | 
Soemmering's ring, unspecified eye"
434883,"Carcinoma in situ of skin of eyelid including canthus",15091,27628,7,"Carcinoma in situ of skin of unspecified eyelid, including canthus | 
Carcinoma in situ of skin of left lower eyelid, including canthus | 
Carcinoma in situ of skin of right lower eyelid, including canthus | 
Carcinoma in situ of skin of left upper eyelid, including canthus | 
Carcinoma in situ of skin of right upper eyelid, including canthus | 
Carcinoma in situ of skin of left eyelid, including canthus | 
Carcinoma in situ of skin of right eyelid, including canthus"
372322,"Senile entropion",13527,27546,3,"Senile entropion of unspecified eye, unspecified eyelid | 
Senile entropion of right eye, unspecified eyelid | 
Senile entropion of left eye, unspecified eyelid"
37168128,"Break of retina",12228,27454,1,"Unspecified retinal break, unspecified eye"
379009,"Retinopathy of prematurity stage 3 - ridge with extraretinal fibrovascular proliferation",7620,27171,3,"Retinopathy of prematurity, stage 3, right eye | 
Retinopathy of prematurity, stage 3, left eye | 
Retinopathy of prematurity, stage 3, unspecified eye"
441289,"Angle recession",8691,26986,3,"Recession of chamber angle, left eye | 
Recession of chamber angle, right eye | 
Recession of chamber angle, unspecified eye"
373769,"Nuclear cataract",9093,26724,3,"Infantile and juvenile nuclear cataract, unspecified eye | 
Infantile and juvenile nuclear cataract, right eye | 
Infantile and juvenile nuclear cataract, left eye"
377848,"Toxic maculopathy",12503,26450,3,"Toxic maculopathy, unspecified eye | 
Toxic maculopathy, right eye | 
Toxic maculopathy, left eye"
374350,"Granuloma of conjunctiva",12561,26259,2,"Conjunctival granuloma, left eye | 
Conjunctival granuloma, right eye"
377287,"Phlyctenular keratoconjunctivitis",12018,26080,3,"Phlyctenular keratoconjunctivitis, left eye | 
Phlyctenular keratoconjunctivitis, right eye | 
Phlyctenular keratoconjunctivitis, unspecified eye"
436407,"Diffuse interstitial keratitis",9024,25983,3,"Diffuse interstitial keratitis, left eye | 
Diffuse interstitial keratitis, right eye | 
Diffuse interstitial keratitis, unspecified eye"
374346,"Primary hypotony of eye",6719,25769,4,"Primary hypotony of right eye | 
Primary hypotony of left eye | 
Primary hypotony of unspecified eye | 
Primary hypotony of eye, bilateral"
37207925,"Spastic entropion of left lower eyelid",9573,25701,1,"Spastic entropion of left lower eyelid"
4335996,"Retinal dialysis",5171,25504,3,"Retinal detachment with retinal dialysis, left eye | 
Retinal detachment with retinal dialysis, right eye | 
Retinal detachment with retinal dialysis, unspecified eye"
4196227,"Congenital coloboma of optic disc",8845,25329,3,"Coloboma of optic disc, right eye | 
Coloboma of optic disc, left eye | 
Coloboma of optic disc, unspecified eye"
36717601,"Bullous aphakic keratopathy following cataract surgery",8729,25211,3,"Keratopathy (bullous aphakic) following cataract surgery, left eye | 
Keratopathy (bullous aphakic) following cataract surgery, right eye | 
Keratopathy (bullous aphakic) following cataract surgery, unspecified eye"
4102049,"General disseminated chorioretinitis",3999,25093,3,"Disseminated chorioretinal inflammation, generalized, left eye | 
Disseminated chorioretinal inflammation, generalized, right eye | 
Disseminated chorioretinal inflammation, generalized, unspecified eye"
374959,"Contact blepharoconjunctivitis",16057,25040,3,"Contact blepharoconjunctivitis, left eye | 
Contact blepharoconjunctivitis, right eye | 
Contact blepharoconjunctivitis, unspecified eye"
441016,"Peripheral anterior synechiae",10765,24960,3,"Goniosynechiae, left eye | 
Goniosynechiae, right eye | 
Goniosynechiae, unspecified eye"
37207902,"Xanthoma of left upper eyelid",13743,24927,1,"Xanthelasma of left upper eyelid"
436692,"Retinal venous engorgement",10860,24793,3,"Venous engorgement, left eye | 
Venous engorgement, right eye | 
Venous engorgement, unspecified eye"
37207842,"Xanthoma of right upper eyelid",13598,24784,1,"Xanthelasma of right upper eyelid"
45769873,"Traction detachment of retina due to type 1 diabetes mellitus",4778,24457,3,"Type 1 diabetes mellitus with proliferative diabetic retinopathy with traction retinal detachment not involving the macula, left eye | 
Type 1 diabetes mellitus with proliferative diabetic retinopathy with traction retinal detachment not involving the macula, right eye | 
Type 1 diabetes mellitus with proliferative diabetic retinopathy with traction retinal detachment not involving the macula, unspecified eye"
376699,"Cicatricial ectropion",9043,23809,3,"Cicatricial ectropion of unspecified eye, unspecified eyelid | 
Cicatricial ectropion of right eye, unspecified eyelid | 
Cicatricial ectropion of left eye, unspecified eyelid"
373193,"Secondary pigmentary retinal degeneration",12961,23130,3,"Secondary pigmentary degeneration, left eye | 
Secondary pigmentary degeneration, right eye | 
Secondary pigmentary degeneration, unspecified eye"
46273347,"Eyeball wound due to penetrating foreign body",12564,22836,9,"Penetrating wound with foreign body of right eyeball, initial encounter | 
Penetrating wound with foreign body of left eyeball, initial encounter | 
Penetrating wound with foreign body of unspecified eyeball, initial encounter | 
Penetrating wound with foreign body of right eyeball, subsequent encounter | 
Penetrating wound with foreign body of left eyeball, subsequent encounter | 
Penetrating wound with foreign body of unspecified eyeball, subsequent encounter | 
Penetrating wound with foreign body of unspecified eyeball | 
Penetrating wound with foreign body of right eyeball | 
Penetrating wound with foreign body of left eyeball"
380725,"Corneal ectasia",8998,22066,3,"Corneal ectasia, left eye | 
Corneal ectasia, right eye | 
Corneal ectasia, unspecified eye"
4271306,"Retained nonmagnetic foreign body in vitreous",4864,21897,3,"Retained (nonmagnetic) (old) foreign body in vitreous body, right eye | 
Retained (nonmagnetic) (old) foreign body in vitreous body, left eye | 
Retained (nonmagnetic) (old) foreign body in vitreous body, unspecified eye"
37395818,"Blepharophimosis epicanthus inversus ptosis syndrome",11706,21880,7,"Blepharophimosis unspecified eye, unspecified lid | 
Blepharophimosis right upper eyelid | 
Blepharophimosis left upper eyelid | 
Blepharophimosis right eye, unspecified eyelid | 
Blepharophimosis left eye, unspecified eyelid | 
Blepharophimosis right lower eyelid | 
Blepharophimosis left lower eyelid"
3656854,"Cicatricial entropion of right upper eyelid",7612,21865,1,"Cicatricial entropion of right upper eyelid"
373204,"Conjunctival xerosis",7655,21679,3,"Conjunctival xerosis, unspecified, unspecified eye | 
Conjunctival xerosis, unspecified, left eye | 
Conjunctival xerosis, unspecified, right eye"
372891,"Peripheral cystoid retinal degeneration",11862,21598,3,"Microcystoid degeneration of retina, left eye | 
Microcystoid degeneration of retina, right eye | 
Microcystoid degeneration of retina, unspecified eye"
438738,"Panophthalmitis",4931,21509,3,"Panophthalmitis (acute), right eye | 
Panophthalmitis (acute), left eye | 
Panophthalmitis (acute), unspecified eye"
433768,"Glaucoma with increased episcleral venous pressure",8041,21505,3,"Glaucoma with increased episcleral venous pressure, right eye | 
Glaucoma with increased episcleral venous pressure, unspecified eye | 
Glaucoma with increased episcleral venous pressure, left eye"
36684693,"Recurrent pterygium of left eye",8251,21283,1,"Recurrent pterygium of left eye"
45757708,"Low vision right eye, normal vision left eye",9876,21037,3,"Low vision right eye category 1, normal vision left eye | 
Low vision right eye category 2, normal vision left eye | 
Low vision, right eye, normal vision left eye"
76122,"Brown's tendon sheath syndrome",7505,20699,2,"Brown's sheath syndrome, right eye | 
Brown's sheath syndrome, left eye"
440105,"Aqueous humor misdirect",5164,20625,3,"Aqueous misdirection, right eye | 
Aqueous misdirection, left eye | 
Aqueous misdirection, unspecified eye"
432768,"Corneal foreign body",15007,20202,3,"Foreign body in cornea, unspecified eye, initial encounter | 
Foreign body in cornea, unspecified eye, subsequent encounter | 
Foreign body in cornea, unspecified eye"
440705,"Adhesions of iris",10322,20201,2,"Unspecified adhesions of iris, left eye | 
Unspecified adhesions of iris, right eye"
36684630,"Recurrent pterygium of right eye",7784,20170,1,"Recurrent pterygium of right eye"
1077019,"Mechanical lagophthalmos of right upper eyelid",9736,20053,1,"Mechanical lagophthalmos right upper eyelid"
45757699,"Low vision left eye, normal vision right eye",10814,19991,3,"Low vision left eye category 1, normal vision right eye | 
Low vision left eye category 2, normal vision right eye | 
Low vision, left eye, normal vision right eye"
3656938,"Cicatricial entropion of left upper eyelid",6524,19392,1,"Cicatricial entropion of left upper eyelid"
435397,"Late effect of foreign body in orifice",13205,19214,12,"Foreign body in cornea, right eye, sequela | 
Foreign body in cornea, left eye, sequela | 
Foreign body in conjunctival sac, right eye, sequela | 
Foreign body in conjunctival sac, left eye, sequela | 
Foreign body on external eye, part unspecified, left eye, sequela | 
Foreign body on external eye, part unspecified, unspecified eye, sequela | 
Foreign body on external eye, part unspecified, right eye, sequela | 
Foreign body in cornea, unspecified eye, sequela | 
Foreign body in other and multiple parts of external eye, right eye, sequela | 
Foreign body in other and multiple parts of external eye, left eye, sequela | 
Foreign body in conjunctival sac, unspecified eye, sequela | 
Foreign body in other and multiple parts of external eye, unspecified eye, sequela"
376411,"Central pterygium",9627,18970,2,"Central pterygium of eye, bilateral | 
Central pterygium of unspecified eye"
434932,"Fuchs' heterochromic cyclitis",6404,18920,3,"Fuchs' heterochromic cyclitis, right eye | 
Fuchs' heterochromic cyclitis, left eye | 
Fuchs' heterochromic cyclitis, unspecified eye"
377288,"Corneal deposit",9221,18801,3,"Unspecified corneal deposit, right eye | 
Unspecified corneal deposit, left eye | 
Unspecified corneal deposit, unspecified eye"
375263,"Cycloplegia",10159,18771,3,"Paresis of accommodation, unspecified eye | 
Paresis of accommodation, right eye | 
Paresis of accommodation, left eye"
440716,"Infectious secondary iridocyclitis",6558,18274,3,"Secondary infectious iridocyclitis, right eye | 
Secondary infectious iridocyclitis, left eye | 
Secondary infectious iridocyclitis, unspecified eye"
35626041,"Moderate nonproliferative diabetic retinopathy of right eye",3350,18162,2,"Diabetes mellitus due to underlying condition with moderate nonproliferative diabetic retinopathy with macular edema, right eye | 
Diabetes mellitus due to underlying condition with moderate nonproliferative diabetic retinopathy without macular edema, right eye"
1077060,"Mechanical lagophthalmos of left upper eyelid",8853,18080,1,"Mechanical lagophthalmos left upper eyelid"
441669,"Congenital anomaly of posterior segment of eye",10007,17789,1,"Congenital malformation of posterior segment of eye, unspecified"
4243456,"Senile atrophy of choroid",7851,17695,3,"Age-related choroidal atrophy, right eye | 
Age-related choroidal atrophy, left eye | 
Age-related choroidal atrophy, unspecified eye"
381862,"Paralytic strabismus",8456,17460,3,"Other paralytic strabismus, left eye | 
Other paralytic strabismus, right eye | 
Other paralytic strabismus, unspecified eye"
438759,"Descemet's membrane fold",8683,17447,3,"Folds in Descemet's membrane, right eye | 
Folds in Descemet's membrane, left eye | 
Folds in Descemet's membrane, unspecified eye"
372641,"Localized vascularization of cornea",6940,17373,3,"Localized vascularization of cornea, right eye | 
Localized vascularization of cornea, left eye | 
Localized vascularization of cornea, unspecified eye"
434344,"Ciliary muscle spasm",10555,17203,3,"Spasm of accommodation, unspecified eye | 
Spasm of accommodation, right eye | 
Spasm of accommodation, left eye"
42538748,"Retained nonmagnetic foreign body in right eye",5782,17188,5,"Retained (nonmagnetic) (old) foreign body in vitreous body, right eye | 
Unspecified retained (old) intraocular foreign body, nonmagnetic, right eye | 
Retained (old) intraocular foreign body, nonmagnetic, in other or multiple sites, right eye | 
Retained (nonmagnetic) (old) foreign body in posterior wall of globe, right eye | 
Retained (nonmagnetic) (old) foreign body in iris or ciliary body, right eye"
37208010,"Pigment dispersion syndrome of right eye",7113,16982,1,"Degeneration of iris (pigmentary), right eye"
440999,"Choroidal rupture",6320,16905,3,"Choroidal rupture, left eye | 
Choroidal rupture, right eye | 
Choroidal rupture, unspecified eye"
40274883,"Phthisis bulbi",5997,16634,1,"Atrophy of globe, unspecified eye"
432919,"Discoid lupus erythematosus of eyelid",9306,16462,3,"Discoid lupus erythematosus of unspecified eye, unspecified eyelid | 
Discoid lupus erythematosus of right eye, unspecified eyelid | 
Discoid lupus erythematosus of left eye, unspecified eyelid"
4108968,"Vogt-Koyanagi-Harada disease",2337,16195,6,"Vogt-Koyanagi syndrome, unspecified eye | 
Harada's disease, unspecified eye | 
Vogt-Koyanagi syndrome, left eye | 
Vogt-Koyanagi syndrome, right eye | 
Harada's disease, left eye | 
Harada's disease, right eye"
374043,"Hereditary corneal dystrophy",12215,15997,6,"Other hereditary corneal dystrophies, unspecified eye | 
Other hereditary corneal dystrophies, right eye | 
Other hereditary corneal dystrophies, left eye | 
Unspecified hereditary corneal dystrophies, unspecified eye | 
Unspecified hereditary corneal dystrophies, right eye | 
Unspecified hereditary corneal dystrophies, left eye"
372315,"Anterior subcapsular polar cataract",5530,15894,3,"Anterior subcapsular polar infantile and juvenile cataract, left eye | 
Anterior subcapsular polar infantile and juvenile cataract, right eye | 
Anterior subcapsular polar infantile and juvenile cataract, unspecified eye"
37208015,"Pigment dispersion syndrome of left eye",6724,15863,1,"Degeneration of iris (pigmentary), left eye"
45763764,"Cicatricial lagophthalmos of upper eyelid",7056,15638,2,"Cicatricial lagophthalmos right upper eyelid | 
Cicatricial lagophthalmos left upper eyelid"
380411,"Monocular exotropia with V-pattern strabismus",7855,15628,2,"Monocular exotropia with V pattern, right eye | 
Monocular exotropia with V pattern, left eye"
42538747,"Retained nonmagnetic foreign body in left eye",5488,15600,5,"Retained (nonmagnetic) (old) foreign body in vitreous body, left eye | 
Unspecified retained (old) intraocular foreign body, nonmagnetic, left eye | 
Retained (old) intraocular foreign body, nonmagnetic, in other or multiple sites, left eye | 
Retained (nonmagnetic) (old) foreign body in posterior wall of globe, left eye | 
Retained (nonmagnetic) (old) foreign body in iris or ciliary body, left eye"
381860,"Vascular abnormality of conjunctiva",9459,15505,3,"Vascular abnormalities of conjunctiva, right eye | 
Vascular abnormalities of conjunctiva, left eye | 
Vascular abnormalities of conjunctiva, unspecified eye"
4195813,"Disorders of prostheses and implants of the eye",7554,15318,18,"Other mechanical complication of prosthetic orbit of left eye, initial encounter | 
Other mechanical complication of prosthetic orbit of right eye, initial encounter | 
Displacement of prosthetic orbit of left eye, initial encounter | 
Displacement of prosthetic orbit of right eye, initial encounter | 
Breakdown (mechanical) of prosthetic orbit of right eye, initial encounter | 
Breakdown (mechanical) of prosthetic orbit of left eye, initial encounter | 
Other mechanical complication of prosthetic orbit of left eye, subsequent encounter | 
Other mechanical complication of prosthetic orbit of right eye, subsequent encounter | 
Breakdown (mechanical) of prosthetic orbit of left eye, subsequent encounter | 
Breakdown (mechanical) of prosthetic orbit of right eye, subsequent encounter | 
Displacement of prosthetic orbit of left eye, subsequent encounter | 
Displacement of prosthetic orbit of right eye, subsequent encounter | 
Breakdown (mechanical) of prosthetic orbit of right eye | 
Other mechanical complication of prosthetic orbit of right eye | 
Other mechanical complication of prosthetic orbit of left eye | 
Breakdown (mechanical) of prosthetic orbit of left eye | 
Displacement of prosthetic orbit of right eye | 
Displacement of prosthetic orbit of left eye"
373732,"Carcinoma in situ of eye",4913,14883,3,"Carcinoma in situ of right eye | 
Carcinoma in situ of left eye | 
Carcinoma in situ of unspecified eye"
438744,"Acute posterior multifocal placoid pigment epitheliopathy",5692,14772,3,"Acute posterior multifocal placoid pigment epitheliopathy, left eye | 
Acute posterior multifocal placoid pigment epitheliopathy, right eye | 
Acute posterior multifocal placoid pigment epitheliopathy, unspecified eye"
380118,"Vascular anomaly of eyelid",8163,14723,7,"Vascular anomalies of right lower eyelid | 
Vascular anomalies of right upper eyelid | 
Vascular anomalies of left lower eyelid | 
Vascular anomalies of left upper eyelid | 
Vascular anomalies of right eye, unspecified eyelid | 
Vascular anomalies of left eye, unspecified eyelid | 
Vascular anomalies of unspecified eye, unspecified eyelid"
437312,"Bleeding",5290,14656,16,"Postprocedural hemorrhage of left eye and adnexa following an ophthalmic procedure | 
Postprocedural hemorrhage of right eye and adnexa following an ophthalmic procedure | 
Postprocedural hemorrhage of right eye and adnexa following other procedure | 
Postprocedural hemorrhage of left eye and adnexa following other procedure | 
Postprocedural hemorrhage of unspecified eye and adnexa following an ophthalmic procedure | 
Postprocedural hematoma of left eye and adnexa following an ophthalmic procedure | 
Postprocedural hemorrhage of eye and adnexa following an ophthalmic procedure, bilateral | 
Postprocedural hematoma of right eye and adnexa following an ophthalmic procedure | 
Postprocedural hematoma of left eye and adnexa following other procedure | 
Postprocedural hematoma of right eye and adnexa following other procedure | 
Postprocedural hemorrhage of eye and adnexa following other procedure, bilateral | 
Postprocedural hemorrhage of unspecified eye and adnexa following other procedure | 
Postprocedural hematoma of unspecified eye and adnexa following other procedure | 
Postprocedural hematoma of eye and adnexa following an ophthalmic procedure, bilateral | 
Postprocedural hematoma of unspecified eye and adnexa following an ophthalmic procedure | 
Postprocedural hematoma of eye and adnexa following other procedure, bilateral"
4275433,"Idiopathic cyst of anterior chamber of eye",5315,14322,3,"Idiopathic cysts of iris, ciliary body or anterior chamber, right eye | 
Idiopathic cysts of iris, ciliary body or anterior chamber, left eye | 
Idiopathic cysts of iris, ciliary body or anterior chamber, unspecified eye"
4247597,"Intraocular hemorrhage",8258,14007,3,"Hemophthalmos, right eye | 
Hemophthalmos, left eye | 
Hemophthalmos, unspecified eye"
45763773,"Flat anterior chamber of eye with hypotony",6690,13959,4,"Flat anterior chamber hypotony of right eye | 
Flat anterior chamber hypotony of left eye | 
Flat anterior chamber hypotony of eye, bilateral | 
Flat anterior chamber hypotony of unspecified eye"
379813,"Mechanical ectropion",8451,13729,3,"Mechanical ectropion of right eye, unspecified eyelid | 
Mechanical ectropion of unspecified eye, unspecified eyelid | 
Mechanical ectropion of left eye, unspecified eyelid"
440732,"Posterior scleritis",2930,13708,3,"Posterior scleritis, right eye | 
Posterior scleritis, left eye | 
Posterior scleritis, unspecified eye"
45773204,"Cicatricial lagophthalmos of lower eyelid",6310,13481,2,"Cicatricial lagophthalmos left lower eyelid | 
Cicatricial lagophthalmos right lower eyelid"
434590,"Malignant melanoma of skin of eyelid",3735,13294,3,"Malignant melanoma of unspecified eyelid, including canthus | 
Malignant melanoma of right eyelid, including canthus | 
Malignant melanoma of left eyelid, including canthus"
375268,"Mechanical lagophthalmos",6999,12853,6,"Mechanical lagophthalmos right eye, unspecified eyelid | 
Mechanical lagophthalmos, bilateral, upper and lower eyelids | 
Mechanical lagophthalmos unspecified eye, unspecified eyelid | 
Mechanical lagophthalmos left eye, unspecified eyelid | 
Mechanical lagophthalmos left eye, upper and lower eyelids | 
Mechanical lagophthalmos right eye, upper and lower eyelids"
35626042,"Moderate nonproliferative diabetic retinopathy of left eye",2561,12735,2,"Diabetes mellitus due to underlying condition with moderate nonproliferative diabetic retinopathy with macular edema, left eye | 
Diabetes mellitus due to underlying condition with moderate nonproliferative diabetic retinopathy without macular edema, left eye"
438751,"Lens-induced iridocyclitis",5348,12714,3,"Lens-induced iridocyclitis, left eye | 
Lens-induced iridocyclitis, right eye | 
Lens-induced iridocyclitis, unspecified eye"
377552,"Moderate nonproliferative retinopathy due to diabetes mellitus",4271,12631,6,"Other specified diabetes mellitus with moderate nonproliferative diabetic retinopathy with macular edema, left eye | 
Other specified diabetes mellitus with moderate nonproliferative diabetic retinopathy with macular edema, right eye | 
Other specified diabetes mellitus with moderate nonproliferative diabetic retinopathy without macular edema, unspecified eye | 
Other specified diabetes mellitus with moderate nonproliferative diabetic retinopathy with macular edema, unspecified eye | 
Other specified diabetes mellitus with moderate nonproliferative diabetic retinopathy without macular edema, right eye | 
Other specified diabetes mellitus with moderate nonproliferative diabetic retinopathy without macular edema, left eye"
379027,"Progressive external ophthalmoplegia",4640,12545,3,"Progressive external ophthalmoplegia, unspecified eye | 
Progressive external ophthalmoplegia, left eye | 
Progressive external ophthalmoplegia, right eye"
4338760,"Malignant melanoma of eyelid",3273,12354,4,"Malignant melanoma of right upper eyelid, including canthus | 
Malignant melanoma of right lower eyelid, including canthus | 
Malignant melanoma of left lower eyelid, including canthus | 
Malignant melanoma of left upper eyelid, including canthus"
437850,"Focal chorioretinitis",4532,12288,3,"Unspecified focal chorioretinal inflammation, left eye | 
Unspecified focal chorioretinal inflammation, right eye | 
Unspecified focal chorioretinal inflammation, unspecified eye"
1077051,"Mechanical lagophthalmos of right lower eyelid",6088,12012,1,"Mechanical lagophthalmos right lower eyelid"
380722,"Localized traumatic opacity",5959,11880,3,"Localized traumatic opacities, right eye | 
Localized traumatic opacities, left eye | 
Localized traumatic opacities, unspecified eye"
4055231,"Accidental laceration during a procedure",4858,11748,8,"Accidental puncture and laceration of right eye and adnexa during an ophthalmic procedure | 
Accidental puncture and laceration of left eye and adnexa during an ophthalmic procedure | 
Accidental puncture and laceration of unspecified eye and adnexa during an ophthalmic procedure | 
Accidental puncture and laceration of right eye and adnexa during other procedure | 
Accidental puncture and laceration of left eye and adnexa during other procedure | 
Accidental puncture and laceration of unspecified eye and adnexa during other procedure | 
Accidental puncture and laceration of eye and adnexa during an ophthalmic procedure, bilateral | 
Accidental puncture and laceration of eye and adnexa during other procedure, bilateral"
36712704,"Vitreomacular adhesion of bilateral eyes",6364,11574,1,"Vitreomacular adhesion, unspecified eye"
37168677,"Neovascularization of eye",6339,11456,3,"Cataract with neovascularization, right eye | 
Cataract with neovascularization, left eye | 
Cataract with neovascularization, unspecified eye"
4033836,"Melanoma in situ of eyelid, including canthus",3276,11432,7,"Melanoma in situ of right lower eyelid, including canthus | 
Melanoma in situ of unspecified eyelid, including canthus | 
Melanoma in situ of left lower eyelid, including canthus | 
Melanoma in situ of right upper eyelid, including canthus | 
Melanoma in situ of left upper eyelid, including canthus | 
Melanoma in situ of left eyelid, including canthus | 
Melanoma in situ of right eyelid, including canthus"
376408,"Descemetocele",2711,11348,3,"Descemetocele, right eye | 
Descemetocele, left eye | 
Descemetocele, unspecified eye"
4162559,"Focal chorioretinitis of posterior pole of eye",3274,11340,3,"Focal chorioretinal inflammation of posterior pole, right eye | 
Focal chorioretinal inflammation of posterior pole, left eye | 
Focal chorioretinal inflammation of posterior pole, unspecified eye"
1077021,"Mechanical ectropion of right upper eyelid",3622,11334,1,"Mechanical ectropion of right upper eyelid"
45763788,"Cicatricial ectropion of upper eyelid",5806,11297,2,"Cicatricial ectropion of right upper eyelid | 
Cicatricial ectropion of left upper eyelid"
4153690,"Puncture wound of eye region",7526,11250,18,"Puncture wound without foreign body of left eyelid and periocular area, initial encounter | 
Puncture wound without foreign body of right eyelid and periocular area, initial encounter | 
Puncture wound with foreign body of left eyelid and periocular area, initial encounter | 
Puncture wound with foreign body of right eyelid and periocular area, initial encounter | 
Puncture wound without foreign body of unspecified eyelid and periocular area, initial encounter | 
Puncture wound with foreign body of unspecified eyelid and periocular area, initial encounter | 
Puncture wound without foreign body of left eyelid and periocular area, subsequent encounter | 
Puncture wound without foreign body of right eyelid and periocular area, subsequent encounter | 
Puncture wound with foreign body of left eyelid and periocular area, subsequent encounter | 
Puncture wound without foreign body of unspecified eyelid and periocular area, subsequent encounter | 
Puncture wound with foreign body of right eyelid and periocular area, subsequent encounter | 
Puncture wound with foreign body of left eyelid and periocular area | 
Puncture wound with foreign body of unspecified eyelid and periocular area | 
Puncture wound without foreign body of left eyelid and periocular area | 
Puncture wound with foreign body of right eyelid and periocular area | 
Puncture wound with foreign body of unspecified eyelid and periocular area, subsequent encounter | 
Puncture wound without foreign body of right eyelid and periocular area | 
Puncture wound without foreign body of unspecified eyelid and periocular area"
376121,"Recurrent pterygium",5015,11237,2,"Recurrent pterygium of eye, bilateral | 
Recurrent pterygium of unspecified eye"
4093427,"Kearns-Sayre syndrome",1021,11106,3,"Kearns-Sayre syndrome, unspecified eye | 
Kearns-Sayre syndrome, right eye | 
Kearns-Sayre syndrome, left eye"
375549,"Double pterygium",5478,11104,2,"Double pterygium of eye, bilateral | 
Double pterygium of unspecified eye"
37016358,"Moderate nonproliferative retinopathy due to secondary diabetes mellitus",2486,10919,8,"Diabetes mellitus due to underlying condition with moderate nonproliferative diabetic retinopathy with macular edema, unspecified eye | 
Diabetes mellitus due to underlying condition with moderate nonproliferative diabetic retinopathy without macular edema, unspecified eye | 
Drug or chemical induced diabetes mellitus with moderate nonproliferative diabetic retinopathy with macular edema, unspecified eye | 
Drug or chemical induced diabetes mellitus with moderate nonproliferative diabetic retinopathy with macular edema, right eye | 
Drug or chemical induced diabetes mellitus with moderate nonproliferative diabetic retinopathy with macular edema, left eye | 
Drug or chemical induced diabetes mellitus with moderate nonproliferative diabetic retinopathy without macular edema, unspecified eye | 
Drug or chemical induced diabetes mellitus with moderate nonproliferative diabetic retinopathy without macular edema, right eye | 
Drug or chemical induced diabetes mellitus with moderate nonproliferative diabetic retinopathy without macular edema, left eye"
374202,"Penetrating wound of eye",6110,10891,9,"Penetrating wound without foreign body of right eyeball, initial encounter | 
Penetrating wound without foreign body of left eyeball, initial encounter | 
Penetrating wound without foreign body of unspecified eyeball, initial encounter | 
Penetrating wound without foreign body of right eyeball, subsequent encounter | 
Penetrating wound without foreign body of left eyeball, subsequent encounter | 
Penetrating wound without foreign body of unspecified eyeball, subsequent encounter | 
Penetrating wound without foreign body of unspecified eyeball | 
Penetrating wound without foreign body of right eyeball | 
Penetrating wound without foreign body of left eyeball"
4162094,"Retinal thickening",1521,10830,3,"Degenerative myopia with foveoschisis, right eye | 
Degenerative myopia with foveoschisis, left eye | 
Degenerative myopia with foveoschisis, unspecified eye"
1077094,"Mechanical lagophthalmos of left lower eyelid",5464,10803,1,"Mechanical lagophthalmos left lower eyelid"
434638,"Paramacular focal retinitis AND retinochoroiditis",3509,10636,3,"Focal chorioretinal inflammation, macular or paramacular, right eye | 
Focal chorioretinal inflammation, macular or paramacular, left eye | 
Focal chorioretinal inflammation, macular or paramacular, unspecified eye"
37109495,"Macular hole of right eye",1790,10488,1,"Degenerative myopia with macular hole, right eye"
436133,"Scleral staphyloma",4367,10289,3,"Scleral ectasia, right eye | 
Scleral ectasia, left eye | 
Scleral ectasia, unspecified eye"
4302329,"Retained nonmagnetic foreign body in lens",4419,10200,3,"Retained (nonmagnetic) (old) foreign body in lens, left eye | 
Retained (nonmagnetic) (old) foreign body in lens, right eye | 
Retained (nonmagnetic) (old) foreign body in lens, unspecified eye"
4227153,"Vitiligo of eyelid",5432,10116,5,"Vitiligo of unspecified eye, unspecified eyelid and periocular area | 
Vitiligo of left eye, unspecified eyelid and periocular area | 
Vitiligo of right eye, unspecified eyelid and periocular area | 
Vitiligo of left lower eyelid and periocular area | 
Vitiligo of right lower eyelid and periocular area"
37109493,"Macular hole of left eye",1806,10044,1,"Degenerative myopia with macular hole, left eye"
45773201,"Spastic ectropion of lower eyelid",5554,10004,2,"Spastic ectropion of left lower eyelid | 
Spastic ectropion of right lower eyelid"
4197475,"Malignant neoplasm of lower eyelid",2294,9962,4,"Other specified malignant neoplasm of skin of left lower eyelid, including canthus | 
Other specified malignant neoplasm of skin of right lower eyelid, including canthus | 
Merkel cell carcinoma of left lower eyelid, including canthus | 
Merkel cell carcinoma of right lower eyelid, including canthus"
1077062,"Mechanical ectropion of left upper eyelid",2997,9757,1,"Mechanical ectropion of left upper eyelid"
37207864,"Xanthoma of right lower eyelid",5537,9627,1,"Xanthelasma of right lower eyelid"
437553,"Hypersecretion glaucoma",1316,9613,3,"Hypersecretion glaucoma, unspecified eye | 
Hypersecretion glaucoma, left eye | 
Hypersecretion glaucoma, right eye"
4197474,"Malignant neoplasm of upper eyelid",1617,9571,4,"Other specified malignant neoplasm of skin of left upper eyelid, including canthus | 
Other specified malignant neoplasm of skin of right upper eyelid, including canthus | 
Merkel cell carcinoma of right upper eyelid, including canthus | 
Merkel cell carcinoma of left upper eyelid, including canthus"
381568,"Pseudomembranous conjunctivitis",5602,9559,3,"Pseudomembranous conjunctivitis, left eye | 
Pseudomembranous conjunctivitis, right eye | 
Pseudomembranous conjunctivitis, unspecified eye"
381019,"Deep vascularization of cornea",3330,9496,3,"Deep vascularization of cornea, left eye | 
Deep vascularization of cornea, right eye | 
Deep vascularization of cornea, unspecified eye"
4189719,"Pigment dispersion syndrome",4550,9487,1,"Degeneration of iris (pigmentary), unspecified eye"
4202383,"Drug-induced diabetes mellitus",1926,9459,38,"Drug or chemical induced diabetes mellitus with mild nonproliferative diabetic retinopathy with macular edema, unspecified eye | 
Drug or chemical induced diabetes mellitus with proliferative diabetic retinopathy without macular edema, unspecified eye | 
Drug or chemical induced diabetes mellitus with mild nonproliferative diabetic retinopathy with macular edema, right eye | 
Drug or chemical induced diabetes mellitus with proliferative diabetic retinopathy with macular edema, unspecified eye | 
Drug or chemical induced diabetes mellitus with mild nonproliferative diabetic retinopathy without macular edema, unspecified eye | 
Drug or chemical induced diabetes mellitus with moderate nonproliferative diabetic retinopathy with macular edema, unspecified eye | 
Drug or chemical induced diabetes mellitus with mild nonproliferative diabetic retinopathy with macular edema, left eye | 
Drug or chemical induced diabetes mellitus with proliferative diabetic retinopathy with macular edema, left eye | 
Drug or chemical induced diabetes mellitus with moderate nonproliferative diabetic retinopathy with macular edema, right eye | 
Drug or chemical induced diabetes mellitus with proliferative diabetic retinopathy with traction retinal detachment involving the macula, left eye | 
Drug or chemical induced diabetes mellitus with proliferative diabetic retinopathy with macular edema, right eye | 
Drug or chemical induced diabetes mellitus with proliferative diabetic retinopathy without macular edema, left eye | 
Drug or chemical induced diabetes mellitus with proliferative diabetic retinopathy without macular edema, right eye | 
Drug or chemical induced diabetes mellitus with mild nonproliferative diabetic retinopathy without macular edema, left eye | 
Drug or chemical induced diabetes mellitus with moderate nonproliferative diabetic retinopathy with macular edema, left eye | 
Drug or chemical induced diabetes mellitus with proliferative diabetic retinopathy with traction retinal detachment not involving the macula, right eye | 
Drug or chemical induced diabetes mellitus with moderate nonproliferative diabetic retinopathy without macular edema, unspecified eye | 
Drug or chemical induced diabetes mellitus with severe nonproliferative diabetic retinopathy without macular edema, unspecified eye | 
Drug or chemical induced diabetes mellitus with severe nonproliferative diabetic retinopathy with macular edema, right eye | 
Drug or chemical induced diabetes mellitus with proliferative diabetic retinopathy with traction retinal detachment involving the macula, right eye | 
Drug or chemical induced diabetes mellitus with diabetic macular edema, resolved following treatment, right eye | 
Drug or chemical induced diabetes mellitus with moderate nonproliferative diabetic retinopathy without macular edema, right eye | 
Drug or chemical induced diabetes mellitus with stable proliferative diabetic retinopathy, unspecified eye | 
Drug or chemical induced diabetes mellitus with severe nonproliferative diabetic retinopathy with macular edema, unspecified eye | 
Drug or chemical induced diabetes mellitus with stable proliferative diabetic retinopathy, left eye | 
Drug or chemical induced diabetes mellitus with diabetic macular edema, resolved following treatment, unspecified eye | 
Drug or chemical induced diabetes mellitus with proliferative diabetic retinopathy with combined traction retinal detachment and rhegmatogenous retinal detachment, left eye | 
Drug or chemical induced diabetes mellitus with moderate nonproliferative diabetic retinopathy without macular edema, left eye | 
Drug or chemical induced diabetes mellitus with severe nonproliferative diabetic retinopathy with macular edema, left eye | 
Drug or chemical induced diabetes mellitus with proliferative diabetic retinopathy with combined traction retinal detachment and rhegmatogenous retinal detachment, right eye | 
Drug or chemical induced diabetes mellitus with stable proliferative diabetic retinopathy, right eye | 
Drug or chemical induced diabetes mellitus with severe nonproliferative diabetic retinopathy without macular edema, right eye | 
Drug or chemical induced diabetes mellitus with proliferative diabetic retinopathy with traction retinal detachment not involving the macula, left eye | 
Drug or chemical induced diabetes mellitus with diabetic macular edema, resolved following treatment, left eye | 
Drug or chemical induced diabetes mellitus with severe nonproliferative diabetic retinopathy without macular edema, left eye | 
Drug or chemical induced diabetes mellitus with proliferative diabetic retinopathy with traction retinal detachment involving the macula, unspecified eye | 
Drug or chemical induced diabetes mellitus with proliferative diabetic retinopathy with traction retinal detachment not involving the macula, unspecified eye | 
Drug or chemical induced diabetes mellitus with proliferative diabetic retinopathy with combined traction retinal detachment and rhegmatogenous retinal detachment, unspecified eye"
374349,"Corneal deformity",4515,9406,3,"Other corneal deformities, left eye | 
Other corneal deformities, right eye | 
Other corneal deformities, unspecified eye"
37207924,"Xanthoma of left lower eyelid",5442,9386,1,"Xanthelasma of left lower eyelid"
4153217,"Patient condition resolved",644,9332,3,"Diabetes mellitus due to underlying condition with diabetic macular edema, resolved following treatment, left eye | 
Diabetes mellitus due to underlying condition with diabetic macular edema, resolved following treatment, unspecified eye | 
Diabetes mellitus due to underlying condition with diabetic macular edema, resolved following treatment, right eye"
374939,"Macular keratitis",4595,9112,3,"Macular keratitis, left eye | 
Macular keratitis, right eye | 
Macular keratitis, unspecified eye"
376413,"Localized adhesions AND/OR strands of conjunctiva",4064,9049,3,"Conjunctival adhesions and strands (localized), right eye | 
Conjunctival adhesions and strands (localized), left eye | 
Conjunctival adhesions and strands (localized), unspecified eye"
377555,"Solar retinopathy",4335,8986,3,"Solar retinopathy, right eye | 
Solar retinopathy, left eye | 
Solar retinopathy, unspecified eye"
37207879,"Double pterygium of right eye",3704,8978,1,"Double pterygium of right eye"
432645,"Scleromalacia perforans",2301,8972,3,"Scleromalacia perforans, left eye | 
Scleromalacia perforans, right eye | 
Scleromalacia perforans, unspecified eye"
440112,"Hyperpigmentation of eyelid",5224,8796,7,"Chloasma of unspecified eye, unspecified eyelid and periocular area | 
Chloasma of right eye, unspecified eyelid and periocular area | 
Chloasma of left eye, unspecified eyelid and periocular area | 
Chloasma of left lower eyelid and periocular area | 
Chloasma of right lower eyelid and periocular area | 
Chloasma of left upper eyelid and periocular area | 
Chloasma of right upper eyelid and periocular area"
433762,"Disseminated chorioretinitis",2535,8611,3,"Unspecified disseminated chorioretinal inflammation, left eye | 
Unspecified disseminated chorioretinal inflammation, right eye | 
Unspecified disseminated chorioretinal inflammation, unspecified eye"
42538169,"Disorder of eye due to type 1 diabetes mellitus",1553,8567,3,"Type 1 diabetes mellitus with diabetic macular edema, resolved following treatment, right eye | 
Type 1 diabetes mellitus with diabetic macular edema, resolved following treatment, left eye | 
Type 1 diabetes mellitus with diabetic macular edema, resolved following treatment, unspecified eye"
442113,"Cicatricial lagophthalmos",3877,8418,6,"Cicatricial lagophthalmos right eye, unspecified eyelid | 
Cicatricial lagophthalmos left eye, unspecified eyelid | 
Cicatricial lagophthalmos unspecified eye, unspecified eyelid | 
Cicatricial lagophthalmos, bilateral, upper and lower eyelids | 
Cicatricial lagophthalmos right eye, upper and lower eyelids | 
Cicatricial lagophthalmos left eye, upper and lower eyelids"
433490,"Posterior corneal pigmentation",4582,8359,3,"Posterior corneal pigmentations, right eye | 
Posterior corneal pigmentations, left eye | 
Posterior corneal pigmentations, unspecified eye"
4059565,"Chemical burn of eyelid region",6008,8334,18,"Corrosion of right eyelid and periocular area, initial encounter | 
Corrosion of left eyelid and periocular area, initial encounter | 
Corrosion of unspecified eyelid and periocular area, initial encounter | 
Corrosions of other specified parts of left eye and adnexa, initial encounter | 
Corrosions of other specified parts of right eye and adnexa, initial encounter | 
Corrosion of left eyelid and periocular area, subsequent encounter | 
Corrosion of right eyelid and periocular area, subsequent encounter | 
Corrosions of other specified parts of unspecified eye and adnexa, initial encounter | 
Corrosion of unspecified eyelid and periocular area, subsequent encounter | 
Corrosions of other specified parts of left eye and adnexa, subsequent encounter | 
Corrosions of other specified parts of right eye and adnexa, subsequent encounter | 
Corrosion of unspecified eyelid and periocular area | 
Corrosions of other specified parts of unspecified eye and adnexa | 
Corrosions of other specified parts of right eye and adnexa | 
Corrosions of other specified parts of unspecified eye and adnexa, subsequent encounter | 
Corrosion of right eyelid and periocular area | 
Corrosion of left eyelid and periocular area | 
Corrosions of other specified parts of left eye and adnexa"
378763,"Monocular esotropia with V pattern",4197,8331,2,"Monocular esotropia with V pattern, left eye | 
Monocular esotropia with V pattern, right eye"
374650,"Cicatricial entropion",3622,8126,3,"Cicatricial entropion of unspecified eye, unspecified eyelid | 
Cicatricial entropion of right eye, unspecified eyelid | 
Cicatricial entropion of left eye, unspecified eyelid"
37207939,"Double pterygium of left eye",3288,8051,1,"Double pterygium of left eye"
435814,"Degenerative changes of ciliary body",3899,7918,3,"Degeneration of ciliary body, right eye | 
Degeneration of ciliary body, left eye | 
Degeneration of ciliary body, unspecified eye"
373461,"Leukocoria",3965,7569,3,"Leucocoria, left eye | 
Leucocoria, right eye | 
Leucocoria, unspecified eye"
434203,"Late effect of contusion",5026,7486,3,"Contusion of left eyelid and periocular area, sequela | 
Contusion of right eyelid and periocular area, sequela | 
Contusion of unspecified eyelid and periocular area, sequela"
4197114,"Jaw-winking syndrome",3984,7481,7,"Abnormal innervation syndrome unspecified eye, unspecified eyelid | 
Abnormal innervation syndrome left eye, unspecified eyelid | 
Abnormal innervation syndrome right eye, unspecified eyelid | 
Abnormal innervation syndrome right upper eyelid | 
Abnormal innervation syndrome left upper eyelid | 
Abnormal innervation syndrome right lower eyelid | 
Abnormal innervation syndrome left lower eyelid"
35626043,"Severe nonproliferative retinopathy of right eye due to diabetes mellitus",1183,7478,2,"Diabetes mellitus due to underlying condition with severe nonproliferative diabetic retinopathy with macular edema, right eye | 
Diabetes mellitus due to underlying condition with severe nonproliferative diabetic retinopathy without macular edema, right eye"
375272,"Spastic entropion",3394,7460,3,"Spastic entropion of right eye, unspecified eyelid | 
Spastic entropion of unspecified eye, unspecified eyelid | 
Spastic entropion of left eye, unspecified eyelid"
437727,"Disorder due to and following injury of cranial nerve",2518,7431,3,"Injury of optic nerve, unspecified eye, sequela | 
Injury of optic nerve, left eye, sequela | 
Injury of optic nerve, right eye, sequela"
436988,"Enophthalmos due to orbital tissue atrophy",2924,7370,3,"Enophthalmos due to atrophy of orbital tissue, left eye | 
Enophthalmos due to atrophy of orbital tissue, right eye | 
Enophthalmos due to atrophy of orbital tissue, unspecified eye"
380405,"Lateral displacement of eye",3936,7318,3,"Displacement (lateral) of globe, right eye | 
Displacement (lateral) of globe, left eye | 
Displacement (lateral) of globe, unspecified eye"
35626044,"Severe nonproliferative retinopathy of left eye due to diabetes mellitus",949,7243,2,"Diabetes mellitus due to underlying condition with severe nonproliferative diabetic retinopathy with macular edema, left eye | 
Diabetes mellitus due to underlying condition with severe nonproliferative diabetic retinopathy without macular edema, left eye"
36674199,"Proliferative retinopathy of right eye with diabetes mellitus",1609,7178,1,"Diabetes mellitus due to underlying condition with proliferative diabetic retinopathy without macular edema, right eye"
4199331,"Vernal keratoconjunctivitis",3424,7148,3,"Vernal keratoconjunctivitis, with limbar and corneal involvement, right eye | 
Vernal keratoconjunctivitis, with limbar and corneal involvement, left eye | 
Vernal keratoconjunctivitis, with limbar and corneal involvement, unspecified eye"
376424,"Monocular esotropia with A pattern",4236,7137,2,"Monocular esotropia with A pattern, right eye | 
Monocular esotropia with A pattern, left eye"
441172,"Disorder due to and following burn",3332,7134,30,"Burn of cornea and conjunctival sac, left eye, sequela | 
Corrosion of cornea and conjunctival sac, left eye, sequela | 
Corrosion of cornea and conjunctival sac, right eye, sequela | 
Burn of unspecified eye and adnexa, part unspecified, sequela | 
Burn of cornea and conjunctival sac, right eye, sequela | 
Burn of right eyelid and periocular area, sequela | 
Burn of left eyelid and periocular area, sequela | 
Burns of other specified parts of right eye and adnexa, sequela | 
Corrosion of cornea and conjunctival sac, unspecified eye, sequela | 
Burn of left eye and adnexa, part unspecified, sequela | 
Burn of right eye and adnexa, part unspecified, sequela | 
Corrosion of left eye and adnexa, part unspecified, sequela | 
Corrosion of right eye and adnexa, part unspecified, sequela | 
Burn of cornea and conjunctival sac, unspecified eye, sequela | 
Corrosion of left eyelid and periocular area, sequela | 
Burns of other specified parts of left eye and adnexa, sequela | 
Corrosion of right eyelid and periocular area, sequela | 
Corrosion of unspecified eye and adnexa, part unspecified, sequela | 
Burn of unspecified eyelid and periocular area, sequela | 
Burns of other specified parts of unspecified eye and adnexa, sequela | 
Corrosion of unspecified eyelid and periocular area, sequela | 
Burn with resulting rupture and destruction of unspecified eyeball, sequela | 
Corrosion with resulting rupture and destruction of unspecified eyeball, sequela | 
Corrosions of other specified parts of left eye and adnexa, sequela | 
Corrosions of other specified parts of unspecified eye and adnexa, sequela | 
Burn with resulting rupture and destruction of left eyeball, sequela | 
Corrosion with resulting rupture and destruction of left eyeball, sequela | 
Corrosions of other specified parts of right eye and adnexa, sequela | 
Burn with resulting rupture and destruction of right eyeball, sequela | 
Corrosion with resulting rupture and destruction of right eyeball, sequela"
439017,"Peripheral focal choroiditis AND chorioretinitis",2384,7103,3,"Focal chorioretinal inflammation, peripheral, left eye | 
Focal chorioretinal inflammation, peripheral, right eye | 
Focal chorioretinal inflammation, peripheral, unspecified eye"
440408,"Meesman's corneal dystrophy",4967,7082,3,"Epithelial (juvenile) corneal dystrophy, unspecified eye | 
Epithelial (juvenile) corneal dystrophy, right eye | 
Epithelial (juvenile) corneal dystrophy, left eye"
4335884,"Sebaceous adenocarcinoma of eyelid",1544,7060,7,"Sebaceous cell carcinoma of skin of right upper eyelid, including canthus | 
Sebaceous cell carcinoma of skin of left upper eyelid, including canthus | 
Sebaceous cell carcinoma of skin of left lower eyelid, including canthus | 
Sebaceous cell carcinoma of skin of unspecified eyelid, including canthus | 
Sebaceous cell carcinoma of skin of right lower eyelid, including canthus | 
Sebaceous cell carcinoma of skin of right eyelid, including canthus | 
Sebaceous cell carcinoma of skin of left eyelid, including canthus"
378429,"Rosacea conjunctivitis",3442,6993,3,"Rosacea conjunctivitis, unspecified eye | 
Rosacea conjunctivitis, left eye | 
Rosacea conjunctivitis, right eye"
4100425,"Merkel cell carcinoma",618,6878,7,"Merkel cell carcinoma of right upper eyelid, including canthus | 
Merkel cell carcinoma of left upper eyelid, including canthus | 
Merkel cell carcinoma of unspecified eyelid, including canthus | 
Merkel cell carcinoma of left lower eyelid, including canthus | 
Merkel cell carcinoma of right lower eyelid, including canthus | 
Merkel cell carcinoma of left eyelid, including canthus | 
Merkel cell carcinoma of right eyelid, including canthus"
437872,"Rupture in Descemet's membrane",2667,6865,3,"Rupture in Descemet's membrane, right eye | 
Rupture in Descemet's membrane, left eye | 
Rupture in Descemet's membrane, unspecified eye"
377869,"Conjunctival deposit",4166,6823,3,"Conjunctival deposits, left eye | 
Conjunctival deposits, right eye | 
Conjunctival deposits, unspecified eye"
432637,"Scleritis with corneal involvement",1923,6809,3,"Scleritis with corneal involvement, right eye | 
Scleritis with corneal involvement, left eye | 
Scleritis with corneal involvement, unspecified eye"
4109548,"Drug-induced cataract",3203,6674,3,"Drug-induced cataract, right eye | 
Drug-induced cataract, left eye | 
Drug-induced cataract, unspecified eye"
376688,"Glaukomflecken",1123,6670,1,"Glaucomatous flecks (subcapsular), unspecified eye"
372917,"Monocular exotropia with A pattern",3454,6561,2,"Monocular exotropia with A pattern, left eye | 
Monocular exotropia with A pattern, right eye"
376697,"Corneal abscess",3136,6534,3,"Corneal abscess, left eye | 
Corneal abscess, right eye | 
Corneal abscess, unspecified eye"
439385,"Corneal hypoesthesia",2114,6507,3,"Anesthesia and hypoesthesia of cornea, left eye | 
Anesthesia and hypoesthesia of cornea, right eye | 
Anesthesia and hypoesthesia of cornea, unspecified eye"
132321,"Xeroderma of eyelid",3072,6345,3,"Xeroderma of unspecified eye, unspecified eyelid | 
Xeroderma of left eye, unspecified eyelid | 
Xeroderma of right eye, unspecified eyelid"
36717300,"Lagophthalmos of bilateral eyelids",3146,6322,2,"Unspecified lagophthalmos, bilateral, upper and lower eyelids | 
Paralytic lagophthalmos, bilateral, upper and lower eyelids"
438095,"Overlapping malignant neoplasm of eye and adnexa (primary)",1911,6308,3,"Malignant neoplasm of overlapping sites of left eye and adnexa | 
Malignant neoplasm of overlapping sites of right eye and adnexa | 
Malignant neoplasm of overlapping sites of unspecified eye and adnexa"
373483,"Mycotic corneal ulcer",1494,6030,3,"Mycotic corneal ulcer, right eye | 
Mycotic corneal ulcer, left eye | 
Mycotic corneal ulcer, unspecified eye"
372647,"Cyclotropia",2439,5983,2,"Cyclotropia, right eye | 
Cyclotropia, left eye"
434929,"Total internal ophthalmoplegia",3061,5864,3,"Internal ophthalmoplegia (complete) (total), right eye | 
Internal ophthalmoplegia (complete) (total), left eye | 
Internal ophthalmoplegia (complete) (total), unspecified eye"
377563,"Ring corneal ulcer",2950,5767,3,"Ring corneal ulcer, left eye | 
Ring corneal ulcer, right eye | 
Ring corneal ulcer, unspecified eye"
444068,"Miotic cyst of pupillary margin",3666,5592,3,"Miotic pupillary cyst, right eye | 
Miotic pupillary cyst, left eye | 
Miotic pupillary cyst, unspecified eye"
3662369,"Paralytic ectropion of right lower eyelid",2062,5586,1,"Paralytic ectropion of right lower eyelid"
434354,"Anterior corneal pigmentation",3179,5583,3,"Anterior corneal pigmentations, right eye | 
Anterior corneal pigmentations, left eye | 
Anterior corneal pigmentations, unspecified eye"
443875,"Monocular exotropia with noncommitance other than A OR V pattern",2432,5516,2,"Monocular exotropia with other noncomitancies, left eye | 
Monocular exotropia with other noncomitancies, right eye"
201461,"Disorder affecting transplanted structure",1493,5464,10,"Corneal transplant rejection, unspecified eye | 
Other complications of corneal transplant, right eye | 
Other complications of corneal transplant, left eye | 
Other complications of corneal transplant, unspecified eye | 
Corneal transplant infection, left eye | 
Corneal transplant infection, right eye | 
Unspecified complication of corneal transplant, right eye | 
Unspecified complication of corneal transplant, left eye | 
Corneal transplant infection, unspecified eye | 
Unspecified complication of corneal transplant, unspecified eye"
42537744,"Transplanted cornea present",1493,5464,10,"Corneal transplant rejection, unspecified eye | 
Other complications of corneal transplant, right eye | 
Other complications of corneal transplant, left eye | 
Other complications of corneal transplant, unspecified eye | 
Corneal transplant infection, left eye | 
Corneal transplant infection, right eye | 
Unspecified complication of corneal transplant, right eye | 
Unspecified complication of corneal transplant, left eye | 
Corneal transplant infection, unspecified eye | 
Unspecified complication of corneal transplant, unspecified eye"
3657889,"Paralytic ectropion of left lower eyelid",2106,5402,1,"Paralytic ectropion of left lower eyelid"
432625,"Expulsive choroidal hemorrhage",2394,5330,3,"Expulsive choroidal hemorrhage, right eye | 
Expulsive choroidal hemorrhage, left eye | 
Expulsive choroidal hemorrhage, unspecified eye"
37311300,"Cataract of right eye",2820,5325,1,"Cataract with neovascularization, right eye"
374945,"Adherent leukoma",2764,5152,3,"Adherent leukoma, right eye | 
Adherent leukoma, left eye | 
Adherent leukoma, unspecified eye"
4109410,"Disseminated posterior pole chorioretinitis",1454,5118,3,"Disseminated chorioretinal inflammation of posterior pole, right eye | 
Disseminated chorioretinal inflammation of posterior pole, left eye | 
Disseminated chorioretinal inflammation of posterior pole, unspecified eye"
36674200,"Proliferative retinopathy of left eye due to diabetes mellitus",1251,5050,1,"Diabetes mellitus due to underlying condition with proliferative diabetic retinopathy without macular edema, left eye"
442184,"Monocular esotropia with noncommitance other than A OR V pattern",2446,5041,2,"Monocular esotropia with other noncomitancies, left eye | 
Monocular esotropia with other noncomitancies, right eye"
4102047,"Juxtapapillary focal chorioretinitis",2143,4953,3,"Focal chorioretinal inflammation, juxtapapillary, right eye | 
Focal chorioretinal inflammation, juxtapapillary, left eye | 
Focal chorioretinal inflammation, juxtapapillary, unspecified eye"
438412,"Foreign body in anterior chamber",2689,4766,3,"Retained (nonmagnetic) (old) foreign body in anterior chamber, right eye | 
Retained (nonmagnetic) (old) foreign body in anterior chamber, left eye | 
Retained (nonmagnetic) (old) foreign body in anterior chamber, unspecified eye"
376418,"Mechanical entropion",2795,4736,3,"Mechanical entropion of unspecified eye, unspecified eyelid | 
Mechanical entropion of right eye, unspecified eyelid | 
Mechanical entropion of left eye, unspecified eyelid"
440119,"Intermittent exophthalmos",2267,4666,3,"Intermittent exophthalmos, left eye | 
Intermittent exophthalmos, right eye | 
Intermittent exophthalmos, unspecified eye"
4308716,"Intraoperative hemorrhage",1666,4624,8,"Intraoperative hemorrhage and hematoma of right eye and adnexa complicating an ophthalmic procedure | 
Intraoperative hemorrhage and hematoma of left eye and adnexa complicating an ophthalmic procedure | 
Intraoperative hemorrhage and hematoma of left eye and adnexa complicating other procedure | 
Intraoperative hemorrhage and hematoma of unspecified eye and adnexa complicating an ophthalmic procedure | 
Intraoperative hemorrhage and hematoma of right eye and adnexa complicating other procedure | 
Intraoperative hemorrhage and hematoma of eye and adnexa complicating an ophthalmic procedure, bilateral | 
Intraoperative hemorrhage and hematoma of unspecified eye and adnexa complicating other procedure | 
Intraoperative hemorrhage and hematoma of eye and adnexa complicating other procedure, bilateral"
375807,"Degenerative disorder of eye",936,4588,3,"Other degenerative disorders of globe, unspecified eye | 
Other degenerative disorders of globe, right eye | 
Other degenerative disorders of globe, left eye"
3656988,"Interstitial keratitis of left eye",1378,4552,1,"Other interstitial and deep keratitis, left eye"
380412,"Total ophthalmoplegia",1949,4497,3,"Total (external) ophthalmoplegia, unspecified eye | 
Total (external) ophthalmoplegia, left eye | 
Total (external) ophthalmoplegia, right eye"
3656903,"Interstitial keratitis of right eye",1355,4475,1,"Other interstitial and deep keratitis, right eye"
37016356,"Mild nonproliferative retinopathy due to secondary diabetes mellitus",833,4469,6,"Drug or chemical induced diabetes mellitus with mild nonproliferative diabetic retinopathy with macular edema, unspecified eye | 
Drug or chemical induced diabetes mellitus with mild nonproliferative diabetic retinopathy with macular edema, right eye | 
Drug or chemical induced diabetes mellitus with mild nonproliferative diabetic retinopathy without macular edema, unspecified eye | 
Drug or chemical induced diabetes mellitus with mild nonproliferative diabetic retinopathy without macular edema, right eye | 
Drug or chemical induced diabetes mellitus with mild nonproliferative diabetic retinopathy with macular edema, left eye | 
Drug or chemical induced diabetes mellitus with mild nonproliferative diabetic retinopathy without macular edema, left eye"
4338901,"Traction detachment of retina due to diabetes mellitus",994,4407,9,"Diabetes mellitus due to underlying condition with proliferative diabetic retinopathy with traction retinal detachment not involving the macula, left eye | 
Diabetes mellitus due to underlying condition with proliferative diabetic retinopathy with traction retinal detachment not involving the macula, right eye | 
Diabetes mellitus due to underlying condition with proliferative diabetic retinopathy with traction retinal detachment not involving the macula, unspecified eye | 
Other specified diabetes mellitus with proliferative diabetic retinopathy with traction retinal detachment not involving the macula, right eye | 
Other specified diabetes mellitus with proliferative diabetic retinopathy with traction retinal detachment not involving the macula, left eye | 
Drug or chemical induced diabetes mellitus with proliferative diabetic retinopathy with traction retinal detachment not involving the macula, right eye | 
Other specified diabetes mellitus with proliferative diabetic retinopathy with traction retinal detachment not involving the macula, unspecified eye | 
Drug or chemical induced diabetes mellitus with proliferative diabetic retinopathy with traction retinal detachment not involving the macula, left eye | 
Drug or chemical induced diabetes mellitus with proliferative diabetic retinopathy with traction retinal detachment not involving the macula, unspecified eye"
4135964,"Retained nonmagnetic intraocular foreign body",3390,4375,2,"Unspecified retained (old) intraocular foreign body, nonmagnetic, unspecified eye | 
Retained (old) intraocular foreign body, nonmagnetic, in other or multiple sites, unspecified eye"
4081488,"Vascularization of cornea",2150,4336,1,"Unspecified corneal neovascularization, unspecified eye"
4296491,"Ligneous conjunctivitis",3103,4323,3,"Ligneous conjunctivitis, left eye | 
Ligneous conjunctivitis, right eye | 
Ligneous conjunctivitis, unspecified eye"
37311301,"Cataract of left eye",2564,4209,1,"Cataract with neovascularization, left eye"
377564,"Pseudopterygium",1959,4154,3,"Pseudopterygium of conjunctiva, right eye | 
Pseudopterygium of conjunctiva, left eye | 
Pseudopterygium of conjunctiva, unspecified eye"
374270,"Tuberculosis of eye",943,4087,1,"Tuberculosis of eye, unspecified"
376423,"Spastic ectropion",1217,4050,3,"Spastic ectropion of unspecified eye, unspecified eyelid | 
Spastic ectropion of right eye, unspecified eyelid | 
Spastic ectropion of left eye, unspecified eyelid"
45763787,"Spastic entropion of upper eyelid",2165,3866,2,"Spastic entropion of right upper eyelid | 
Spastic entropion of left upper eyelid"
37311833,"Stable treated proliferative retinopathy of right eye due to diabetes mellitus",804,3857,1,"Diabetes mellitus due to underlying condition with stable proliferative diabetic retinopathy, right eye"
4184281,"Degenerative changes of anterior chamber angle",1568,3790,3,"Degeneration of chamber angle, right eye | 
Degeneration of chamber angle, unspecified eye | 
Degeneration of chamber angle, left eye"
35626068,"Macular edema of left eye due to diabetes mellitus",186,3782,1,"Diabetes mellitus due to underlying condition with diabetic macular edema, resolved following treatment, left eye"
376694,"Stromal corneal pigmentation",2111,3713,3,"Stromal corneal pigmentations, left eye | 
Stromal corneal pigmentations, right eye | 
Stromal corneal pigmentations, unspecified eye"
1077068,"Left glaukomflecken",602,3641,1,"Glaucomatous flecks (subcapsular), left eye"
37209482,"Transplant failure of cornea of right eye",1480,3507,1,"Corneal transplant failure, right eye"
435271,"Mooren's ulcer",921,3452,3,"Mooren's corneal ulcer, left eye | 
Mooren's corneal ulcer, right eye | 
Mooren's corneal ulcer, unspecified eye"
373464,"Vitreous abscess",1535,3427,3,"Vitreous abscess (chronic), left eye | 
Vitreous abscess (chronic), right eye | 
Vitreous abscess (chronic), unspecified eye"
436805,"Congenital anomaly of anterior segment of eye",1588,3420,1,"Congenital malformation of anterior segment of eye, unspecified"
37209484,"Transplant failure of cornea of left eye",1418,3417,1,"Corneal transplant failure, left eye"
443519,"Retinopathy of prematurity stage 4 - subtotal retinal detachment",1122,3414,3,"Retinopathy of prematurity, stage 4, right eye | 
Retinopathy of prematurity, stage 4, left eye | 
Retinopathy of prematurity, stage 4, unspecified eye"
377874,"Corneal deposit associated with metabolic disorder",1971,3260,3,"Corneal deposits in metabolic disorders, unspecified eye | 
Corneal deposits in metabolic disorders, right eye | 
Corneal deposits in metabolic disorders, left eye"
37311832,"Stable treated proliferative retinopathy of left eye due to diabetes mellitus",715,3181,1,"Diabetes mellitus due to underlying condition with stable proliferative diabetic retinopathy, left eye"
45757704,"Cyst of ora serrata of retina",1805,3019,3,"Cyst of ora serrata, right eye | 
Cyst of ora serrata, left eye | 
Cyst of ora serrata, unspecified eye"
441856,"Degeneration of pupillary margin",1253,2923,3,"Degeneration of pupillary margin, right eye | 
Degeneration of pupillary margin, left eye | 
Degeneration of pupillary margin, unspecified eye"
380101,"Partially resolved traumatic cataract",1532,2919,3,"Partially resolved traumatic cataract, right eye | 
Partially resolved traumatic cataract, left eye | 
Partially resolved traumatic cataract, unspecified eye"
45763789,"Hypertrichosis of upper eyelid",1631,2831,2,"Hypertrichosis of right upper eyelid | 
Hypertrichosis of left upper eyelid"
45763767,"Hypertrichosis of lower eyelid",1358,2810,2,"Hypertrichosis of right lower eyelid | 
Hypertrichosis of left lower eyelid"
435808,"Diffuse secondary choroid atrophy",1245,2798,3,"Diffuse secondary atrophy of choroid, right eye | 
Diffuse secondary atrophy of choroid, left eye | 
Diffuse secondary atrophy of choroid, unspecified eye"
4149689,"Traumatic blister of eyelids and periocular area",1877,2749,9,"Blister (nonthermal) of left eyelid and periocular area, initial encounter | 
Blister (nonthermal) of right eyelid and periocular area, initial encounter | 
Blister (nonthermal) of unspecified eyelid and periocular area, initial encounter | 
Blister (nonthermal) of right eyelid and periocular area, subsequent encounter | 
Blister (nonthermal) of left eyelid and periocular area, subsequent encounter | 
Blister (nonthermal) of unspecified eyelid and periocular area, subsequent encounter | 
Blister (nonthermal) of unspecified eyelid and periocular area | 
Blister (nonthermal) of left eyelid and periocular area | 
Blister (nonthermal) of right eyelid and periocular area"
35626067,"Macular edema of right eye due to diabetes mellitus",258,2561,1,"Diabetes mellitus due to underlying condition with diabetic macular edema, resolved following treatment, right eye"
4104213,"Disseminated peripheral chorioretinitis",793,2552,3,"Disseminated chorioretinal inflammation, peripheral, left eye | 
Disseminated chorioretinal inflammation, peripheral right eye | 
Disseminated chorioretinal inflammation, peripheral, unspecified eye"
374283,"Gonococcal infection of eye",997,2510,1,"Gonococcal infection of eye, unspecified"
381552,"Retained magnetic intraocular foreign body",1897,2499,2,"Unspecified retained (old) intraocular foreign body, magnetic, unspecified eye | 
Retained (old) intraocular foreign body, magnetic, in other or multiple sites, unspecified eye"
4306301,"Implantation cyst of anterior chamber of eye",766,2329,3,"Implantation cysts of iris, ciliary body or anterior chamber, right eye | 
Implantation cysts of iris, ciliary body or anterior chamber, left eye | 
Implantation cysts of iris, ciliary body or anterior chamber, unspecified eye"
374352,"Elephantiasis of eyelid",792,2271,3,"Elephantiasis of unspecified eye, unspecified eyelid | 
Elephantiasis of right eye, unspecified eyelid | 
Elephantiasis of left eye, unspecified eyelid"
37168130,"Multiple lesions of retina without detachment",1312,2270,1,"Multiple defects of retina without detachment, unspecified eye"
433776,"Folds AND/OR rupture of Bowman's membrane",1153,2108,3,"Folds and rupture in Bowman's membrane, right eye | 
Folds and rupture in Bowman's membrane, left eye | 
Folds and rupture in Bowman's membrane, unspecified eye"
444400,"Luxation of eye",999,2066,3,"Luxation of globe, left eye | 
Luxation of globe, right eye | 
Luxation of globe, unspecified eye"
441012,"Primary cyst of pars plana",978,2026,3,"Primary cyst of pars plana, left eye | 
Primary cyst of pars plana, right eye | 
Primary cyst of pars plana, unspecified eye"
432920,"Localized anterior staphyloma",1005,1944,3,"Localized anterior staphyloma, right eye | 
Localized anterior staphyloma, left eye | 
Localized anterior staphyloma, unspecified eye"
375545,"Cataract",955,1922,1,"Cataract with neovascularization, unspecified eye"
380724,"Corneal ghost vessels",1260,1916,3,"Ghost vessels (corneal), left eye | 
Ghost vessels (corneal), right eye | 
Ghost vessels (corneal), unspecified eye"
373476,"Keratomalacia",539,1901,3,"Keratomalacia, right eye | 
Keratomalacia, left eye | 
Keratomalacia, unspecified eye"
45763830,"Spastic ectropion of upper eyelid",1056,1894,2,"Spastic ectropion of right upper eyelid | 
Spastic ectropion of left upper eyelid"
1077026,"Right glaukomflecken",709,1892,1,"Glaucomatous flecks (subcapsular), right eye"
45763818,"Discoid lupus erythematosus of upper eyelid",1209,1831,2,"Discoid lupus erythematosus of right upper eyelid | 
Discoid lupus erythematosus of left upper eyelid"
444254,"Equatorial staphyloma",690,1712,3,"Equatorial staphyloma, unspecified eye | 
Equatorial staphyloma, right eye | 
Equatorial staphyloma, left eye"
373497,"Foster-Kennedy syndrome",499,1676,3,"Foster-Kennedy syndrome, unspecified eye | 
Foster-Kennedy syndrome, left eye | 
Foster-Kennedy syndrome, right eye"
434814,"Late effect of medical and surgical care complication",702,1559,6,"Other mechanical complication of prosthetic orbit of right eye, sequela | 
Other mechanical complication of prosthetic orbit of left eye, sequela | 
Displacement of prosthetic orbit of left eye, sequela | 
Breakdown (mechanical) of prosthetic orbit of right eye, sequela | 
Displacement of prosthetic orbit of right eye, sequela | 
Breakdown (mechanical) of prosthetic orbit of left eye, sequela"
372642,"Corneal staphyloma",745,1503,3,"Corneal staphyloma, right eye | 
Corneal staphyloma, left eye | 
Corneal staphyloma, unspecified eye"
3656848,"Vitiligo of skin of right upper eyelid and periocular area",912,1457,1,"Vitiligo of right upper eyelid and periocular area"
4151240,"Transplanted organ failure",509,1457,1,"Corneal transplant failure, unspecified eye"
1244557,"Disorder of left eye proper",315,1449,1,"Vogt-Koyanagi syndrome, left eye"
37209483,"Transplant rejection of cornea of right eye",704,1417,1,"Corneal transplant rejection, right eye"
37209481,"Transplant rejection of cornea of left eye",693,1381,1,"Corneal transplant rejection, left eye"
440715,"Parasitic endophthalmitis",624,1347,3,"Parasitic endophthalmitis, unspecified, left eye | 
Parasitic endophthalmitis, unspecified, right eye | 
Parasitic endophthalmitis, unspecified, unspecified eye"
4201554,"Lesion of eye",560,1328,4,"Accidental puncture and laceration of right eye and adnexa during other procedure | 
Accidental puncture and laceration of left eye and adnexa during other procedure | 
Accidental puncture and laceration of unspecified eye and adnexa during other procedure | 
Accidental puncture and laceration of eye and adnexa during other procedure, bilateral"
4338894,"Macular hole",281,1265,1,"Degenerative myopia with macular hole, unspecified eye"
3656850,"Vitiligo of skin of left upper eyelid and periocular area",691,1231,1,"Vitiligo of left upper eyelid and periocular area"
379023,"Hypertrichosis of eyelid",683,1216,3,"Hypertrichosis of unspecified eye, unspecified eyelid | 
Hypertrichosis of right eye, unspecified eyelid | 
Hypertrichosis of left eye, unspecified eyelid"
443520,"Retinopathy of prematurity stage 5 - total retinal detachment",140,1161,1,"Retinopathy of prematurity, stage 5, unspecified eye"
45763765,"Discoid lupus erythematosus of lower eyelid",812,1133,2,"Discoid lupus erythematosus of right lower eyelid | 
Discoid lupus erythematosus of left lower eyelid"
42538746,"Retained magnetic foreign body in right eye",726,1119,2,"Unspecified retained (old) intraocular foreign body, magnetic, right eye | 
Retained (old) intraocular foreign body, magnetic, in other or multiple sites, right eye"
442301,"Iridoschisis",509,1108,3,"Iridoschisis, left eye | 
Iridoschisis, right eye | 
Iridoschisis, unspecified eye"
4215841,"Retained nonmagnetic foreign body in posterior wall of eye",398,1075,3,"Retained (nonmagnetic) (old) foreign body in posterior wall of globe, left eye | 
Retained (nonmagnetic) (old) foreign body in posterior wall of globe, right eye | 
Retained (nonmagnetic) (old) foreign body in posterior wall of globe, unspecified eye"
381850,"Retained magnetic foreign body in anterior chamber",792,1060,3,"Retained (old) magnetic foreign body in anterior chamber, unspecified eye | 
Retained (old) magnetic foreign body in anterior chamber, right eye | 
Retained (old) magnetic foreign body in anterior chamber, left eye"
4346048,"Ocular onchocerciasis",356,1050,1,"Onchocerciasis with eye involvement, unspecified"
376974,"Siderosis of eye",503,1013,4,"Siderosis of eye, unspecified eye | 
Siderosis of eye, right eye | 
Siderosis of eye, left eye | 
Siderosis of eye, bilateral"
42539563,"Retained magnetic foreign body in left eye",608,973,2,"Unspecified retained (old) intraocular foreign body, magnetic, left eye | 
Retained (old) intraocular foreign body, magnetic, in other or multiple sites, left eye"
45763820,"Elephantiasis of upper eyelid",655,925,2,"Elephantiasis of left upper eyelid | 
Elephantiasis of right upper eyelid"
4244426,"Retained nonmagnetic foreign body in iris AND/OR ciliary body",467,914,3,"Retained (nonmagnetic) (old) foreign body in iris or ciliary body, right eye | 
Retained (nonmagnetic) (old) foreign body in iris or ciliary body, left eye | 
Retained (nonmagnetic) (old) foreign body in iris or ciliary body, unspecified eye"
36674185,"Burn of eye proper",510,897,18,"Burn with resulting rupture and destruction of unspecified eyeball, initial encounter | 
Burn with resulting rupture and destruction of left eyeball, initial encounter | 
Burn with resulting rupture and destruction of right eyeball, initial encounter | 
Burn with resulting rupture and destruction of left eyeball, subsequent encounter | 
Corrosion with resulting rupture and destruction of left eyeball, initial encounter | 
Corrosion with resulting rupture and destruction of right eyeball, initial encounter | 
Burn with resulting rupture and destruction of right eyeball, subsequent encounter | 
Burn with resulting rupture and destruction of unspecified eyeball | 
Corrosion with resulting rupture and destruction of right eyeball | 
Corrosion with resulting rupture and destruction of unspecified eyeball, subsequent encounter | 
Corrosion with resulting rupture and destruction of unspecified eyeball, initial encounter | 
Burn with resulting rupture and destruction of right eyeball | 
Corrosion with resulting rupture and destruction of unspecified eyeball | 
Corrosion with resulting rupture and destruction of left eyeball | 
Burn with resulting rupture and destruction of left eyeball | 
Corrosion with resulting rupture and destruction of right eyeball, subsequent encounter | 
Corrosion with resulting rupture and destruction of left eyeball, subsequent encounter | 
Burn with resulting rupture and destruction of unspecified eyeball, subsequent encounter"
440303,"Postoperative seroma",334,895,8,"Postprocedural seroma of eye and adnexa following an ophthalmic procedure, bilateral | 
Postprocedural seroma of right eye and adnexa following an ophthalmic procedure | 
Postprocedural seroma of unspecified eye and adnexa following other procedure | 
Postprocedural seroma of left eye and adnexa following an ophthalmic procedure | 
Postprocedural seroma of left eye and adnexa following other procedure | 
Postprocedural seroma of right eye and adnexa following other procedure | 
Postprocedural seroma of unspecified eye and adnexa following an ophthalmic procedure | 
Postprocedural seroma of eye and adnexa following other procedure, bilateral"
438153,"Pulsating exophthalmos",484,890,3,"Pulsating exophthalmos, left eye | 
Pulsating exophthalmos, right eye | 
Pulsating exophthalmos, unspecified eye"
432638,"Brawny scleritis",354,863,3,"Brawny scleritis, left eye | 
Brawny scleritis, right eye | 
Brawny scleritis, unspecified eye"
1077070,"Left sclerosing keratitis",394,854,1,"Sclerosing keratitis, left eye"
1077030,"Right retinopathy of prematurity stage 5",303,826,1,"Retinopathy of prematurity, stage 5, right eye"
435248,"Retained magnetic foreign body in vitreous",180,822,3,"Retained (old) magnetic foreign body in vitreous body, unspecified eye | 
Retained (old) magnetic foreign body in vitreous body, left eye | 
Retained (old) magnetic foreign body in vitreous body, right eye"
373771,"Kayser-Fleischer ring",489,821,3,"Kayser-Fleischer ring, unspecified eye | 
Kayser-Fleischer ring, right eye | 
Kayser-Fleischer ring, left eye"
381287,"Retained magnetic foreign body in lens",494,723,3,"Retained (old) magnetic foreign body in lens, right eye | 
Retained (old) magnetic foreign body in lens, unspecified eye | 
Retained (old) magnetic foreign body in lens, left eye"
1077072,"Left retinopathy of prematurity stage 5",267,670,1,"Retinopathy of prematurity, stage 5, left eye"
4334801,"Surgical site infection",112,663,3,"Corneal transplant infection, left eye | 
Corneal transplant infection, right eye | 
Corneal transplant infection, unspecified eye"
1077028,"Right sclerosing keratitis",251,639,1,"Sclerosing keratitis, right eye"
4220203,"Exudative cyst of anterior chamber of eye",341,630,3,"Exudative cysts of iris or anterior chamber, right eye | 
Exudative cysts of iris or anterior chamber, left eye | 
Exudative cysts of iris or anterior chamber, unspecified eye"
4314702,"Chalcosis of eye",386,569,3,"Chalcosis, right eye | 
Chalcosis, unspecified eye | 
Chalcosis, left eye"
3661895,"Xeroderma of right upper eyelid",389,532,1,"Xeroderma of right upper eyelid"
439828,"Ring staphyloma",287,482,3,"Ring staphyloma, right eye | 
Ring staphyloma, left eye | 
Ring staphyloma, unspecified eye"
3661897,"Xeroderma of left upper eyelid",316,453,1,"Xeroderma of left upper eyelid"
372918,"Argentous corneal deposit",238,383,3,"Argentous corneal deposits, left eye | 
Argentous corneal deposits, right eye | 
Argentous corneal deposits, unspecified eye"
444213,"Ophthalmia nodosa",249,379,3,"Ophthalmia nodosa, right eye | 
Ophthalmia nodosa, left eye | 
Ophthalmia nodosa, unspecified eye"
437281,"Granular corneal dystrophy",262,374,3,"Granular corneal dystrophy, right eye | 
Granular corneal dystrophy, unspecified eye | 
Granular corneal dystrophy, left eye"
1077045,"Right parasitic retinal cyst",260,366,1,"Parasitic cyst of retina, right eye"
45771088,"Elephantiasis of lower eyelid",287,360,2,"Elephantiasis of left lower eyelid | 
Elephantiasis of right lower eyelid"
1077008,"Xeroderma of right lower eyelid",254,349,1,"Xeroderma of right lower eyelid"
437863,"Exudative cyst of pars plana",180,334,3,"Exudative cyst of pars plana, left eye | 
Exudative cyst of pars plana, right eye | 
Exudative cyst of pars plana, unspecified eye"
434935,"Macular corneal dystrophy",228,331,3,"Macular corneal dystrophy, unspecified eye | 
Macular corneal dystrophy, right eye | 
Macular corneal dystrophy, left eye"
1077009,"Xeroderma of left lower eyelid",244,331,1,"Xeroderma of left lower eyelid"
374636,"Retained magnetic foreign body in iris AND/OR ciliary body",235,317,3,"Retained (old) magnetic foreign body in iris or ciliary body, unspecified eye | 
Retained (old) magnetic foreign body in iris or ciliary body, right eye | 
Retained (old) magnetic foreign body in iris or ciliary body, left eye"
4263345,"Lattice corneal dystrophy",179,270,3,"Lattice corneal dystrophy, unspecified eye | 
Lattice corneal dystrophy, right eye | 
Lattice corneal dystrophy, left eye"
45757702,"Parasitic cyst of iris",78,229,3,"Parasitic cyst of iris, ciliary body or anterior chamber, right eye | 
Parasitic cyst of iris, ciliary body or anterior chamber, left eye | 
Parasitic cyst of iris, ciliary body or anterior chamber, unspecified eye"
45757703,"Parasitic cyst of ciliary body",78,229,3,"Parasitic cyst of iris, ciliary body or anterior chamber, right eye | 
Parasitic cyst of iris, ciliary body or anterior chamber, left eye | 
Parasitic cyst of iris, ciliary body or anterior chamber, unspecified eye"
1077088,"Left parasitic retinal cyst",168,226,1,"Parasitic cyst of retina, left eye"
381567,"Sclerosing keratitis",92,163,1,"Sclerosing keratitis, unspecified eye"
443884,"Retained magnetic foreign body in posterior wall of eye",77,131,3,"Retained (old) magnetic foreign body in posterior wall of globe, right eye | 
Retained (old) magnetic foreign body in posterior wall of globe, left eye | 
Retained (old) magnetic foreign body in posterior wall of globe, unspecified eye"
45772117,"Parasitic cyst of retina",49,86,1,"Parasitic cyst of retina, unspecified eye"
434231,"Burn confined to eye and adnexa",0,0,1,"Burn of eye and adnexa, part unspecified"
1075501,"Primary open angle glaucoma of left eye",0,0,1,"Primary open-angle glaucoma, left eye"
1075502,"Primary open angle glaucoma of right eye",0,0,2,"Primary open-angle glaucoma, right eye | 
Primary open-angle glaucoma, left eye"
1340204,"History of event",0,0,3,"Cataract extraction status, right eye | 
Cataract extraction status, left eye | 
Cataract extraction status, unspecified eye"
3016335,"Glasgow coma score eye opening",0,0,4,"Coma scale, eyes open, never, unspecified time | 
Coma scale, eyes open, to pain, unspecified time | 
Coma scale, eyes open, to sound, unspecified time | 
Coma scale, eyes open, spontaneous, unspecified time"
4049310,"Ocular prosthetic service",0,0,3,"Encounter for fitting and adjustment of artificial eye, unspecified | 
Encounter for fitting and adjustment of artificial right eye | 
Encounter for fitting and adjustment of artificial left eye"
4104563,"Degenerative disorders of eyelids and periocular area",0,0,1,"Other and unspecified degenerative disorders of eyelid and periocular area"
4109401,"Proliferative retinopathy due to sickle cell disease",0,0,3,"Proliferative sickle-cell retinopathy, left eye | 
Proliferative sickle-cell retinopathy, unspecified eye | 
Proliferative sickle-cell retinopathy, right eye"
37108907,"Right superior oblique muscle dysfunction",0,0,1,"Superior oblique muscle entrapment, right eye"
37117649,"Left superior oblique muscle dysfunction",0,0,1,"Superior oblique muscle entrapment, left eye"
37168687,"Nonproliferative sickle cell retinopathy",0,0,3,"Nonproliferative sickle-cell retinopathy, unspecified eye | 
Nonproliferative sickle-cell retinopathy, right eye | 
Nonproliferative sickle-cell retinopathy, left eye"
43530804,"Entrapment of extraocular muscle",0,0,19,"Inferior oblique muscle entrapment, right eye | 
Inferior rectus muscle entrapment, left eye | 
Lateral rectus muscle entrapment, right eye | 
Lateral rectus muscle entrapment, left eye | 
Medial rectus muscle entrapment, unspecified eye | 
Extraocular muscle entrapment, unspecified, right eye | 
Extraocular muscle entrapment, unspecified, left eye | 
Inferior oblique muscle entrapment, left eye | 
Inferior rectus muscle entrapment, unspecified eye | 
Medial rectus muscle entrapment, right eye | 
Medial rectus muscle entrapment, left eye | 
Superior rectus muscle entrapment, left eye | 
Extraocular muscle entrapment, unspecified, unspecified eye | 
Inferior oblique muscle entrapment, unspecified eye | 
Inferior rectus muscle entrapment, right eye | 
Lateral rectus muscle entrapment, unspecified eye | 
Superior oblique muscle entrapment, unspecified eye | 
Superior rectus muscle entrapment, right eye | 
Superior rectus muscle entrapment, unspecified eye"
44791721,"Foreign body sensation in eye",0,0,4,"Foreign body sensation, left eye | 
Foreign body sensation, bilateral eyes | 
Foreign body sensation, unspecified eye | 
Foreign body sensation, right eye"
